timestamp,signal,last_price,position_qty,position_avg,fees,open_orders,take_profits,stop_loss,bot_version,symbol
2025-09-27T13:42:06.843534,,,,,,[],[],,v1,ETHUSDT
2025-09-27T13:42:16.902453,,,,,,[],[],,v1,ETHUSDT
2025-09-27T13:45:27.394272+00:00,,,,,,[],[],,v1,ETHUSDT
2025-09-27T13:45:37.413850+00:00,,,,,,[],[],,v1,ETHUSDT
2025-09-27T13:45:47.435782+00:00,,,,,,[],[],,v1,ETHUSDT
2025-09-27T13:45:57.462159+00:00,,,,,,[],[],,v1,ETHUSDT
2025-09-27T13:46:07.517769+00:00,,,,,,[],[],,v1,ETHUSDT
2025-09-27T13:46:18.257509+00:00,,,,,,[],[],,v1,ETHUSDT
2025-09-27T13:46:28.288287+00:00,,,,,,[],[],,v1,ETHUSDT
2025-09-27T13:48:54.418942+00:00,,,,,,[],[],,v1,ETHUSDT
2025-09-27T13:49:04.425239+00:00,,,,,,[],[],,v1,ETHUSDT
2025-09-27T13:53:27.835745+00:00,"{'tipo': 'SOPORTE', 'precio': 3857.4, 'volumen': 741.809}",4018.13,0.0,0.0,0.0,[],[],,v1,ETHUSDT
2025-09-27T13:53:37.844712+00:00,"{'tipo': 'SOPORTE', 'precio': 3857.4, 'volumen': 3031.298}",4018.13,0.0,0.0,0.0,"[{""side"": ""BUY"", ""price"": ""4006.08"", ""qty"": ""0.024"", ""reduceOnly"": false}, {""side"": ""BUY"", ""price"": ""3969.91"", ""qty"": ""0.025"", ""reduceOnly"": false}, {""side"": ""BUY"", ""price"": ""3885.53"", ""qty"": ""0.025"", ""reduceOnly"": false}, {""side"": ""BUY"", ""price"": ""3957.86"", ""qty"": ""0.025"", ""reduceOnly"": false}, {""side"": ""BUY"", ""price"": ""3994.02"", ""qty"": ""0.025"", ""reduceOnly"": false}, {""side"": ""BUY"", ""price"": ""3873.48"", ""qty"": ""0.025"", ""reduceOnly"": false}, {""side"": ""BUY"", ""price"": ""3945.80"", ""qty"": ""0.025"", ""reduceOnly"": false}, {""side"": ""BUY"", ""price"": ""3909.64"", ""qty"": ""0.025"", ""reduceOnly"": false}, {""side"": ""BUY"", ""price"": ""3801.15"", ""qty"": ""0.026"", ""reduceOnly"": false}, {""side"": ""BUY"", ""price"": ""3897.59"", ""qty"": ""0.025"", ""reduceOnly"": false}, {""side"": ""BUY"", ""price"": ""3921.69"", ""qty"": ""0.025"", ""reduceOnly"": false}, {""side"": ""BUY"", ""price"": ""3813.21"", ""qty"": ""0.026"", ""reduceOnly"": false}, {""side"": ""BUY"", ""price"": ""3789.10"", ""qty"": ""0.026"", ""reduceOnly"": false}, {""side"": ""BUY"", ""price"": ""3861.42"", ""qty"": ""0.025"", ""reduceOnly"": false}, {""side"": ""BUY"", ""price"": ""3837.31"", ""qty"": ""0.026"", ""reduceOnly"": false}, {""side"": ""BUY"", ""price"": ""3981.97"", ""qty"": ""0.025"", ""reduceOnly"": false}, {""side"": ""BUY"", ""price"": ""3933.75"", ""qty"": ""0.025"", ""reduceOnly"": false}, {""side"": ""BUY"", ""price"": ""3849.37"", ""qty"": ""0.025"", ""reduceOnly"": false}, {""side"": ""BUY"", ""price"": ""3825.26"", ""qty"": ""0.026"", ""reduceOnly"": false}]",[],,v1,ETHUSDT
2025-09-27T13:53:47.862465+00:00,"{'tipo': 'SOPORTE', 'precio': 200.0, 'volumen': 107.06200000000001}",4017.64,0.0,0.0,0.0,"[{""side"": ""BUY"", ""price"": ""4006.08"", ""qty"": ""0.024"", ""reduceOnly"": false}, {""side"": ""BUY"", ""price"": ""3969.91"", ""qty"": ""0.025"", ""reduceOnly"": false}, {""side"": ""BUY"", ""price"": ""3885.53"", ""qty"": ""0.025"", ""reduceOnly"": false}, {""side"": ""BUY"", ""price"": ""3957.86"", ""qty"": ""0.025"", ""reduceOnly"": false}, {""side"": ""BUY"", ""price"": ""3994.02"", ""qty"": ""0.025"", ""reduceOnly"": false}, {""side"": ""BUY"", ""price"": ""3873.48"", ""qty"": ""0.025"", ""reduceOnly"": false}, {""side"": ""BUY"", ""price"": ""3945.80"", ""qty"": ""0.025"", ""reduceOnly"": false}, {""side"": ""BUY"", ""price"": ""3909.64"", ""qty"": ""0.025"", ""reduceOnly"": false}, {""side"": ""BUY"", ""price"": ""3801.15"", ""qty"": ""0.026"", ""reduceOnly"": false}, {""side"": ""BUY"", ""price"": ""3897.59"", ""qty"": ""0.025"", ""reduceOnly"": false}, {""side"": ""BUY"", ""price"": ""3921.69"", ""qty"": ""0.025"", ""reduceOnly"": false}, {""side"": ""BUY"", ""price"": ""3813.21"", ""qty"": ""0.026"", ""reduceOnly"": false}, {""side"": ""BUY"", ""price"": ""3789.10"", ""qty"": ""0.026"", ""reduceOnly"": false}, {""side"": ""BUY"", ""price"": ""3861.42"", ""qty"": ""0.025"", ""reduceOnly"": false}, {""side"": ""BUY"", ""price"": ""3837.31"", ""qty"": ""0.026"", ""reduceOnly"": false}, {""side"": ""BUY"", ""price"": ""3981.97"", ""qty"": ""0.025"", ""reduceOnly"": false}, {""side"": ""BUY"", ""price"": ""3933.75"", ""qty"": ""0.025"", ""reduceOnly"": false}, {""side"": ""BUY"", ""price"": ""3849.37"", ""qty"": ""0.025"", ""reduceOnly"": false}, {""side"": ""BUY"", ""price"": ""3825.26"", ""qty"": ""0.026"", ""reduceOnly"": false}]",[],,v1,ETHUSDT
2025-09-27T13:53:57.890380+00:00,"{'tipo': 'SOPORTE', 'precio': 3000.0, 'volumen': 1526.658}",4017.65,0.0,0.0,0.0,"[{""side"": ""BUY"", ""price"": ""4006.08"", ""qty"": ""0.024"", ""reduceOnly"": false}, {""side"": ""BUY"", ""price"": ""3969.91"", ""qty"": ""0.025"", ""reduceOnly"": false}, {""side"": ""BUY"", ""price"": ""3885.53"", ""qty"": ""0.025"", ""reduceOnly"": false}, {""side"": ""BUY"", ""price"": ""3957.86"", ""qty"": ""0.025"", ""reduceOnly"": false}, {""side"": ""BUY"", ""price"": ""3994.02"", ""qty"": ""0.025"", ""reduceOnly"": false}, {""side"": ""BUY"", ""price"": ""3873.48"", ""qty"": ""0.025"", ""reduceOnly"": false}, {""side"": ""BUY"", ""price"": ""3945.80"", ""qty"": ""0.025"", ""reduceOnly"": false}, {""side"": ""BUY"", ""price"": ""3909.64"", ""qty"": ""0.025"", ""reduceOnly"": false}, {""side"": ""BUY"", ""price"": ""3801.15"", ""qty"": ""0.026"", ""reduceOnly"": false}, {""side"": ""BUY"", ""price"": ""3897.59"", ""qty"": ""0.025"", ""reduceOnly"": false}, {""side"": ""BUY"", ""price"": ""3921.69"", ""qty"": ""0.025"", ""reduceOnly"": false}, {""side"": ""BUY"", ""price"": ""3813.21"", ""qty"": ""0.026"", ""reduceOnly"": false}, {""side"": ""BUY"", ""price"": ""3789.10"", ""qty"": ""0.026"", ""reduceOnly"": false}, {""side"": ""BUY"", ""price"": ""3861.42"", ""qty"": ""0.025"", ""reduceOnly"": false}, {""side"": ""BUY"", ""price"": ""3837.31"", ""qty"": ""0.026"", ""reduceOnly"": false}, {""side"": ""BUY"", ""price"": ""3981.97"", ""qty"": ""0.025"", ""reduceOnly"": false}, {""side"": ""BUY"", ""price"": ""3933.75"", ""qty"": ""0.025"", ""reduceOnly"": false}, {""side"": ""BUY"", ""price"": ""3849.37"", ""qty"": ""0.025"", ""reduceOnly"": false}, {""side"": ""BUY"", ""price"": ""3825.26"", ""qty"": ""0.026"", ""reduceOnly"": false}]",[],,v1,ETHUSDT
2025-09-27T13:54:07.885834+00:00,"{'tipo': 'SOPORTE', 'precio': 200.0, 'volumen': 120.20199999999998}",4017.65,0.0,0.0,0.0,"[{""side"": ""BUY"", ""price"": ""4006.08"", ""qty"": ""0.024"", ""reduceOnly"": false}, {""side"": ""BUY"", ""price"": ""3969.91"", ""qty"": ""0.025"", ""reduceOnly"": false}, {""side"": ""BUY"", ""price"": ""3885.53"", ""qty"": ""0.025"", ""reduceOnly"": false}, {""side"": ""BUY"", ""price"": ""3957.86"", ""qty"": ""0.025"", ""reduceOnly"": false}, {""side"": ""BUY"", ""price"": ""3994.02"", ""qty"": ""0.025"", ""reduceOnly"": false}, {""side"": ""BUY"", ""price"": ""3873.48"", ""qty"": ""0.025"", ""reduceOnly"": false}, {""side"": ""BUY"", ""price"": ""3945.80"", ""qty"": ""0.025"", ""reduceOnly"": false}, {""side"": ""BUY"", ""price"": ""3909.64"", ""qty"": ""0.025"", ""reduceOnly"": false}, {""side"": ""BUY"", ""price"": ""3801.15"", ""qty"": ""0.026"", ""reduceOnly"": false}, {""side"": ""BUY"", ""price"": ""3897.59"", ""qty"": ""0.025"", ""reduceOnly"": false}, {""side"": ""BUY"", ""price"": ""3921.69"", ""qty"": ""0.025"", ""reduceOnly"": false}, {""side"": ""BUY"", ""price"": ""3813.21"", ""qty"": ""0.026"", ""reduceOnly"": false}, {""side"": ""BUY"", ""price"": ""3789.10"", ""qty"": ""0.026"", ""reduceOnly"": false}, {""side"": ""BUY"", ""price"": ""3861.42"", ""qty"": ""0.025"", ""reduceOnly"": false}, {""side"": ""BUY"", ""price"": ""3837.31"", ""qty"": ""0.026"", ""reduceOnly"": false}, {""side"": ""BUY"", ""price"": ""3981.97"", ""qty"": ""0.025"", ""reduceOnly"": false}, {""side"": ""BUY"", ""price"": ""3933.75"", ""qty"": ""0.025"", ""reduceOnly"": false}, {""side"": ""BUY"", ""price"": ""3849.37"", ""qty"": ""0.025"", ""reduceOnly"": false}, {""side"": ""BUY"", ""price"": ""3825.26"", ""qty"": ""0.026"", ""reduceOnly"": false}]",[],,v1,ETHUSDT
2025-09-27T13:54:17.912985+00:00,"{'tipo': 'SOPORTE', 'precio': 200.0, 'volumen': 1541.9499999999998}",4017.77,0.0,0.0,0.0,"[{""side"": ""BUY"", ""price"": ""4006.08"", ""qty"": ""0.024"", ""reduceOnly"": false}, {""side"": ""BUY"", ""price"": ""3969.91"", ""qty"": ""0.025"", ""reduceOnly"": false}, {""side"": ""BUY"", ""price"": ""3885.53"", ""qty"": ""0.025"", ""reduceOnly"": false}, {""side"": ""BUY"", ""price"": ""3957.86"", ""qty"": ""0.025"", ""reduceOnly"": false}, {""side"": ""BUY"", ""price"": ""3994.02"", ""qty"": ""0.025"", ""reduceOnly"": false}, {""side"": ""BUY"", ""price"": ""3873.48"", ""qty"": ""0.025"", ""reduceOnly"": false}, {""side"": ""BUY"", ""price"": ""3945.80"", ""qty"": ""0.025"", ""reduceOnly"": false}, {""side"": ""BUY"", ""price"": ""3909.64"", ""qty"": ""0.025"", ""reduceOnly"": false}, {""side"": ""BUY"", ""price"": ""3801.15"", ""qty"": ""0.026"", ""reduceOnly"": false}, {""side"": ""BUY"", ""price"": ""3897.59"", ""qty"": ""0.025"", ""reduceOnly"": false}, {""side"": ""BUY"", ""price"": ""3921.69"", ""qty"": ""0.025"", ""reduceOnly"": false}, {""side"": ""BUY"", ""price"": ""3813.21"", ""qty"": ""0.026"", ""reduceOnly"": false}, {""side"": ""BUY"", ""price"": ""3789.10"", ""qty"": ""0.026"", ""reduceOnly"": false}, {""side"": ""BUY"", ""price"": ""3861.42"", ""qty"": ""0.025"", ""reduceOnly"": false}, {""side"": ""BUY"", ""price"": ""3837.31"", ""qty"": ""0.026"", ""reduceOnly"": false}, {""side"": ""BUY"", ""price"": ""3981.97"", ""qty"": ""0.025"", ""reduceOnly"": false}, {""side"": ""BUY"", ""price"": ""3933.75"", ""qty"": ""0.025"", ""reduceOnly"": false}, {""side"": ""BUY"", ""price"": ""3849.37"", ""qty"": ""0.025"", ""reduceOnly"": false}, {""side"": ""BUY"", ""price"": ""3825.26"", ""qty"": ""0.026"", ""reduceOnly"": false}]",[],,v1,ETHUSDT
2025-09-27T13:55:33.336025+00:00,,4018.7,0.0,0.0,0.0,"[{""side"": ""BUY"", ""price"": ""4006.08"", ""qty"": ""0.024"", ""reduceOnly"": false}, {""side"": ""BUY"", ""price"": ""3969.91"", ""qty"": ""0.025"", ""reduceOnly"": false}, {""side"": ""BUY"", ""price"": ""3885.53"", ""qty"": ""0.025"", ""reduceOnly"": false}, {""side"": ""BUY"", ""price"": ""3957.86"", ""qty"": ""0.025"", ""reduceOnly"": false}, {""side"": ""BUY"", ""price"": ""3994.02"", ""qty"": ""0.025"", ""reduceOnly"": false}, {""side"": ""BUY"", ""price"": ""3873.48"", ""qty"": ""0.025"", ""reduceOnly"": false}, {""side"": ""BUY"", ""price"": ""3945.80"", ""qty"": ""0.025"", ""reduceOnly"": false}, {""side"": ""BUY"", ""price"": ""3909.64"", ""qty"": ""0.025"", ""reduceOnly"": false}, {""side"": ""BUY"", ""price"": ""3801.15"", ""qty"": ""0.026"", ""reduceOnly"": false}, {""side"": ""BUY"", ""price"": ""3897.59"", ""qty"": ""0.025"", ""reduceOnly"": false}, {""side"": ""BUY"", ""price"": ""3921.69"", ""qty"": ""0.025"", ""reduceOnly"": false}, {""side"": ""BUY"", ""price"": ""3813.21"", ""qty"": ""0.026"", ""reduceOnly"": false}, {""side"": ""BUY"", ""price"": ""3789.10"", ""qty"": ""0.026"", ""reduceOnly"": false}, {""side"": ""BUY"", ""price"": ""3861.42"", ""qty"": ""0.025"", ""reduceOnly"": false}, {""side"": ""BUY"", ""price"": ""3837.31"", ""qty"": ""0.026"", ""reduceOnly"": false}, {""side"": ""BUY"", ""price"": ""3981.97"", ""qty"": ""0.025"", ""reduceOnly"": false}, {""side"": ""BUY"", ""price"": ""3933.75"", ""qty"": ""0.025"", ""reduceOnly"": false}, {""side"": ""BUY"", ""price"": ""3849.37"", ""qty"": ""0.025"", ""reduceOnly"": false}, {""side"": ""BUY"", ""price"": ""3825.26"", ""qty"": ""0.026"", ""reduceOnly"": false}]",[],,v1,ETHUSDT
2025-09-27T13:55:43.357790+00:00,"{'tipo': 'SOPORTE', 'precio': 200.0, 'volumen': 1581.831}",4018.1,0.0,0.0,0.0,"[{""side"": ""BUY"", ""price"": ""4006.08"", ""qty"": ""0.024"", ""reduceOnly"": false}, {""side"": ""BUY"", ""price"": ""3969.91"", ""qty"": ""0.025"", ""reduceOnly"": false}, {""side"": ""BUY"", ""price"": ""3885.53"", ""qty"": ""0.025"", ""reduceOnly"": false}, {""side"": ""BUY"", ""price"": ""3957.86"", ""qty"": ""0.025"", ""reduceOnly"": false}, {""side"": ""BUY"", ""price"": ""3994.02"", ""qty"": ""0.025"", ""reduceOnly"": false}, {""side"": ""BUY"", ""price"": ""3873.48"", ""qty"": ""0.025"", ""reduceOnly"": false}, {""side"": ""BUY"", ""price"": ""3945.80"", ""qty"": ""0.025"", ""reduceOnly"": false}, {""side"": ""BUY"", ""price"": ""3909.64"", ""qty"": ""0.025"", ""reduceOnly"": false}, {""side"": ""BUY"", ""price"": ""3801.15"", ""qty"": ""0.026"", ""reduceOnly"": false}, {""side"": ""BUY"", ""price"": ""3897.59"", ""qty"": ""0.025"", ""reduceOnly"": false}, {""side"": ""BUY"", ""price"": ""3921.69"", ""qty"": ""0.025"", ""reduceOnly"": false}, {""side"": ""BUY"", ""price"": ""3813.21"", ""qty"": ""0.026"", ""reduceOnly"": false}, {""side"": ""BUY"", ""price"": ""3789.10"", ""qty"": ""0.026"", ""reduceOnly"": false}, {""side"": ""BUY"", ""price"": ""3861.42"", ""qty"": ""0.025"", ""reduceOnly"": false}, {""side"": ""BUY"", ""price"": ""3837.31"", ""qty"": ""0.026"", ""reduceOnly"": false}, {""side"": ""BUY"", ""price"": ""3981.97"", ""qty"": ""0.025"", ""reduceOnly"": false}, {""side"": ""BUY"", ""price"": ""3933.75"", ""qty"": ""0.025"", ""reduceOnly"": false}, {""side"": ""BUY"", ""price"": ""3849.37"", ""qty"": ""0.025"", ""reduceOnly"": false}, {""side"": ""BUY"", ""price"": ""3825.26"", ""qty"": ""0.026"", ""reduceOnly"": false}]",[],,v1,ETHUSDT
2025-09-27T13:55:53.405311+00:00,"{'tipo': 'SOPORTE', 'precio': 200.0, 'volumen': 1535.865}",4018.1,0.0,0.0,0.0,[],[],,v1,ETHUSDT
2025-09-27T13:56:03.471522+00:00,DUMP,0.0,0.0,0.0,0.0,"[{""side"": ""BUY"", ""price"": ""4015.69"", ""qty"": ""0.024"", ""reduceOnly"": false}, {""side"": ""BUY"", ""price"": ""4016.89"", ""qty"": ""0.024"", ""reduceOnly"": false}]",[],,v1,ETHUSDT
2025-09-27T13:56:13.573970+00:00,"{'tipo': 'SOPORTE', 'precio': 3948.48, 'volumen': 117.866}",4018.57,0.0,0.0,0.0,"[{""side"": ""BUY"", ""price"": ""4015.69"", ""qty"": ""0.024"", ""reduceOnly"": false}, {""side"": ""BUY"", ""price"": ""4016.89"", ""qty"": ""0.024"", ""reduceOnly"": false}]",[],,v1,ETHUSDT
2025-09-27T13:56:23.594544+00:00,"{'tipo': 'SOPORTE', 'precio': 200.0, 'volumen': 282.26}",0.0,0.0,0.0,0.0,"[{""side"": ""BUY"", ""price"": ""4017.36"", ""qty"": ""0.024"", ""reduceOnly"": false}, {""side"": ""BUY"", ""price"": ""4015.69"", ""qty"": ""0.024"", ""reduceOnly"": false}, {""side"": ""BUY"", ""price"": ""4016.89"", ""qty"": ""0.024"", ""reduceOnly"": false}, {""side"": ""BUY"", ""price"": ""4016.16"", ""qty"": ""0.024"", ""reduceOnly"": false}]",[],,v1,ETHUSDT
2025-09-27T13:56:33.630516+00:00,"{'tipo': 'SOPORTE', 'precio': 3000.0, 'volumen': 1507.634}",4019.26,0.0,0.0,0.0,"[{""side"": ""BUY"", ""price"": ""4017.36"", ""qty"": ""0.024"", ""reduceOnly"": false}, {""side"": ""BUY"", ""price"": ""4015.69"", ""qty"": ""0.024"", ""reduceOnly"": false}, {""side"": ""BUY"", ""price"": ""4016.89"", ""qty"": ""0.024"", ""reduceOnly"": false}, {""side"": ""BUY"", ""price"": ""4016.16"", ""qty"": ""0.024"", ""reduceOnly"": false}]",[],,v1,ETHUSDT
2025-09-27T13:56:43.942310+00:00,"{'tipo': 'SOPORTE', 'precio': 200.0, 'volumen': 1581.6570000000002}",4019.13,0.0,0.0,0.0,"[{""side"": ""BUY"", ""price"": ""4018.05"", ""qty"": ""0.024"", ""reduceOnly"": false}, {""side"": ""BUY"", ""price"": ""4017.36"", ""qty"": ""0.024"", ""reduceOnly"": false}, {""side"": ""BUY"", ""price"": ""4016.85"", ""qty"": ""0.024"", ""reduceOnly"": false}, {""side"": ""BUY"", ""price"": ""4015.69"", ""qty"": ""0.024"", ""reduceOnly"": false}, {""side"": ""BUY"", ""price"": ""4016.89"", ""qty"": ""0.024"", ""reduceOnly"": false}, {""side"": ""BUY"", ""price"": ""4016.16"", ""qty"": ""0.024"", ""reduceOnly"": false}]",[],,v1,ETHUSDT
2025-09-27T14:13:28.135506+00:00,,4022.87,0.0,0.0,0.0,[],[],,v1,ETHUSDT
2025-09-27T14:13:38.135623+00:00,"{'tipo': 'SOPORTE', 'precio': 200.0, 'volumen': 1518.073}",4023.2,0.0,0.0,0.0,"[{""side"": ""BUY"", ""price"": ""3999.54"", ""qty"": ""0.025"", ""reduceOnly"": false}, {""side"": ""BUY"", ""price"": ""4011.20"", ""qty"": ""0.024"", ""reduceOnly"": false}]",[],,v1,ETHUSDT
2025-09-27T14:13:48.153223+00:00,"{'tipo': 'SOPORTE', 'precio': 200.0, 'volumen': 1549.543}",4023.35,0.0,0.0,0.0,"[{""side"": ""BUY"", ""price"": ""4020.79"", ""qty"": ""0.024"", ""reduceOnly"": false}, {""side"": ""BUY"", ""price"": ""3999.54"", ""qty"": ""0.025"", ""reduceOnly"": false}, {""side"": ""BUY"", ""price"": ""4021.99"", ""qty"": ""0.024"", ""reduceOnly"": false}, {""side"": ""BUY"", ""price"": ""4011.20"", ""qty"": ""0.024"", ""reduceOnly"": false}]",[],,v1,ETHUSDT
2025-09-27T14:14:32.518875+00:00,"{'tipo': 'SOPORTE', 'precio': 3830.75, 'volumen': 134.731}",4022.3,0.0,0.0,0.0,[],[],,v1,ETHUSDT
2025-09-27T14:14:42.597612+00:00,"{'tipo': 'SOPORTE', 'precio': 3830.75, 'volumen': 207.391}",4022.29,0.0,0.0,0.0,"[{""side"": ""BUY"", ""price"": ""4021.09"", ""qty"": ""0.024"", ""reduceOnly"": false}, {""side"": ""BUY"", ""price"": ""4019.89"", ""qty"": ""0.024"", ""reduceOnly"": false}]",[],,v1,ETHUSDT
2025-09-27T14:14:52.628152+00:00,"{'tipo': 'SOPORTE', 'precio': 200.0, 'volumen': 2434.535}",4022.0,0.0,0.0,0.0,"[{""side"": ""BUY"", ""price"": ""4021.09"", ""qty"": ""0.024"", ""reduceOnly"": false}, {""side"": ""BUY"", ""price"": ""4019.88"", ""qty"": ""0.024"", ""reduceOnly"": false}, {""side"": ""BUY"", ""price"": ""4021.08"", ""qty"": ""0.024"", ""reduceOnly"": false}, {""side"": ""BUY"", ""price"": ""4019.89"", ""qty"": ""0.024"", ""reduceOnly"": false}]",[],,v1,ETHUSDT
2025-09-27T14:17:17.014971+00:00,,4020.49,0.0,0.0,0.0,[],[],,v1,ETHUSDT
2025-09-27T14:17:27.044860+00:00,"{'tipo': 'SOPORTE', 'precio': 3980.0, 'volumen': 1133.9470000000001}",4020.33,0.0,0.0,0.0,"[{""side"": ""BUY"", ""price"": ""4008.83"", ""qty"": ""0.024"", ""reduceOnly"": false}, {""side"": ""BUY"", ""price"": ""3997.17"", ""qty"": ""0.025"", ""reduceOnly"": false}]",[],,v1,ETHUSDT
2025-09-27T14:21:26.686391+00:00,"{'tipo': 'SOPORTE', 'precio': 200.0, 'volumen': 554.1529999999999}",4018.4,0.0,0.0,0.0,[],[],,v1,ETHUSDT
2025-09-27T14:21:36.701609+00:00,DUMP,4017.5,0.0,0.0,0.0,"[{""side"": ""BUY"", ""price"": ""4015.99"", ""qty"": ""0.024"", ""reduceOnly"": false}, {""side"": ""BUY"", ""price"": ""4017.19"", ""qty"": ""0.024"", ""reduceOnly"": false}]",[],,v1,ETHUSDT
2025-09-27T14:21:46.720308+00:00,"{'tipo': 'SOPORTE', 'precio': 200.0, 'volumen': 101.01}",4017.5,0.0,0.0,0.0,"[{""side"": ""BUY"", ""price"": ""3995.40"", ""qty"": ""0.025"", ""reduceOnly"": false}, {""side"": ""BUY"", ""price"": ""3973.31"", ""qty"": ""0.025"", ""reduceOnly"": false}]",[],,v1,ETHUSDT
2025-09-27T14:21:56.761522+00:00,"{'tipo': 'SOPORTE', 'precio': 200.0, 'volumen': 1507.487}",4017.83,0.0,0.0,0.0,"[{""side"": ""BUY"", ""price"": ""4016.29"", ""qty"": ""0.024"", ""reduceOnly"": false}, {""side"": ""BUY"", ""price"": ""4015.09"", ""qty"": ""0.024"", ""reduceOnly"": false}]",[],,v1,ETHUSDT
2025-09-27T14:22:06.763056+00:00,DUMP,4017.27,0.0,0.0,0.0,"[{""side"": ""BUY"", ""price"": ""4015.42"", ""qty"": ""0.024"", ""reduceOnly"": false}, {""side"": ""BUY"", ""price"": ""4016.62"", ""qty"": ""0.024"", ""reduceOnly"": false}]",[],,v1,ETHUSDT
2025-09-27T14:22:16.765528+00:00,"{'tipo': 'SOPORTE', 'precio': 200.0, 'volumen': 1506.9989999999998}",4017.39,0.0,0.0,0.0,"[{""side"": ""BUY"", ""price"": ""3973.08"", ""qty"": ""0.025"", ""reduceOnly"": false}, {""side"": ""BUY"", ""price"": ""3995.18"", ""qty"": ""0.025"", ""reduceOnly"": false}]",[],,v1,ETHUSDT
2025-09-27T14:22:26.787193+00:00,"{'tipo': 'SOPORTE', 'precio': 200.0, 'volumen': 1510.969}",4017.33,0.0,0.0,0.0,"[{""side"": ""BUY"", ""price"": ""4014.98"", ""qty"": ""0.024"", ""reduceOnly"": false}, {""side"": ""BUY"", ""price"": ""4016.18"", ""qty"": ""0.024"", ""reduceOnly"": false}]",[],,v1,ETHUSDT
2025-09-27T14:22:36.793236+00:00,"{'tipo': 'SOPORTE', 'precio': 200.0, 'volumen': 2782.549}",4017.15,0.0,0.0,0.0,"[{""side"": ""BUY"", ""price"": ""4016.12"", ""qty"": ""0.024"", ""reduceOnly"": false}, {""side"": ""BUY"", ""price"": ""4014.92"", ""qty"": ""0.024"", ""reduceOnly"": false}]",[],,v1,ETHUSDT
2025-09-27T14:22:46.807583+00:00,"{'tipo': 'SOPORTE', 'precio': 200.0, 'volumen': 1514.0669999999998}",4017.34,0.0,0.0,0.0,"[{""side"": ""BUY"", ""price"": ""4014.74"", ""qty"": ""0.024"", ""reduceOnly"": false}, {""side"": ""BUY"", ""price"": ""4015.94"", ""qty"": ""0.024"", ""reduceOnly"": false}]",[],,v1,ETHUSDT
2025-09-27T14:22:56.826657+00:00,"{'tipo': 'SOPORTE', 'precio': 3000.0, 'volumen': 4666.868}",4017.72,0.0,0.0,0.0,"[{""side"": ""BUY"", ""price"": ""4014.93"", ""qty"": ""0.024"", ""reduceOnly"": false}, {""side"": ""BUY"", ""price"": ""4016.13"", ""qty"": ""0.024"", ""reduceOnly"": false}]",[],,v1,ETHUSDT
2025-09-27T14:23:12.431075+00:00,,4017.36,0.0,0.0,0.0,"[{""side"": ""BUY"", ""price"": ""4015.31"", ""qty"": ""0.024"", ""reduceOnly"": false}, {""side"": ""BUY"", ""price"": ""4016.51"", ""qty"": ""0.024"", ""reduceOnly"": false}]",[],,v1,ETHUSDT
2025-09-27T14:23:42.527807+00:00,DUMP,4015.61,0.0,0.0,0.0,"[{""side"": ""BUY"", ""price"": ""4005.31"", ""qty"": ""0.024"", ""reduceOnly"": false}, {""side"": ""BUY"", ""price"": ""3997.27"", ""qty"": ""0.025"", ""reduceOnly"": false}, {""side"": ""BUY"", ""price"": ""3993.26"", ""qty"": ""0.025"", ""reduceOnly"": false}, {""side"": ""BUY"", ""price"": ""4001.29"", ""qty"": ""0.024"", ""reduceOnly"": false}, {""side"": ""BUY"", ""price"": ""4013.34"", ""qty"": ""0.024"", ""reduceOnly"": false}, {""side"": ""BUY"", ""price"": ""4009.33"", ""qty"": ""0.024"", ""reduceOnly"": false}, {""side"": ""BUY"", ""price"": ""3989.24"", ""qty"": ""0.025"", ""reduceOnly"": false}]",[],,v1,ETHUSDT
2025-09-27T14:24:12.555102+00:00,DUMP,4015.12,0.0,0.0,0.0,"[{""side"": ""BUY"", ""price"": ""4008.78"", ""qty"": ""0.024"", ""reduceOnly"": false}, {""side"": ""BUY"", ""price"": ""3981.48"", ""qty"": ""0.025"", ""reduceOnly"": false}, {""side"": ""BUY"", ""price"": ""3988.30"", ""qty"": ""0.025"", ""reduceOnly"": false}, {""side"": ""BUY"", ""price"": ""3995.13"", ""qty"": ""0.025"", ""reduceOnly"": false}, {""side"": ""BUY"", ""price"": ""3961"", ""qty"": ""0.025"", ""reduceOnly"": false}, {""side"": ""BUY"", ""price"": ""3974.65"", ""qty"": ""0.025"", ""reduceOnly"": false}, {""side"": ""BUY"", ""price"": ""4001.96"", ""qty"": ""0.024"", ""reduceOnly"": false}, {""side"": ""BUY"", ""price"": ""3967.82"", ""qty"": ""0.025"", ""reduceOnly"": false}]",[],,v1,ETHUSDT
2025-09-27T14:24:42.618735+00:00,"{'tipo': 'SOPORTE', 'precio': 200.0, 'volumen': 1519.06}",4015.68,0.0,0.0,0.0,"[{""side"": ""BUY"", ""price"": ""3980.99"", ""qty"": ""0.025"", ""reduceOnly"": false}, {""side"": ""BUY"", ""price"": ""4008.29"", ""qty"": ""0.024"", ""reduceOnly"": false}, {""side"": ""BUY"", ""price"": ""3974.17"", ""qty"": ""0.025"", ""reduceOnly"": false}, {""side"": ""BUY"", ""price"": ""3987.82"", ""qty"": ""0.025"", ""reduceOnly"": false}, {""side"": ""BUY"", ""price"": ""3960.51"", ""qty"": ""0.025"", ""reduceOnly"": false}, {""side"": ""BUY"", ""price"": ""4001.47"", ""qty"": ""0.024"", ""reduceOnly"": false}, {""side"": ""BUY"", ""price"": ""3994.64"", ""qty"": ""0.025"", ""reduceOnly"": false}, {""side"": ""BUY"", ""price"": ""3967.34"", ""qty"": ""0.025"", ""reduceOnly"": false}]",[],,v1,ETHUSDT
2025-09-27T14:25:12.633104+00:00,"{'tipo': 'SOPORTE', 'precio': 200.0, 'volumen': 1515.218}",4016.87,0.0,0.0,0.0,"[{""side"": ""BUY"", ""price"": ""4014.48"", ""qty"": ""0.024"", ""reduceOnly"": false}, {""side"": ""BUY"", ""price"": ""4013.27"", ""qty"": ""0.024"", ""reduceOnly"": false}]",[],,v1,ETHUSDT
2025-09-27T14:25:50.424495+00:00,,4018.23,0.0,0.0,0.0,"[{""side"": ""BUY"", ""price"": ""4015.66"", ""qty"": ""0.024"", ""reduceOnly"": false}, {""side"": ""BUY"", ""price"": ""4014.46"", ""qty"": ""0.024"", ""reduceOnly"": false}]",[],,v1,ETHUSDT
2025-09-27T14:25:55.498573+00:00,"{'tipo': 'SOPORTE', 'precio': 3616.4, 'volumen': 183.96099999999998}",4018.22,0.0,0.0,0.0,"[{""side"": ""BUY"", ""price"": ""4008.99"", ""qty"": ""0.024"", ""reduceOnly"": false}, {""side"": ""BUY"", ""price"": ""3999.75"", ""qty"": ""0.025"", ""reduceOnly"": false}, {""side"": ""BUY"", ""price"": ""4004.37"", ""qty"": ""0.024"", ""reduceOnly"": false}, {""side"": ""BUY"", ""price"": ""4013.61"", ""qty"": ""0.024"", ""reduceOnly"": false}]",[],,v1,ETHUSDT
2025-09-27T14:26:00.582881+00:00,"{'tipo': 'SOPORTE', 'precio': 200.0, 'volumen': 2617.7290000000003}",4018.23,0.0,0.0,0.0,"[{""side"": ""BUY"", ""price"": ""4015.81"", ""qty"": ""0.024"", ""reduceOnly"": false}]",[],,v1,ETHUSDT
2025-09-27T14:26:05.597104+00:00,"{'tipo': 'SOPORTE', 'precio': 200.0, 'volumen': 341.972}",4018.23,0.0,0.0,0.0,"[{""side"": ""BUY"", ""price"": ""4015.82"", ""qty"": ""0.024"", ""reduceOnly"": false}]",[],,v1,ETHUSDT
2025-09-27T14:26:10.644612+00:00,"{'tipo': 'SOPORTE', 'precio': 200.0, 'volumen': 193.789}",4018.23,0.0,0.0,0.0,"[{""side"": ""BUY"", ""price"": ""4015.82"", ""qty"": ""0.024"", ""reduceOnly"": false}]",[],,v1,ETHUSDT
2025-09-27T14:26:15.647062+00:00,"{'tipo': 'SOPORTE', 'precio': 3941.38, 'volumen': 701.624}",4018.72,0.0,0.0,0.0,"[{""side"": ""BUY"", ""price"": ""4015.82"", ""qty"": ""0.024"", ""reduceOnly"": false}]",[],,v1,ETHUSDT
2025-09-27T14:27:07.188706+00:00,"{'tipo': 'SOPORTE', 'precio': 200.0, 'volumen': 1541.5659999999998}",4017.54,0.0,0.0,0.0,"[{""side"": ""BUY"", ""price"": ""4016.31"", ""qty"": ""0.024"", ""reduceOnly"": false}]",[],,v1,ETHUSDT
2025-09-27T14:27:37.215009+00:00,DUMP,4016.71,0.0,0.0,0.0,"[{""side"": ""BUY"", ""price"": ""4015.13"", ""qty"": ""0.024"", ""reduceOnly"": false}]",[],,v1,ETHUSDT
2025-09-27T14:28:07.207051+00:00,"{'tipo': 'SOPORTE', 'precio': 3000.0, 'volumen': 1874.362}",4016.71,0.0,0.0,0.0,"[{""side"": ""BUY"", ""price"": ""4003.05"", ""qty"": ""0.024"", ""reduceOnly"": false}, {""side"": ""BUY"", ""price"": ""3982.57"", ""qty"": ""0.025"", ""reduceOnly"": false}, {""side"": ""BUY"", ""price"": ""3989.40"", ""qty"": ""0.025"", ""reduceOnly"": false}, {""side"": ""BUY"", ""price"": ""3996.22"", ""qty"": ""0.025"", ""reduceOnly"": false}, {""side"": ""BUY"", ""price"": ""4009.88"", ""qty"": ""0.024"", ""reduceOnly"": false}]",[],,v1,ETHUSDT
2025-09-27T14:28:37.293378+00:00,"{'tipo': 'SOPORTE', 'precio': 200.0, 'volumen': 112.45599999999999}",4016.71,0.0,0.0,0.0,"[{""side"": ""BUY"", ""price"": ""4014.30"", ""qty"": ""0.024"", ""reduceOnly"": false}]",[],,v1,ETHUSDT
2025-09-27T14:29:07.359907+00:00,"{'tipo': 'SOPORTE', 'precio': 3856.43, 'volumen': 385.514}",4017.12,0.0,0.0,0.0,"[{""side"": ""BUY"", ""price"": ""4014.30"", ""qty"": ""0.024"", ""reduceOnly"": false}]",[],,v1,ETHUSDT
2025-09-27T14:29:37.408634+00:00,"{'tipo': 'SOPORTE', 'precio': 3000.0, 'volumen': 2472.7210000000005}",4017.51,0.0,0.0,0.0,"[{""side"": ""BUY"", ""price"": ""4014.71"", ""qty"": ""0.024"", ""reduceOnly"": false}]",[],,v1,ETHUSDT
2025-09-27T14:30:07.409917+00:00,"{'tipo': 'SOPORTE', 'precio': 200.0, 'volumen': 1698.013}",4017.47,0.0,0.0,0.0,"[{""side"": ""BUY"", ""price"": ""4015.10"", ""qty"": ""0.024"", ""reduceOnly"": false}]",[],,v1,ETHUSDT
2025-09-27T14:30:37.449625+00:00,DUMP,4016.02,0.0,0.0,0.0,"[{""side"": ""BUY"", ""price"": ""4015.06"", ""qty"": ""0.024"", ""reduceOnly"": false}]",[],,v1,ETHUSDT
2025-09-27T14:31:07.441597+00:00,"{'tipo': 'SOPORTE', 'precio': 200.0, 'volumen': 499.76}",4016.68,0.0,0.0,0.0,"[{""side"": ""BUY"", ""price"": ""3981.88"", ""qty"": ""0.025"", ""reduceOnly"": false}, {""side"": ""BUY"", ""price"": ""3995.54"", ""qty"": ""0.025"", ""reduceOnly"": false}, {""side"": ""BUY"", ""price"": ""4002.37"", ""qty"": ""0.024"", ""reduceOnly"": false}, {""side"": ""BUY"", ""price"": ""4009.19"", ""qty"": ""0.024"", ""reduceOnly"": false}, {""side"": ""BUY"", ""price"": ""3988.71"", ""qty"": ""0.025"", ""reduceOnly"": false}]",[],,v1,ETHUSDT
2025-09-27T14:31:37.458841+00:00,"{'tipo': 'SOPORTE', 'precio': 200.0, 'volumen': 122.686}",4017.52,0.0,0.0,0.0,"[{""side"": ""BUY"", ""price"": ""4014.27"", ""qty"": ""0.024"", ""reduceOnly"": false}]",[],,v1,ETHUSDT
2025-09-27T14:32:07.547021+00:00,"{'tipo': 'SOPORTE', 'precio': 200.0, 'volumen': 1522.6549999999997}",4018.17,0.0,0.0,0.0,"[{""side"": ""BUY"", ""price"": ""4015.11"", ""qty"": ""0.024"", ""reduceOnly"": false}]",[],,v1,ETHUSDT
2025-09-27T14:32:37.617082+00:00,"{'tipo': 'SOPORTE', 'precio': 200.0, 'volumen': 1643.2089999999998}",4019.45,0.0,0.0,0.0,"[{""side"": ""BUY"", ""price"": ""4015.76"", ""qty"": ""0.024"", ""reduceOnly"": false}]",[],,v1,ETHUSDT
2025-09-27T14:33:07.605011+00:00,DUMP,4019.21,0.0,0.0,0.0,"[{""side"": ""BUY"", ""price"": ""4017.04"", ""qty"": ""0.024"", ""reduceOnly"": false}]",[],,v1,ETHUSDT
2025-09-27T14:33:37.642832+00:00,"{'tipo': 'SOPORTE', 'precio': 3905.0, 'volumen': 679.8829999999999}",4019.99,0.0,0.0,0.0,"[{""side"": ""BUY"", ""price"": ""4005.54"", ""qty"": ""0.024"", ""reduceOnly"": false}, {""side"": ""BUY"", ""price"": ""3998.71"", ""qty"": ""0.025"", ""reduceOnly"": false}, {""side"": ""BUY"", ""price"": ""3991.88"", ""qty"": ""0.025"", ""reduceOnly"": false}, {""side"": ""BUY"", ""price"": ""3985.05"", ""qty"": ""0.025"", ""reduceOnly"": false}, {""side"": ""BUY"", ""price"": ""4012.38"", ""qty"": ""0.024"", ""reduceOnly"": false}]",[],,v1,ETHUSDT
2025-09-27T14:34:07.700124+00:00,DUMP,4018.57,0.0,0.0,0.0,"[{""side"": ""BUY"", ""price"": ""4017.58"", ""qty"": ""0.024"", ""reduceOnly"": false}]",[],,v1,ETHUSDT
2025-09-27T14:34:37.703627+00:00,"{'tipo': 'SOPORTE', 'precio': 3000.0, 'volumen': 1629.813}",4018.69,0.0,0.0,0.0,"[{""side"": ""BUY"", ""price"": ""3998.08"", ""qty"": ""0.025"", ""reduceOnly"": false}, {""side"": ""BUY"", ""price"": ""4004.91"", ""qty"": ""0.024"", ""reduceOnly"": false}, {""side"": ""BUY"", ""price"": ""4011.74"", ""qty"": ""0.024"", ""reduceOnly"": false}, {""side"": ""BUY"", ""price"": ""3984.41"", ""qty"": ""0.025"", ""reduceOnly"": false}, {""side"": ""BUY"", ""price"": ""3991.24"", ""qty"": ""0.025"", ""reduceOnly"": false}]",[],,v1,ETHUSDT
2025-09-27T14:35:07.769969+00:00,"{'tipo': 'SOPORTE', 'precio': 3816.0, 'volumen': 116.826}",4016.96,0.0,0.0,0.0,"[{""side"": ""BUY"", ""price"": ""4016.28"", ""qty"": ""0.024"", ""reduceOnly"": false}]",[],,v1,ETHUSDT
2025-09-27T14:35:37.839563+00:00,"{'tipo': 'SOPORTE', 'precio': 200.0, 'volumen': 1529.524}",4016.7,0.0,0.0,0.0,"[{""side"": ""BUY"", ""price"": ""4014.55"", ""qty"": ""0.024"", ""reduceOnly"": false}]",[],,v1,ETHUSDT
2025-09-27T14:36:07.856249+00:00,"{'tipo': 'SOPORTE', 'precio': 200.0, 'volumen': 1517.453}",4017.86,0.0,0.0,0.0,"[{""side"": ""BUY"", ""price"": ""4014.29"", ""qty"": ""0.024"", ""reduceOnly"": false}]",[],,v1,ETHUSDT
2025-09-27T14:36:37.884338+00:00,DUMP,4018.3,0.0,0.0,0.0,"[{""side"": ""BUY"", ""price"": ""4015.45"", ""qty"": ""0.024"", ""reduceOnly"": false}]",[],,v1,ETHUSDT
2025-09-27T14:37:07.907055+00:00,"{'tipo': 'SOPORTE', 'precio': 3000.0, 'volumen': 1518.368}",4018.99,0.0,0.0,0.0,"[{""side"": ""BUY"", ""price"": ""4004.64"", ""qty"": ""0.024"", ""reduceOnly"": false}, {""side"": ""BUY"", ""price"": ""3997.81"", ""qty"": ""0.025"", ""reduceOnly"": false}, {""side"": ""BUY"", ""price"": ""3984.14"", ""qty"": ""0.025"", ""reduceOnly"": false}, {""side"": ""BUY"", ""price"": ""3990.98"", ""qty"": ""0.025"", ""reduceOnly"": false}, {""side"": ""BUY"", ""price"": ""4011.47"", ""qty"": ""0.024"", ""reduceOnly"": false}]",[],,v1,ETHUSDT
2025-09-27T14:37:37.928691+00:00,"{'tipo': 'SOPORTE', 'precio': 200.0, 'volumen': 9928.715000000002}",4020.0,0.0,0.0,0.0,"[{""side"": ""BUY"", ""price"": ""4016.58"", ""qty"": ""0.024"", ""reduceOnly"": false}]",[],,v1,ETHUSDT
2025-09-27T14:38:07.940227+00:00,"{'tipo': 'SOPORTE', 'precio': 200.0, 'volumen': 1519.658}",4020.25,0.0,0.0,0.0,"[{""side"": ""BUY"", ""price"": ""4017.59"", ""qty"": ""0.024"", ""reduceOnly"": false}]",[],,v1,ETHUSDT
2025-09-27T14:38:37.967267+00:00,"{'tipo': 'SOPORTE', 'precio': 200.0, 'volumen': 1507.1729999999998}",4019.38,0.0,0.0,0.0,"[{""side"": ""BUY"", ""price"": ""4017.84"", ""qty"": ""0.024"", ""reduceOnly"": false}]",[],,v1,ETHUSDT
2025-09-27T14:39:08.028483+00:00,"{'tipo': 'SOPORTE', 'precio': 200.0, 'volumen': 1554.006}",4019.5,0.0,0.0,0.0,"[{""side"": ""BUY"", ""price"": ""4016.97"", ""qty"": ""0.024"", ""reduceOnly"": false}]",[],,v1,ETHUSDT
2025-09-27T14:39:38.053959+00:00,"{'tipo': 'SOPORTE', 'precio': 4008.4, 'volumen': 230.616}",4020.77,0.0,0.0,0.0,"[{""side"": ""BUY"", ""price"": ""4017.09"", ""qty"": ""0.024"", ""reduceOnly"": false}]",[],,v1,ETHUSDT
2025-09-27T14:40:08.094464+00:00,DUMP,4020.84,0.0,0.0,0.0,"[{""side"": ""BUY"", ""price"": ""4018.36"", ""qty"": ""0.024"", ""reduceOnly"": false}]",[],,v1,ETHUSDT
2025-09-27T14:40:38.096155+00:00,DUMP,4019.75,0.0,0.0,0.0,"[{""side"": ""BUY"", ""price"": ""4007.17"", ""qty"": ""0.024"", ""reduceOnly"": false}, {""side"": ""BUY"", ""price"": ""3993.50"", ""qty"": ""0.025"", ""reduceOnly"": false}, {""side"": ""BUY"", ""price"": ""3986.66"", ""qty"": ""0.025"", ""reduceOnly"": false}, {""side"": ""BUY"", ""price"": ""4014"", ""qty"": ""0.024"", ""reduceOnly"": false}, {""side"": ""BUY"", ""price"": ""4000.33"", ""qty"": ""0.024"", ""reduceOnly"": false}]",[],,v1,ETHUSDT
2025-09-27T14:41:09.814927+00:00,"{'tipo': 'SOPORTE', 'precio': 200.0, 'volumen': 148.545}",4018.89,0.0,0.0,0.0,"[{""side"": ""BUY"", ""price"": ""4012.92"", ""qty"": ""0.024"", ""reduceOnly"": false}, {""side"": ""BUY"", ""price"": ""3999.25"", ""qty"": ""0.025"", ""reduceOnly"": false}, {""side"": ""BUY"", ""price"": ""3992.42"", ""qty"": ""0.025"", ""reduceOnly"": false}, {""side"": ""BUY"", ""price"": ""3985.58"", ""qty"": ""0.025"", ""reduceOnly"": false}, {""side"": ""BUY"", ""price"": ""4006.08"", ""qty"": ""0.024"", ""reduceOnly"": false}]",[],,v1,ETHUSDT
2025-09-27T14:44:09.817017+00:00,"{'tipo': 'SOPORTE', 'precio': 3615.39, 'volumen': 113.491}",4017.1,0.024,4016.48,0.0192791,[],[],,v1,ETHUSDT
2025-09-27T14:47:09.884227+00:00,DUMP,4009.5,0.048,4015.585,0.03854961,"[{""side"": ""SELL"", ""price"": ""0"", ""qty"": ""0"", ""reduceOnly"": true}]","[{""price"": ""0"", ""qty"": ""0"", ""clientOrderId"": ""web_G7a9ExaSZh4gNnvLFpJ5""}]",,v1,ETHUSDT
2025-09-27T14:50:09.934497+00:00,"{'tipo': 'SOPORTE', 'precio': 3820.38, 'volumen': 2158.894}",4011.53,0.048,4015.585,0.03854961,"[{""side"": ""BUY"", ""price"": ""3989.05"", ""qty"": ""0.025"", ""reduceOnly"": false}, {""side"": ""BUY"", ""price"": ""3995.87"", ""qty"": ""0.025"", ""reduceOnly"": false}, {""side"": ""BUY"", ""price"": ""3982.24"", ""qty"": ""0.025"", ""reduceOnly"": false}, {""side"": ""BUY"", ""price"": ""4002.68"", ""qty"": ""0.024"", ""reduceOnly"": false}, {""side"": ""BUY"", ""price"": ""3975.42"", ""qty"": ""0.025"", ""reduceOnly"": false}]",[],,v1,ETHUSDT
2025-09-27T14:53:10.006265+00:00,"{'tipo': 'SOPORTE', 'precio': 200.0, 'volumen': 1822.228}",4011.0,0.07200000000000001,4013.43,0.05779338,[],[],,v1,ETHUSDT
2025-09-27T14:56:10.065819+00:00,"{'tipo': 'SOPORTE', 'precio': 200.0, 'volumen': 908.1969999999999}",4012.19,0.07200000000000001,4013.43,0.05779338,"[{""side"": ""BUY"", ""price"": ""4008.59"", ""qty"": ""0.024"", ""reduceOnly"": false}]",[],,v1,ETHUSDT
2025-09-27T14:59:10.088316+00:00,"{'tipo': 'SOPORTE', 'precio': 3953.27, 'volumen': 603.225}",4012.62,0.07200000000000001,4013.43,0.05779338,"[{""side"": ""SELL"", ""price"": ""4024.18"", ""qty"": ""0.072"", ""reduceOnly"": true}, {""side"": ""BUY"", ""price"": ""4009.78"", ""qty"": ""0.024"", ""reduceOnly"": false}]","[{""price"": ""4024.18"", ""qty"": ""0.072"", ""clientOrderId"": ""web_33g1mrkzQGPwJYXaT8T2""}]",,v1,ETHUSDT
2025-09-27T15:02:10.090732+00:00,"{'tipo': 'SOPORTE', 'precio': 3000.0, 'volumen': 1619.2589999999998}",4009.49,0.096,4012.6250000000005,0.07704238,[],[],,v1,ETHUSDT
2025-09-27T15:05:10.229553+00:00,"{'tipo': 'SOPORTE', 'precio': 200.0, 'volumen': 1602.85}",4007.97,0.12,4011.5160000000005,0.09627635999999999,[],[],,v1,ETHUSDT
2025-09-27T15:08:10.129079+00:00,"{'tipo': 'SOPORTE', 'precio': 3000.0, 'volumen': 2643.295}",4001.91,0.144,4010.5250000000005,0.11550308999999999,"[{""side"": ""SELL"", ""price"": ""4023.18"", ""qty"": ""0.096"", ""reduceOnly"": true}]","[{""price"": ""4023.18"", ""qty"": ""0.096"", ""clientOrderId"": ""web_HOqnKxM9CUruyHlEmGOG""}]",,v1,ETHUSDT
2025-09-27T15:11:10.348202+00:00,"{'tipo': 'SOPORTE', 'precio': 200.0, 'volumen': 1567.5960000000002}",4003.18,0.16899999999999998,4008.8955621301784,0.13550063999999998,"[{""side"": ""SELL"", ""price"": ""4021.18"", ""qty"": ""0.096"", ""reduceOnly"": true}]","[{""price"": ""4021.18"", ""qty"": ""0.096"", ""clientOrderId"": ""web_pv7vmitZTlTuEdZrw0Z5""}]",,v1,ETHUSDT
2025-09-27T15:14:10.205661+00:00,DUMP,3999.5,0.19299999999999998,4007.8863730569956,0.15470437999999997,"[{""side"": ""SELL"", ""price"": ""4020.07"", ""qty"": ""0.169"", ""reduceOnly"": true}]","[{""price"": ""4020.07"", ""qty"": ""0.169"", ""clientOrderId"": ""web_rLA1H3fHQJm6aoAipM9y""}]",,v1,ETHUSDT
2025-09-27T15:17:10.230042+00:00,"{'tipo': 'SOPORTE', 'precio': 200.0, 'volumen': 1596.847}",4004.01,0.19299999999999998,4007.8863730569956,0.15470437999999997,"[{""side"": ""BUY"", ""price"": ""3965.50"", ""qty"": ""0.025"", ""reduceOnly"": false}, {""side"": ""BUY"", ""price"": ""3985.90"", ""qty"": ""0.025"", ""reduceOnly"": false}, {""side"": ""BUY"", ""price"": ""3972.30"", ""qty"": ""0.025"", ""reduceOnly"": false}, {""side"": ""BUY"", ""price"": ""3992.70"", ""qty"": ""0.025"", ""reduceOnly"": false}, {""side"": ""BUY"", ""price"": ""3979.10"", ""qty"": ""0.025"", ""reduceOnly"": false}, {""side"": ""SELL"", ""price"": ""4020.49"", ""qty"": ""0.193"", ""reduceOnly"": true}]","[{""price"": ""4020.49"", ""qty"": ""0.193"", ""clientOrderId"": ""web_kCF4klYerwyhSplk5WrL""}]",,v1,ETHUSDT
2025-09-27T15:18:14.800267+00:00,,4004.0,0.19299999999999998,4007.8863730569956,0.15470437999999997,"[{""side"": ""BUY"", ""price"": ""4001.61"", ""qty"": ""0.024"", ""reduceOnly"": false}]",[],,v1,ETHUSDT
2025-09-27T15:21:14.876175+00:00,DUMP,4006.61,0.19299999999999998,4007.8863730569956,0.15470437999999997,"[{""side"": ""BUY"", ""price"": ""3985.58"", ""qty"": ""0.025"", ""reduceOnly"": false}, {""side"": ""BUY"", ""price"": ""3990.19"", ""qty"": ""0.025"", ""reduceOnly"": false}, {""side"": ""BUY"", ""price"": ""3994.79"", ""qty"": ""0.025"", ""reduceOnly"": false}]",[],,v1,ETHUSDT
2025-09-27T15:33:42.359910+00:00,"{'tipo': 'SOPORTE', 'precio': 200.0, 'volumen': 1754.267}",4012.84,0.19299999999999998,4007.8863730569956,0.15470437999999997,"[{""side"": ""SELL"", ""price"": ""4021.49"", ""qty"": ""0.193"", ""reduceOnly"": true}]","[{""price"": ""4021.49"", ""qty"": ""0.193"", ""clientOrderId"": ""web_9fw5cOsmqqEVP5mwY5TO""}]",,v1,ETHUSDT
2025-09-27T15:33:45.041579+00:00,"{'tipo': 'SOPORTE', 'precio': 200.0, 'volumen': 1754.267}",4012.84,0.19299999999999998,4007.8863730569956,0.15470437999999997,"[{""side"": ""BUY"", ""price"": ""4010.43"", ""qty"": ""0.024"", ""reduceOnly"": false}]",[],,v1,ETHUSDT
2025-09-27T15:36:42.462520+00:00,"{'tipo': 'SOPORTE', 'precio': 3000.0, 'volumen': 1598.047}",4014.82,0.19299999999999998,4007.8863730569956,0.15470437999999997,"[{""side"": ""SELL"", ""price"": ""4020.49"", ""qty"": ""0.193"", ""reduceOnly"": true}, {""side"": ""BUY"", ""price"": ""4010.43"", ""qty"": ""0.024"", ""reduceOnly"": false}]","[{""price"": ""4020.49"", ""qty"": ""0.193"", ""clientOrderId"": ""web_SqCm8HnxRKOiTXYn9A5U""}]",,v1,ETHUSDT
2025-09-27T15:36:45.094929+00:00,"{'tipo': 'SOPORTE', 'precio': 3000.0, 'volumen': 1598.047}",4014.82,0.19299999999999998,4007.8863730569956,0.15470437999999997,"[{""side"": ""BUY"", ""price"": ""4012.41"", ""qty"": ""0.024"", ""reduceOnly"": false}]",[],,v1,ETHUSDT
2025-09-27T15:36:48.752633+00:00,DUMP,4013.17,0.21699999999999997,4008.3866820276507,0.17396393999999998,[],[],,v1,ETHUSDT
2025-09-27T15:39:37.138481+00:00,,4011.29,0.217,4008.386682028,0.17396393999999998,[],[],,v1,ETHUSDT
2025-09-27T15:39:40.713412+00:00,"{'tipo': 'SOPORTE', 'precio': 200.0, 'volumen': 716.177}",4011.29,0.217,4008.386682028,0.17396393999999998,"[{""side"": ""BUY"", ""price"": ""4006.68"", ""qty"": ""0.024"", ""reduceOnly"": false}, {""side"": ""BUY"", ""price"": ""3997.45"", ""qty"": ""0.025"", ""reduceOnly"": false}, {""side"": ""BUY"", ""price"": ""3992.84"", ""qty"": ""0.025"", ""reduceOnly"": false}, {""side"": ""BUY"", ""price"": ""4002.06"", ""qty"": ""0.024"", ""reduceOnly"": false}]",[],,v1,ETHUSDT
2025-09-27T15:42:55.231230+00:00,"{'tipo': 'SOPORTE', 'precio': 3614.34, 'volumen': 623.153}",4015.94,0.217,4008.386682028,0.17396393999999998,"[{""side"": ""SELL"", ""price"": ""4020.82"", ""qty"": ""0.217"", ""reduceOnly"": true}, {""side"": ""SELL"", ""price"": ""0"", ""qty"": ""0"", ""reduceOnly"": true}]","[{""price"": ""4020.82"", ""qty"": ""0.217"", ""clientOrderId"": ""web_PVniVUMoXY7lIdfmnKeY""}, {""price"": ""0"", ""qty"": ""0"", ""clientOrderId"": ""x-Cb7ytekJa7b3aa6353a9863741f38f""}]",3807.97,v1,ETHUSDT
2025-09-27T15:42:57.873885+00:00,"{'tipo': 'SOPORTE', 'precio': 3614.34, 'volumen': 623.153}",4015.93,0.217,4008.386682028,0.17396393999999998,"[{""side"": ""SELL"", ""price"": ""4128.64"", ""qty"": ""0.217"", ""reduceOnly"": true}, {""side"": ""BUY"", ""price"": ""4013.53"", ""qty"": ""0.024"", ""reduceOnly"": false}, {""side"": ""SELL"", ""price"": ""0"", ""qty"": ""0"", ""reduceOnly"": true}]","[{""price"": ""4128.64"", ""qty"": ""0.217"", ""clientOrderId"": ""TP_AUTO_TP""}, {""price"": ""0"", ""qty"": ""0"", ""clientOrderId"": ""x-Cb7ytekJ650ab626c06707201af6be""}]",3807.97,v1,ETHUSDT
2025-09-27T15:46:36.595318+00:00,,4016.43,0.217,4008.386682028,0.17396393999999998,"[{""side"": ""SELL"", ""price"": ""0"", ""qty"": ""0"", ""reduceOnly"": true}, {""side"": ""SELL"", ""price"": ""4020.82"", ""qty"": ""0.217"", ""reduceOnly"": true}]","[{""price"": ""0"", ""qty"": ""0"", ""clientOrderId"": ""x-Cb7ytekJ7b925236b0188c4dfebf88""}, {""price"": ""4020.82"", ""qty"": ""0.217"", ""clientOrderId"": ""web_yGHBhjkZ7Lx7yU2jNOQx""}]",3807.97,v1,ETHUSDT
2025-09-27T15:46:40.180069+00:00,"{'tipo': 'SOPORTE', 'precio': 3614.79, 'volumen': 935.929}",4016.44,0.217,4008.386682028,0.17396393999999998,"[{""side"": ""BUY"", ""price"": ""4002.57"", ""qty"": ""0.024"", ""reduceOnly"": false}, {""side"": ""BUY"", ""price"": ""3997.95"", ""qty"": ""0.025"", ""reduceOnly"": false}, {""side"": ""SELL"", ""price"": ""4020.41"", ""qty"": ""0.217"", ""reduceOnly"": true}, {""side"": ""BUY"", ""price"": ""4007.19"", ""qty"": ""0.024"", ""reduceOnly"": false}, {""side"": ""SELL"", ""price"": ""0"", ""qty"": ""0"", ""reduceOnly"": true}, {""side"": ""BUY"", ""price"": ""4011.81"", ""qty"": ""0.024"", ""reduceOnly"": false}]","[{""price"": ""4020.41"", ""qty"": ""0.217"", ""clientOrderId"": ""TP_AUTO_TP""}, {""price"": ""0"", ""qty"": ""0"", ""clientOrderId"": ""x-Cb7ytekJ2bdca63018e4d05c048069""}]",3807.97,v1,ETHUSDT
2025-09-27T15:49:36.659022+00:00,"{'tipo': 'SOPORTE', 'precio': 200.0, 'volumen': 1581.537}",4017.81,0.217,4008.386682028,0.17396393999999998,"[{""side"": ""BUY"", ""price"": ""4002.57"", ""qty"": ""0.024"", ""reduceOnly"": false}, {""side"": ""BUY"", ""price"": ""3997.95"", ""qty"": ""0.025"", ""reduceOnly"": false}, {""side"": ""SELL"", ""price"": ""4020.41"", ""qty"": ""0.217"", ""reduceOnly"": true}, {""side"": ""SELL"", ""price"": ""0"", ""qty"": ""0"", ""reduceOnly"": true}]","[{""price"": ""4020.41"", ""qty"": ""0.217"", ""clientOrderId"": ""TP_AUTO_TP""}, {""price"": ""0"", ""qty"": ""0"", ""clientOrderId"": ""x-Cb7ytekJ2bdca63018e4d05c048069""}]",3807.97,v1,ETHUSDT
2025-09-27T15:49:39.299006+00:00,DUMP,4017.81,0.217,4008.386682028,0.17396393999999998,"[{""side"": ""SELL"", ""price"": ""0"", ""qty"": ""0"", ""reduceOnly"": true}, {""side"": ""SELL"", ""price"": ""4020.41"", ""qty"": ""0.217"", ""reduceOnly"": true}, {""side"": ""BUY"", ""price"": ""4015.40"", ""qty"": ""0.024"", ""reduceOnly"": false}]","[{""price"": ""0"", ""qty"": ""0"", ""clientOrderId"": ""x-Cb7ytekJ8b7746d4e9b5817eff790b""}, {""price"": ""4020.41"", ""qty"": ""0.217"", ""clientOrderId"": ""TP_AUTO_TP""}]",3807.97,v1,ETHUSDT
2025-09-27T15:52:37.168633+00:00,"{'tipo': 'SOPORTE', 'precio': 200.0, 'volumen': 1589.261}",4017.21,0.217,4008.386682028,0.17396393999999998,"[{""side"": ""SELL"", ""price"": ""0"", ""qty"": ""0"", ""reduceOnly"": true}, {""side"": ""SELL"", ""price"": ""4020.41"", ""qty"": ""0.217"", ""reduceOnly"": true}]","[{""price"": ""0"", ""qty"": ""0"", ""clientOrderId"": ""x-Cb7ytekJ8b7746d4e9b5817eff790b""}, {""price"": ""4020.41"", ""qty"": ""0.217"", ""clientOrderId"": ""TP_AUTO_TP""}]",3807.97,v1,ETHUSDT
2025-09-27T15:52:39.854516+00:00,"{'tipo': 'SOPORTE', 'precio': 3856.52, 'volumen': 322.341}",4017.2,0.217,4008.386682028,0.17396393999999998,"[{""side"": ""BUY"", ""price"": ""4014.80"", ""qty"": ""0.024"", ""reduceOnly"": false}, {""side"": ""SELL"", ""price"": ""0"", ""qty"": ""0"", ""reduceOnly"": true}, {""side"": ""SELL"", ""price"": ""4020.41"", ""qty"": ""0.217"", ""reduceOnly"": true}]","[{""price"": ""0"", ""qty"": ""0"", ""clientOrderId"": ""x-Cb7ytekJd71df252a45e131e558d74""}, {""price"": ""4020.41"", ""qty"": ""0.217"", ""clientOrderId"": ""TP_AUTO_TP""}]",3807.97,v1,ETHUSDT
2025-09-27T15:55:37.052295+00:00,"{'tipo': 'SOPORTE', 'precio': 200.0, 'volumen': 1571.069}",4018.19,0.217,4008.386682028,0.17396393999999998,"[{""side"": ""BUY"", ""price"": ""4014.80"", ""qty"": ""0.024"", ""reduceOnly"": false}, {""side"": ""SELL"", ""price"": ""0"", ""qty"": ""0"", ""reduceOnly"": true}, {""side"": ""SELL"", ""price"": ""4020.41"", ""qty"": ""0.217"", ""reduceOnly"": true}]","[{""price"": ""0"", ""qty"": ""0"", ""clientOrderId"": ""x-Cb7ytekJd71df252a45e131e558d74""}, {""price"": ""4020.41"", ""qty"": ""0.217"", ""clientOrderId"": ""TP_AUTO_TP""}]",3807.97,v1,ETHUSDT
2025-09-27T15:55:39.792893+00:00,DUMP,4018.2,0.217,4008.386682028,0.17396393999999998,"[{""side"": ""BUY"", ""price"": ""4015.78"", ""qty"": ""0.024"", ""reduceOnly"": false}, {""side"": ""SELL"", ""price"": ""4020.41"", ""qty"": ""0.217"", ""reduceOnly"": true}, {""side"": ""SELL"", ""price"": ""0"", ""qty"": ""0"", ""reduceOnly"": true}]","[{""price"": ""4020.41"", ""qty"": ""0.217"", ""clientOrderId"": ""TP_AUTO_TP""}, {""price"": ""0"", ""qty"": ""0"", ""clientOrderId"": ""x-Cb7ytekJda4b66e4234d8b03abcbf4""}]",3807.97,v1,ETHUSDT
2025-09-27T16:00:30.624960+00:00,,4017.97,0.0,0.0,0.0,[],[],,v1,ETHUSDT
2025-09-27T16:03:03.429416+00:00,,4013.11,0.0,0.0,0.0,[],[],,v1,ETHUSDT
2025-09-27T16:06:03.873645+00:00,"{'tipo': 'SOPORTE', 'precio': 200.0, 'volumen': 1598.666}",4012.32,0.0,0.0,0.0,"[{""side"": ""BUY"", ""price"": ""4006.59"", ""qty"": ""0.024"", ""reduceOnly"": false}, {""side"": ""BUY"", ""price"": ""3993.55"", ""qty"": ""0.025"", ""reduceOnly"": false}, {""side"": ""BUY"", ""price"": ""4000.07"", ""qty"": ""0.024"", ""reduceOnly"": false}]",[],,v1,ETHUSDT
2025-09-27T16:09:03.775353+00:00,"{'tipo': 'SOPORTE', 'precio': 3000.0, 'volumen': 1751.94}",4013.36,0.0,0.0,0.0,"[{""side"": ""BUY"", ""price"": ""4003.29"", ""qty"": ""0.024"", ""reduceOnly"": false}, {""side"": ""BUY"", ""price"": ""4000.28"", ""qty"": ""0.024"", ""reduceOnly"": false}, {""side"": ""BUY"", ""price"": ""4009.31"", ""qty"": ""0.024"", ""reduceOnly"": false}, {""side"": ""BUY"", ""price"": ""4006.30"", ""qty"": ""0.024"", ""reduceOnly"": false}]",[],,v1,ETHUSDT
2025-09-27T16:11:06.075343+00:00,"{'tipo': 'SOPORTE', 'precio': 3000.0, 'volumen': 1675.5369999999998}",4010.39,0.024,4010.35,0.01924968,"[{""side"": ""BUY"", ""price"": ""4001.32"", ""qty"": ""0.024"", ""reduceOnly"": false}, {""side"": ""BUY"", ""price"": ""4004.33"", ""qty"": ""0.024"", ""reduceOnly"": false}, {""side"": ""SELL"", ""price"": ""4022.38"", ""qty"": ""0.024"", ""reduceOnly"": true}, {""side"": ""SELL"", ""price"": ""0"", ""qty"": ""0"", ""reduceOnly"": true}, {""side"": ""BUY"", ""price"": ""4007.34"", ""qty"": ""0.024"", ""reduceOnly"": false}]","[{""price"": ""4022.38"", ""qty"": ""0.024"", ""clientOrderId"": ""TP_AUTO_TP""}, {""price"": ""0"", ""qty"": ""0"", ""clientOrderId"": ""x-Cb7ytekJ758a57cb5582ba0f39f262""}]",3809.83,v1,ETHUSDT
2025-09-27T16:12:03.702584+00:00,"{'tipo': 'SOPORTE', 'precio': 200.0, 'volumen': 1567.5729999999999}",4010.36,0.024,4010.35,0.01924968,"[{""side"": ""BUY"", ""price"": ""4001.32"", ""qty"": ""0.024"", ""reduceOnly"": false}, {""side"": ""BUY"", ""price"": ""4004.33"", ""qty"": ""0.024"", ""reduceOnly"": false}, {""side"": ""SELL"", ""price"": ""4022.38"", ""qty"": ""0.024"", ""reduceOnly"": true}, {""side"": ""SELL"", ""price"": ""0"", ""qty"": ""0"", ""reduceOnly"": true}, {""side"": ""BUY"", ""price"": ""4007.34"", ""qty"": ""0.024"", ""reduceOnly"": false}]","[{""price"": ""4022.38"", ""qty"": ""0.024"", ""clientOrderId"": ""TP_AUTO_TP""}, {""price"": ""0"", ""qty"": ""0"", ""clientOrderId"": ""x-Cb7ytekJ758a57cb5582ba0f39f262""}]",3809.83,v1,ETHUSDT
2025-09-27T16:12:07.263937+00:00,"{'tipo': 'SOPORTE', 'precio': 200.0, 'volumen': 1567.5729999999999}",4010.36,0.024,4010.35,0.01924968,"[{""side"": ""SELL"", ""price"": ""4022.38"", ""qty"": ""0.024"", ""reduceOnly"": true}, {""side"": ""SELL"", ""price"": ""0"", ""qty"": ""0"", ""reduceOnly"": true}, {""side"": ""BUY"", ""price"": ""4004.34"", ""qty"": ""0.024"", ""reduceOnly"": false}, {""side"": ""BUY"", ""price"": ""4001.34"", ""qty"": ""0.024"", ""reduceOnly"": false}, {""side"": ""BUY"", ""price"": ""3998.33"", ""qty"": ""0.025"", ""reduceOnly"": false}]","[{""price"": ""4022.38"", ""qty"": ""0.024"", ""clientOrderId"": ""TP_AUTO_TP""}, {""price"": ""0"", ""qty"": ""0"", ""clientOrderId"": ""x-Cb7ytekJdcb12961515fba913d7a55""}]",3809.83,v1,ETHUSDT
2025-09-27T16:15:03.911069+00:00,DUMP,4009.01,0.024,4010.35,0.01924968,"[{""side"": ""SELL"", ""price"": ""4022.38"", ""qty"": ""0.024"", ""reduceOnly"": true}, {""side"": ""SELL"", ""price"": ""0"", ""qty"": ""0"", ""reduceOnly"": true}, {""side"": ""BUY"", ""price"": ""4004.34"", ""qty"": ""0.024"", ""reduceOnly"": false}, {""side"": ""BUY"", ""price"": ""4001.34"", ""qty"": ""0.024"", ""reduceOnly"": false}, {""side"": ""BUY"", ""price"": ""3998.33"", ""qty"": ""0.025"", ""reduceOnly"": false}]","[{""price"": ""4022.38"", ""qty"": ""0.024"", ""clientOrderId"": ""TP_AUTO_TP""}, {""price"": ""0"", ""qty"": ""0"", ""clientOrderId"": ""x-Cb7ytekJdcb12961515fba913d7a55""}]",3809.83,v1,ETHUSDT
2025-09-27T16:15:07.813718+00:00,DUMP,4009.0,0.024,4010.35,0.01924968,"[{""side"": ""SELL"", ""price"": ""4022.38"", ""qty"": ""0.024"", ""reduceOnly"": true}, {""side"": ""SELL"", ""price"": ""0"", ""qty"": ""0"", ""reduceOnly"": true}, {""side"": ""BUY"", ""price"": ""3978.94"", ""qty"": ""0.025"", ""reduceOnly"": false}, {""side"": ""BUY"", ""price"": ""3998.99"", ""qty"": ""0.025"", ""reduceOnly"": false}, {""side"": ""BUY"", ""price"": ""3988.96"", ""qty"": ""0.025"", ""reduceOnly"": false}]","[{""price"": ""4022.38"", ""qty"": ""0.024"", ""clientOrderId"": ""TP_AUTO_TP""}, {""price"": ""0"", ""qty"": ""0"", ""clientOrderId"": ""x-Cb7ytekJc59c7ce023ce9688662d0""}]",3809.83,v1,ETHUSDT
2025-09-27T16:18:03.819742+00:00,"{'tipo': 'SOPORTE', 'precio': 200.0, 'volumen': 1639.179}",4008.17,0.024,4010.35,0.01924968,"[{""side"": ""SELL"", ""price"": ""4022.38"", ""qty"": ""0.024"", ""reduceOnly"": true}, {""side"": ""SELL"", ""price"": ""0"", ""qty"": ""0"", ""reduceOnly"": true}, {""side"": ""BUY"", ""price"": ""3978.94"", ""qty"": ""0.025"", ""reduceOnly"": false}, {""side"": ""BUY"", ""price"": ""3998.99"", ""qty"": ""0.025"", ""reduceOnly"": false}, {""side"": ""BUY"", ""price"": ""3988.96"", ""qty"": ""0.025"", ""reduceOnly"": false}]","[{""price"": ""4022.38"", ""qty"": ""0.024"", ""clientOrderId"": ""TP_AUTO_TP""}, {""price"": ""0"", ""qty"": ""0"", ""clientOrderId"": ""x-Cb7ytekJc59c7ce023ce9688662d0""}]",3809.83,v1,ETHUSDT
2025-09-27T16:18:07.665583+00:00,"{'tipo': 'SOPORTE', 'precio': 200.0, 'volumen': 1639.179}",4008.16,0.024,4010.35,0.01924968,"[{""side"": ""SELL"", ""price"": ""0"", ""qty"": ""0"", ""reduceOnly"": true}, {""side"": ""BUY"", ""price"": ""4005.16"", ""qty"": ""0.024"", ""reduceOnly"": false}, {""side"": ""BUY"", ""price"": ""3999.15"", ""qty"": ""0.025"", ""reduceOnly"": false}, {""side"": ""BUY"", ""price"": ""3996.15"", ""qty"": ""0.025"", ""reduceOnly"": false}, {""side"": ""BUY"", ""price"": ""4002.16"", ""qty"": ""0.024"", ""reduceOnly"": false}, {""side"": ""SELL"", ""price"": ""4022.38"", ""qty"": ""0.024"", ""reduceOnly"": true}]","[{""price"": ""0"", ""qty"": ""0"", ""clientOrderId"": ""x-Cb7ytekJ5a481bdcf9ec4d8779932b""}, {""price"": ""4022.38"", ""qty"": ""0.024"", ""clientOrderId"": ""TP_AUTO_TP""}]",3809.83,v1,ETHUSDT
2025-09-27T16:21:03.772901+00:00,"{'tipo': 'SOPORTE', 'precio': 3000.0, 'volumen': 4552.219}",4011.62,0.024,4010.35,0.01924968,"[{""side"": ""SELL"", ""price"": ""0"", ""qty"": ""0"", ""reduceOnly"": true}, {""side"": ""BUY"", ""price"": ""4005.16"", ""qty"": ""0.024"", ""reduceOnly"": false}, {""side"": ""BUY"", ""price"": ""3999.15"", ""qty"": ""0.025"", ""reduceOnly"": false}, {""side"": ""BUY"", ""price"": ""3996.15"", ""qty"": ""0.025"", ""reduceOnly"": false}, {""side"": ""BUY"", ""price"": ""4002.16"", ""qty"": ""0.024"", ""reduceOnly"": false}, {""side"": ""SELL"", ""price"": ""4022.38"", ""qty"": ""0.024"", ""reduceOnly"": true}]","[{""price"": ""0"", ""qty"": ""0"", ""clientOrderId"": ""x-Cb7ytekJ5a481bdcf9ec4d8779932b""}, {""price"": ""4022.38"", ""qty"": ""0.024"", ""clientOrderId"": ""TP_AUTO_TP""}]",3809.83,v1,ETHUSDT
2025-09-27T16:21:07.225655+00:00,"{'tipo': 'SOPORTE', 'precio': 3000.0, 'volumen': 4552.219}",4011.62,0.024,4010.35,0.01924968,"[{""side"": ""BUY"", ""price"": ""4002.59"", ""qty"": ""0.024"", ""reduceOnly"": false}, {""side"": ""SELL"", ""price"": ""4022.38"", ""qty"": ""0.024"", ""reduceOnly"": true}, {""side"": ""BUY"", ""price"": ""4005.60"", ""qty"": ""0.024"", ""reduceOnly"": false}, {""side"": ""BUY"", ""price"": ""3999.59"", ""qty"": ""0.025"", ""reduceOnly"": false}, {""side"": ""SELL"", ""price"": ""0"", ""qty"": ""0"", ""reduceOnly"": true}]","[{""price"": ""4022.38"", ""qty"": ""0.024"", ""clientOrderId"": ""TP_AUTO_TP""}, {""price"": ""0"", ""qty"": ""0"", ""clientOrderId"": ""x-Cb7ytekJbd482af93b066ec1fa98c9""}]",3809.83,v1,ETHUSDT
2025-09-27T16:24:03.717923+00:00,"{'tipo': 'SOPORTE', 'precio': 3000.0, 'volumen': 1575.199}",4013.39,0.024,4010.35,0.01924968,"[{""side"": ""BUY"", ""price"": ""4002.59"", ""qty"": ""0.024"", ""reduceOnly"": false}, {""side"": ""SELL"", ""price"": ""4022.38"", ""qty"": ""0.024"", ""reduceOnly"": true}, {""side"": ""BUY"", ""price"": ""4005.60"", ""qty"": ""0.024"", ""reduceOnly"": false}, {""side"": ""BUY"", ""price"": ""3999.59"", ""qty"": ""0.025"", ""reduceOnly"": false}, {""side"": ""SELL"", ""price"": ""0"", ""qty"": ""0"", ""reduceOnly"": true}]","[{""price"": ""4022.38"", ""qty"": ""0.024"", ""clientOrderId"": ""TP_AUTO_TP""}, {""price"": ""0"", ""qty"": ""0"", ""clientOrderId"": ""x-Cb7ytekJbd482af93b066ec1fa98c9""}]",3809.83,v1,ETHUSDT
2025-09-27T16:24:06.698274+00:00,"{'tipo': 'SOPORTE', 'precio': 3000.0, 'volumen': 1575.199}",4013.39,0.024,4010.35,0.01924968,"[{""side"": ""SELL"", ""price"": ""0"", ""qty"": ""0"", ""reduceOnly"": true}, {""side"": ""BUY"", ""price"": ""4004.36"", ""qty"": ""0.024"", ""reduceOnly"": false}, {""side"": ""BUY"", ""price"": ""4001.35"", ""qty"": ""0.024"", ""reduceOnly"": false}, {""side"": ""SELL"", ""price"": ""4022.38"", ""qty"": ""0.024"", ""reduceOnly"": true}]","[{""price"": ""0"", ""qty"": ""0"", ""clientOrderId"": ""x-Cb7ytekJ4dc48ace71de0738600f43""}, {""price"": ""4022.38"", ""qty"": ""0.024"", ""clientOrderId"": ""TP_AUTO_TP""}]",3809.83,v1,ETHUSDT
2025-09-27T16:27:03.880694+00:00,DUMP,4013.02,0.024,4010.35,0.01924968,"[{""side"": ""SELL"", ""price"": ""0"", ""qty"": ""0"", ""reduceOnly"": true}, {""side"": ""BUY"", ""price"": ""4004.36"", ""qty"": ""0.024"", ""reduceOnly"": false}, {""side"": ""BUY"", ""price"": ""4001.35"", ""qty"": ""0.024"", ""reduceOnly"": false}, {""side"": ""SELL"", ""price"": ""4022.38"", ""qty"": ""0.024"", ""reduceOnly"": true}]","[{""price"": ""0"", ""qty"": ""0"", ""clientOrderId"": ""x-Cb7ytekJ4dc48ace71de0738600f43""}, {""price"": ""4022.38"", ""qty"": ""0.024"", ""clientOrderId"": ""TP_AUTO_TP""}]",3809.83,v1,ETHUSDT
2025-09-27T16:27:07.760542+00:00,DUMP,4013.02,0.024,4010.35,0.01924968,"[{""side"": ""BUY"", ""price"": ""4002.99"", ""qty"": ""0.024"", ""reduceOnly"": false}, {""side"": ""SELL"", ""price"": ""4022.38"", ""qty"": ""0.024"", ""reduceOnly"": true}, {""side"": ""BUY"", ""price"": ""3982.92"", ""qty"": ""0.025"", ""reduceOnly"": false}, {""side"": ""SELL"", ""price"": ""0"", ""qty"": ""0"", ""reduceOnly"": true}, {""side"": ""BUY"", ""price"": ""3992.95"", ""qty"": ""0.025"", ""reduceOnly"": false}]","[{""price"": ""4022.38"", ""qty"": ""0.024"", ""clientOrderId"": ""TP_AUTO_TP""}, {""price"": ""0"", ""qty"": ""0"", ""clientOrderId"": ""x-Cb7ytekJf31754159e9c552f1817b8""}]",3809.83,v1,ETHUSDT
2025-09-27T16:30:03.826749+00:00,DUMP,4009.66,0.024,4010.35,0.01924968,"[{""side"": ""BUY"", ""price"": ""4002.99"", ""qty"": ""0.024"", ""reduceOnly"": false}, {""side"": ""SELL"", ""price"": ""4022.38"", ""qty"": ""0.024"", ""reduceOnly"": true}, {""side"": ""BUY"", ""price"": ""3982.92"", ""qty"": ""0.025"", ""reduceOnly"": false}, {""side"": ""SELL"", ""price"": ""0"", ""qty"": ""0"", ""reduceOnly"": true}, {""side"": ""BUY"", ""price"": ""3992.95"", ""qty"": ""0.025"", ""reduceOnly"": false}]","[{""price"": ""4022.38"", ""qty"": ""0.024"", ""clientOrderId"": ""TP_AUTO_TP""}, {""price"": ""0"", ""qty"": ""0"", ""clientOrderId"": ""x-Cb7ytekJf31754159e9c552f1817b8""}]",3809.83,v1,ETHUSDT
2025-09-27T16:30:07.120344+00:00,DUMP,4009.67,0.024,4010.35,0.01924968,"[{""side"": ""SELL"", ""price"": ""4022.38"", ""qty"": ""0.024"", ""reduceOnly"": true}, {""side"": ""BUY"", ""price"": ""3989.61"", ""qty"": ""0.025"", ""reduceOnly"": false}, {""side"": ""BUY"", ""price"": ""3999.64"", ""qty"": ""0.025"", ""reduceOnly"": false}, {""side"": ""SELL"", ""price"": ""0"", ""qty"": ""0"", ""reduceOnly"": true}, {""side"": ""BUY"", ""price"": ""3979.59"", ""qty"": ""0.025"", ""reduceOnly"": false}]","[{""price"": ""4022.38"", ""qty"": ""0.024"", ""clientOrderId"": ""TP_AUTO_TP""}, {""price"": ""0"", ""qty"": ""0"", ""clientOrderId"": ""x-Cb7ytekJ8f374ae897b0cb87867e42""}]",3809.83,v1,ETHUSDT
2025-09-27T16:33:03.823569+00:00,"{'tipo': 'SOPORTE', 'precio': 200.0, 'volumen': 1688.8500000000001}",4007.43,0.024,4010.35,0.01924968,"[{""side"": ""SELL"", ""price"": ""4022.38"", ""qty"": ""0.024"", ""reduceOnly"": true}, {""side"": ""BUY"", ""price"": ""3989.61"", ""qty"": ""0.025"", ""reduceOnly"": false}, {""side"": ""BUY"", ""price"": ""3999.64"", ""qty"": ""0.025"", ""reduceOnly"": false}, {""side"": ""SELL"", ""price"": ""0"", ""qty"": ""0"", ""reduceOnly"": true}, {""side"": ""BUY"", ""price"": ""3979.59"", ""qty"": ""0.025"", ""reduceOnly"": false}]","[{""price"": ""4022.38"", ""qty"": ""0.024"", ""clientOrderId"": ""TP_AUTO_TP""}, {""price"": ""0"", ""qty"": ""0"", ""clientOrderId"": ""x-Cb7ytekJ8f374ae897b0cb87867e42""}]",3809.83,v1,ETHUSDT
2025-09-27T16:33:07.649919+00:00,"{'tipo': 'SOPORTE', 'precio': 200.0, 'volumen': 1688.8500000000001}",4007.43,0.024,4010.35,0.01924968,"[{""side"": ""BUY"", ""price"": ""4004.42"", ""qty"": ""0.024"", ""reduceOnly"": false}, {""side"": ""SELL"", ""price"": ""0"", ""qty"": ""0"", ""reduceOnly"": true}, {""side"": ""BUY"", ""price"": ""4001.42"", ""qty"": ""0.024"", ""reduceOnly"": false}, {""side"": ""BUY"", ""price"": ""3995.41"", ""qty"": ""0.025"", ""reduceOnly"": false}, {""side"": ""BUY"", ""price"": ""3998.41"", ""qty"": ""0.025"", ""reduceOnly"": false}, {""side"": ""SELL"", ""price"": ""4022.38"", ""qty"": ""0.024"", ""reduceOnly"": true}]","[{""price"": ""0"", ""qty"": ""0"", ""clientOrderId"": ""x-Cb7ytekJ8aa910bae97ba9c1033092""}, {""price"": ""4022.38"", ""qty"": ""0.024"", ""clientOrderId"": ""TP_AUTO_TP""}]",3809.83,v1,ETHUSDT
2025-09-27T16:36:04.056974+00:00,"{'tipo': 'SOPORTE', 'precio': 3936.44, 'volumen': 102.59199999999998}",4010.65,0.024,4010.35,0.01924968,"[{""side"": ""BUY"", ""price"": ""4004.42"", ""qty"": ""0.024"", ""reduceOnly"": false}, {""side"": ""SELL"", ""price"": ""0"", ""qty"": ""0"", ""reduceOnly"": true}, {""side"": ""BUY"", ""price"": ""4001.42"", ""qty"": ""0.024"", ""reduceOnly"": false}, {""side"": ""BUY"", ""price"": ""3995.41"", ""qty"": ""0.025"", ""reduceOnly"": false}, {""side"": ""BUY"", ""price"": ""3998.41"", ""qty"": ""0.025"", ""reduceOnly"": false}, {""side"": ""SELL"", ""price"": ""4022.38"", ""qty"": ""0.024"", ""reduceOnly"": true}]","[{""price"": ""0"", ""qty"": ""0"", ""clientOrderId"": ""x-Cb7ytekJ8aa910bae97ba9c1033092""}, {""price"": ""4022.38"", ""qty"": ""0.024"", ""clientOrderId"": ""TP_AUTO_TP""}]",3809.83,v1,ETHUSDT
2025-09-27T16:36:08.046847+00:00,"{'tipo': 'SOPORTE', 'precio': 3936.44, 'volumen': 102.59199999999998}",4010.64,0.024,4010.35,0.01924968,"[{""side"": ""BUY"", ""price"": ""3998.62"", ""qty"": ""0.025"", ""reduceOnly"": false}, {""side"": ""BUY"", ""price"": ""4001.63"", ""qty"": ""0.024"", ""reduceOnly"": false}, {""side"": ""SELL"", ""price"": ""0"", ""qty"": ""0"", ""reduceOnly"": true}, {""side"": ""SELL"", ""price"": ""4022.38"", ""qty"": ""0.024"", ""reduceOnly"": true}, {""side"": ""BUY"", ""price"": ""4004.63"", ""qty"": ""0.024"", ""reduceOnly"": false}]","[{""price"": ""0"", ""qty"": ""0"", ""clientOrderId"": ""x-Cb7ytekJ9efbd89812e189d506ae4e""}, {""price"": ""4022.38"", ""qty"": ""0.024"", ""clientOrderId"": ""TP_AUTO_TP""}]",3809.83,v1,ETHUSDT
2025-09-27T16:39:04.039023+00:00,"{'tipo': 'SOPORTE', 'precio': 200.0, 'volumen': 691.7570000000001}",4007.88,0.024,4010.35,0.01924968,"[{""side"": ""BUY"", ""price"": ""3998.62"", ""qty"": ""0.025"", ""reduceOnly"": false}, {""side"": ""BUY"", ""price"": ""4001.63"", ""qty"": ""0.024"", ""reduceOnly"": false}, {""side"": ""SELL"", ""price"": ""0"", ""qty"": ""0"", ""reduceOnly"": true}, {""side"": ""SELL"", ""price"": ""4022.38"", ""qty"": ""0.024"", ""reduceOnly"": true}, {""side"": ""BUY"", ""price"": ""4004.63"", ""qty"": ""0.024"", ""reduceOnly"": false}]","[{""price"": ""0"", ""qty"": ""0"", ""clientOrderId"": ""x-Cb7ytekJ9efbd89812e189d506ae4e""}, {""price"": ""4022.38"", ""qty"": ""0.024"", ""clientOrderId"": ""TP_AUTO_TP""}]",3809.83,v1,ETHUSDT
2025-09-27T16:39:07.660814+00:00,"{'tipo': 'SOPORTE', 'precio': 200.0, 'volumen': 691.7570000000001}",4008.18,0.024,4010.35,0.01924968,"[{""side"": ""BUY"", ""price"": ""4001.87"", ""qty"": ""0.024"", ""reduceOnly"": false}, {""side"": ""SELL"", ""price"": ""0"", ""qty"": ""0"", ""reduceOnly"": true}, {""side"": ""BUY"", ""price"": ""3998.86"", ""qty"": ""0.025"", ""reduceOnly"": false}, {""side"": ""BUY"", ""price"": ""4004.87"", ""qty"": ""0.024"", ""reduceOnly"": false}, {""side"": ""SELL"", ""price"": ""4022.38"", ""qty"": ""0.024"", ""reduceOnly"": true}, {""side"": ""BUY"", ""price"": ""3995.86"", ""qty"": ""0.025"", ""reduceOnly"": false}]","[{""price"": ""0"", ""qty"": ""0"", ""clientOrderId"": ""x-Cb7ytekJ286ce5d5e2bbd869e5298a""}, {""price"": ""4022.38"", ""qty"": ""0.024"", ""clientOrderId"": ""TP_AUTO_TP""}]",3809.83,v1,ETHUSDT
2025-09-27T16:42:03.930699+00:00,DUMP,4011.32,0.024,4010.35,0.01924968,"[{""side"": ""BUY"", ""price"": ""4001.87"", ""qty"": ""0.024"", ""reduceOnly"": false}, {""side"": ""SELL"", ""price"": ""0"", ""qty"": ""0"", ""reduceOnly"": true}, {""side"": ""BUY"", ""price"": ""3998.86"", ""qty"": ""0.025"", ""reduceOnly"": false}, {""side"": ""BUY"", ""price"": ""4004.87"", ""qty"": ""0.024"", ""reduceOnly"": false}, {""side"": ""SELL"", ""price"": ""4022.38"", ""qty"": ""0.024"", ""reduceOnly"": true}, {""side"": ""BUY"", ""price"": ""3995.86"", ""qty"": ""0.025"", ""reduceOnly"": false}]","[{""price"": ""0"", ""qty"": ""0"", ""clientOrderId"": ""x-Cb7ytekJ286ce5d5e2bbd869e5298a""}, {""price"": ""4022.38"", ""qty"": ""0.024"", ""clientOrderId"": ""TP_AUTO_TP""}]",3809.83,v1,ETHUSDT
2025-09-27T16:42:07.190412+00:00,DUMP,4011.32,0.024,4010.35,0.01924968,"[{""side"": ""SELL"", ""price"": ""0"", ""qty"": ""0"", ""reduceOnly"": true}, {""side"": ""BUY"", ""price"": ""3991.26"", ""qty"": ""0.025"", ""reduceOnly"": false}, {""side"": ""BUY"", ""price"": ""4001.29"", ""qty"": ""0.024"", ""reduceOnly"": false}, {""side"": ""SELL"", ""price"": ""4022.38"", ""qty"": ""0.024"", ""reduceOnly"": true}, {""side"": ""BUY"", ""price"": ""3981.24"", ""qty"": ""0.025"", ""reduceOnly"": false}]","[{""price"": ""0"", ""qty"": ""0"", ""clientOrderId"": ""x-Cb7ytekJ9c3d5301d74ceb51b692af""}, {""price"": ""4022.38"", ""qty"": ""0.024"", ""clientOrderId"": ""TP_AUTO_TP""}]",3809.83,v1,ETHUSDT
2025-09-27T16:45:04.173853+00:00,"{'tipo': 'SOPORTE', 'precio': 200.0, 'volumen': 1568.453}",4008.44,0.024,4010.35,0.01924968,"[{""side"": ""SELL"", ""price"": ""0"", ""qty"": ""0"", ""reduceOnly"": true}, {""side"": ""BUY"", ""price"": ""3991.26"", ""qty"": ""0.025"", ""reduceOnly"": false}, {""side"": ""BUY"", ""price"": ""4001.29"", ""qty"": ""0.024"", ""reduceOnly"": false}, {""side"": ""SELL"", ""price"": ""4022.38"", ""qty"": ""0.024"", ""reduceOnly"": true}, {""side"": ""BUY"", ""price"": ""3981.24"", ""qty"": ""0.025"", ""reduceOnly"": false}]","[{""price"": ""0"", ""qty"": ""0"", ""clientOrderId"": ""x-Cb7ytekJ9c3d5301d74ceb51b692af""}, {""price"": ""4022.38"", ""qty"": ""0.024"", ""clientOrderId"": ""TP_AUTO_TP""}]",3809.83,v1,ETHUSDT
2025-09-27T16:45:08.544807+00:00,"{'tipo': 'SOPORTE', 'precio': 200.0, 'volumen': 1568.453}",4008.43,0.024,4010.35,0.01924968,"[{""side"": ""BUY"", ""price"": ""4005.43"", ""qty"": ""0.024"", ""reduceOnly"": false}, {""side"": ""BUY"", ""price"": ""3996.41"", ""qty"": ""0.025"", ""reduceOnly"": false}, {""side"": ""BUY"", ""price"": ""3999.42"", ""qty"": ""0.025"", ""reduceOnly"": false}, {""side"": ""SELL"", ""price"": ""4022.38"", ""qty"": ""0.024"", ""reduceOnly"": true}, {""side"": ""SELL"", ""price"": ""0"", ""qty"": ""0"", ""reduceOnly"": true}, {""side"": ""BUY"", ""price"": ""4002.43"", ""qty"": ""0.024"", ""reduceOnly"": false}]","[{""price"": ""4022.38"", ""qty"": ""0.024"", ""clientOrderId"": ""TP_AUTO_TP""}, {""price"": ""0"", ""qty"": ""0"", ""clientOrderId"": ""x-Cb7ytekJ4100ecea380d9adc9aa370""}]",3809.83,v1,ETHUSDT
2025-09-27T16:48:04.066700+00:00,"{'tipo': 'SOPORTE', 'precio': 200.0, 'volumen': 1644.934}",4010.51,0.024,4010.35,0.01924968,"[{""side"": ""BUY"", ""price"": ""4005.43"", ""qty"": ""0.024"", ""reduceOnly"": false}, {""side"": ""BUY"", ""price"": ""3996.41"", ""qty"": ""0.025"", ""reduceOnly"": false}, {""side"": ""BUY"", ""price"": ""3999.42"", ""qty"": ""0.025"", ""reduceOnly"": false}, {""side"": ""SELL"", ""price"": ""4022.38"", ""qty"": ""0.024"", ""reduceOnly"": true}, {""side"": ""SELL"", ""price"": ""0"", ""qty"": ""0"", ""reduceOnly"": true}, {""side"": ""BUY"", ""price"": ""4002.43"", ""qty"": ""0.024"", ""reduceOnly"": false}]","[{""price"": ""4022.38"", ""qty"": ""0.024"", ""clientOrderId"": ""TP_AUTO_TP""}, {""price"": ""0"", ""qty"": ""0"", ""clientOrderId"": ""x-Cb7ytekJ4100ecea380d9adc9aa370""}]",3809.83,v1,ETHUSDT
2025-09-27T16:48:07.325412+00:00,"{'tipo': 'SOPORTE', 'precio': 200.0, 'volumen': 1644.934}",4010.51,0.024,4010.35,0.01924968,"[{""side"": ""SELL"", ""price"": ""4022.38"", ""qty"": ""0.024"", ""reduceOnly"": true}, {""side"": ""SELL"", ""price"": ""0"", ""qty"": ""0"", ""reduceOnly"": true}, {""side"": ""BUY"", ""price"": ""4004.49"", ""qty"": ""0.024"", ""reduceOnly"": false}, {""side"": ""BUY"", ""price"": ""4001.49"", ""qty"": ""0.024"", ""reduceOnly"": false}, {""side"": ""BUY"", ""price"": ""3998.48"", ""qty"": ""0.025"", ""reduceOnly"": false}]","[{""price"": ""4022.38"", ""qty"": ""0.024"", ""clientOrderId"": ""TP_AUTO_TP""}, {""price"": ""0"", ""qty"": ""0"", ""clientOrderId"": ""x-Cb7ytekJ4bd5a226b8bdd704858a48""}]",3809.83,v1,ETHUSDT
2025-09-27T16:51:04.061250+00:00,DUMP,4007.29,0.024,4010.35,0.01924968,"[{""side"": ""SELL"", ""price"": ""4022.38"", ""qty"": ""0.024"", ""reduceOnly"": true}, {""side"": ""SELL"", ""price"": ""0"", ""qty"": ""0"", ""reduceOnly"": true}, {""side"": ""BUY"", ""price"": ""4004.49"", ""qty"": ""0.024"", ""reduceOnly"": false}, {""side"": ""BUY"", ""price"": ""4001.49"", ""qty"": ""0.024"", ""reduceOnly"": false}, {""side"": ""BUY"", ""price"": ""3998.48"", ""qty"": ""0.025"", ""reduceOnly"": false}]","[{""price"": ""4022.38"", ""qty"": ""0.024"", ""clientOrderId"": ""TP_AUTO_TP""}, {""price"": ""0"", ""qty"": ""0"", ""clientOrderId"": ""x-Cb7ytekJ4bd5a226b8bdd704858a48""}]",3809.83,v1,ETHUSDT
2025-09-27T16:51:07.344225+00:00,DUMP,4007.28,0.024,4010.35,0.01924968,"[{""side"": ""SELL"", ""price"": ""4022.38"", ""qty"": ""0.024"", ""reduceOnly"": true}, {""side"": ""BUY"", ""price"": ""3987.25"", ""qty"": ""0.025"", ""reduceOnly"": false}, {""side"": ""SELL"", ""price"": ""0"", ""qty"": ""0"", ""reduceOnly"": true}, {""side"": ""BUY"", ""price"": ""3997.27"", ""qty"": ""0.025"", ""reduceOnly"": false}, {""side"": ""BUY"", ""price"": ""3977.24"", ""qty"": ""0.025"", ""reduceOnly"": false}]","[{""price"": ""4022.38"", ""qty"": ""0.024"", ""clientOrderId"": ""TP_AUTO_TP""}, {""price"": ""0"", ""qty"": ""0"", ""clientOrderId"": ""x-Cb7ytekJ1eb1c3e013db2e33cbd38a""}]",3809.83,v1,ETHUSDT
2025-09-27T16:54:04.171510+00:00,"{'tipo': 'SOPORTE', 'precio': 3732.86, 'volumen': 181.921}",4006.96,0.024,4010.35,0.01924968,"[{""side"": ""SELL"", ""price"": ""4022.38"", ""qty"": ""0.024"", ""reduceOnly"": true}, {""side"": ""BUY"", ""price"": ""3987.25"", ""qty"": ""0.025"", ""reduceOnly"": false}, {""side"": ""SELL"", ""price"": ""0"", ""qty"": ""0"", ""reduceOnly"": true}, {""side"": ""BUY"", ""price"": ""3997.27"", ""qty"": ""0.025"", ""reduceOnly"": false}, {""side"": ""BUY"", ""price"": ""3977.24"", ""qty"": ""0.025"", ""reduceOnly"": false}]","[{""price"": ""4022.38"", ""qty"": ""0.024"", ""clientOrderId"": ""TP_AUTO_TP""}, {""price"": ""0"", ""qty"": ""0"", ""clientOrderId"": ""x-Cb7ytekJ1eb1c3e013db2e33cbd38a""}]",3809.83,v1,ETHUSDT
2025-09-27T16:54:07.737535+00:00,"{'tipo': 'SOPORTE', 'precio': 3732.86, 'volumen': 181.921}",4006.96,0.024,4010.35,0.01924968,"[{""side"": ""BUY"", ""price"": ""3997.94"", ""qty"": ""0.025"", ""reduceOnly"": false}, {""side"": ""SELL"", ""price"": ""0"", ""qty"": ""0"", ""reduceOnly"": true}, {""side"": ""SELL"", ""price"": ""4022.38"", ""qty"": ""0.024"", ""reduceOnly"": true}, {""side"": ""BUY"", ""price"": ""4003.95"", ""qty"": ""0.024"", ""reduceOnly"": false}, {""side"": ""BUY"", ""price"": ""4000.95"", ""qty"": ""0.024"", ""reduceOnly"": false}, {""side"": ""BUY"", ""price"": ""3994.94"", ""qty"": ""0.025"", ""reduceOnly"": false}]","[{""price"": ""0"", ""qty"": ""0"", ""clientOrderId"": ""x-Cb7ytekJ85e411ea416a60bf63c6cd""}, {""price"": ""4022.38"", ""qty"": ""0.024"", ""clientOrderId"": ""TP_AUTO_TP""}]",3809.83,v1,ETHUSDT
2025-09-27T16:55:25.956062+00:00,"{'tipo': 'SOPORTE', 'precio': 3000.0, 'volumen': 1571.833}",4003.94,0.048,4007.1499999999996,0.03846864,"[{""side"": ""SELL"", ""price"": ""0"", ""qty"": ""0"", ""reduceOnly"": true}, {""side"": ""BUY"", ""price"": ""3997.94"", ""qty"": ""0.025"", ""reduceOnly"": false}, {""side"": ""SELL"", ""price"": ""0"", ""qty"": ""0"", ""reduceOnly"": true}, {""side"": ""SELL"", ""price"": ""4022.38"", ""qty"": ""0.024"", ""reduceOnly"": true}, {""side"": ""BUY"", ""price"": ""4000.95"", ""qty"": ""0.024"", ""reduceOnly"": false}, {""side"": ""BUY"", ""price"": ""3994.94"", ""qty"": ""0.025"", ""reduceOnly"": false}]","[{""price"": ""0"", ""qty"": ""0"", ""clientOrderId"": ""x-Cb7ytekJ7d54e4f6dabe6638082528""}, {""price"": ""0"", ""qty"": ""0"", ""clientOrderId"": ""x-Cb7ytekJ85e411ea416a60bf63c6cd""}, {""price"": ""4022.38"", ""qty"": ""0.024"", ""clientOrderId"": ""TP_AUTO_TP""}]",3806.79,v1,ETHUSDT
2025-09-27T16:57:04.107539+00:00,"{'tipo': 'SOPORTE', 'precio': 200.0, 'volumen': 1571.532}",4005.27,0.048,4007.1499999999996,0.03846864,"[{""side"": ""SELL"", ""price"": ""0"", ""qty"": ""0"", ""reduceOnly"": true}, {""side"": ""BUY"", ""price"": ""3997.94"", ""qty"": ""0.025"", ""reduceOnly"": false}, {""side"": ""SELL"", ""price"": ""0"", ""qty"": ""0"", ""reduceOnly"": true}, {""side"": ""SELL"", ""price"": ""4022.38"", ""qty"": ""0.024"", ""reduceOnly"": true}, {""side"": ""BUY"", ""price"": ""4000.95"", ""qty"": ""0.024"", ""reduceOnly"": false}, {""side"": ""BUY"", ""price"": ""3994.94"", ""qty"": ""0.025"", ""reduceOnly"": false}]","[{""price"": ""0"", ""qty"": ""0"", ""clientOrderId"": ""x-Cb7ytekJ7d54e4f6dabe6638082528""}, {""price"": ""0"", ""qty"": ""0"", ""clientOrderId"": ""x-Cb7ytekJ85e411ea416a60bf63c6cd""}, {""price"": ""4022.38"", ""qty"": ""0.024"", ""clientOrderId"": ""TP_AUTO_TP""}]",3806.79,v1,ETHUSDT
2025-09-27T16:57:07.680907+00:00,"{'tipo': 'SOPORTE', 'precio': 200.0, 'volumen': 1571.532}",4005.28,0.048,4007.1499999999996,0.03846864,"[{""side"": ""BUY"", ""price"": ""3999.26"", ""qty"": ""0.025"", ""reduceOnly"": false}, {""side"": ""BUY"", ""price"": ""4002.27"", ""qty"": ""0.024"", ""reduceOnly"": false}, {""side"": ""BUY"", ""price"": ""3993.25"", ""qty"": ""0.025"", ""reduceOnly"": false}, {""side"": ""SELL"", ""price"": ""0"", ""qty"": ""0"", ""reduceOnly"": true}, {""side"": ""SELL"", ""price"": ""4019.17"", ""qty"": ""0.048"", ""reduceOnly"": true}, {""side"": ""BUY"", ""price"": ""3996.26"", ""qty"": ""0.025"", ""reduceOnly"": false}]","[{""price"": ""0"", ""qty"": ""0"", ""clientOrderId"": ""x-Cb7ytekJ4c51b87ae43b8fb9cf3a1e""}, {""price"": ""4019.17"", ""qty"": ""0.048"", ""clientOrderId"": ""TP_AUTO_TP""}]",3806.79,v1,ETHUSDT
2025-09-27T17:00:05.561051+00:00,DUMP,4003.0,0.048,4007.1499999999996,0.03846864,"[{""side"": ""BUY"", ""price"": ""3999.26"", ""qty"": ""0.025"", ""reduceOnly"": false}, {""side"": ""BUY"", ""price"": ""4002.27"", ""qty"": ""0.024"", ""reduceOnly"": false}, {""side"": ""BUY"", ""price"": ""3993.25"", ""qty"": ""0.025"", ""reduceOnly"": false}, {""side"": ""SELL"", ""price"": ""0"", ""qty"": ""0"", ""reduceOnly"": true}, {""side"": ""SELL"", ""price"": ""4019.17"", ""qty"": ""0.048"", ""reduceOnly"": true}, {""side"": ""BUY"", ""price"": ""3996.26"", ""qty"": ""0.025"", ""reduceOnly"": false}]","[{""price"": ""0"", ""qty"": ""0"", ""clientOrderId"": ""x-Cb7ytekJ4c51b87ae43b8fb9cf3a1e""}, {""price"": ""4019.17"", ""qty"": ""0.048"", ""clientOrderId"": ""TP_AUTO_TP""}]",3806.79,v1,ETHUSDT
2025-09-27T17:00:09.956987+00:00,DUMP,4002.28,0.048,4007.1499999999996,0.03846864,"[{""side"": ""BUY"", ""price"": ""3992.99"", ""qty"": ""0.025"", ""reduceOnly"": false}, {""side"": ""SELL"", ""price"": ""4019.17"", ""qty"": ""0.048"", ""reduceOnly"": true}, {""side"": ""BUY"", ""price"": ""3982.99"", ""qty"": ""0.025"", ""reduceOnly"": false}, {""side"": ""BUY"", ""price"": ""3972.98"", ""qty"": ""0.025"", ""reduceOnly"": false}, {""side"": ""SELL"", ""price"": ""0"", ""qty"": ""0"", ""reduceOnly"": true}]","[{""price"": ""4019.17"", ""qty"": ""0.048"", ""clientOrderId"": ""TP_AUTO_TP""}, {""price"": ""0"", ""qty"": ""0"", ""clientOrderId"": ""x-Cb7ytekJ403865f809f3b5068ab5ed""}]",3806.79,v1,ETHUSDT
2025-09-27T17:02:16.852226+00:00,DUMP,3992.8,0.07300000000000001,4002.3006849315066,0.05843358,"[{""side"": ""SELL"", ""price"": ""0"", ""qty"": ""0"", ""reduceOnly"": true}, {""side"": ""SELL"", ""price"": ""4019.17"", ""qty"": ""0.048"", ""reduceOnly"": true}, {""side"": ""BUY"", ""price"": ""3982.99"", ""qty"": ""0.025"", ""reduceOnly"": false}, {""side"": ""BUY"", ""price"": ""3972.98"", ""qty"": ""0.025"", ""reduceOnly"": false}, {""side"": ""SELL"", ""price"": ""0"", ""qty"": ""0"", ""reduceOnly"": true}]","[{""price"": ""0"", ""qty"": ""0"", ""clientOrderId"": ""x-Cb7ytekJ8257bc2a430449697ed4a8""}, {""price"": ""4019.17"", ""qty"": ""0.048"", ""clientOrderId"": ""TP_AUTO_TP""}, {""price"": ""0"", ""qty"": ""0"", ""clientOrderId"": ""x-Cb7ytekJ403865f809f3b5068ab5ed""}]",3802.19,v1,ETHUSDT
2025-09-27T17:03:04.223120+00:00,"{'tipo': 'SOPORTE', 'precio': 200.0, 'volumen': 1566.425}",3994.68,0.07300000000000001,4002.3006849315066,0.05843358,"[{""side"": ""SELL"", ""price"": ""0"", ""qty"": ""0"", ""reduceOnly"": true}, {""side"": ""SELL"", ""price"": ""4019.17"", ""qty"": ""0.048"", ""reduceOnly"": true}, {""side"": ""BUY"", ""price"": ""3982.99"", ""qty"": ""0.025"", ""reduceOnly"": false}, {""side"": ""BUY"", ""price"": ""3972.98"", ""qty"": ""0.025"", ""reduceOnly"": false}, {""side"": ""SELL"", ""price"": ""0"", ""qty"": ""0"", ""reduceOnly"": true}]","[{""price"": ""0"", ""qty"": ""0"", ""clientOrderId"": ""x-Cb7ytekJ8257bc2a430449697ed4a8""}, {""price"": ""4019.17"", ""qty"": ""0.048"", ""clientOrderId"": ""TP_AUTO_TP""}, {""price"": ""0"", ""qty"": ""0"", ""clientOrderId"": ""x-Cb7ytekJ403865f809f3b5068ab5ed""}]",3802.19,v1,ETHUSDT
2025-09-27T17:03:08.129304+00:00,"{'tipo': 'SOPORTE', 'precio': 200.0, 'volumen': 1642.182}",3995.0,0.07300000000000001,4002.3006849315066,0.05843358,"[{""side"": ""BUY"", ""price"": ""3982.70"", ""qty"": ""0.025"", ""reduceOnly"": false}, {""side"": ""SELL"", ""price"": ""4014.31"", ""qty"": ""0.073"", ""reduceOnly"": true}, {""side"": ""BUY"", ""price"": ""3991.68"", ""qty"": ""0.025"", ""reduceOnly"": false}, {""side"": ""BUY"", ""price"": ""3988.69"", ""qty"": ""0.025"", ""reduceOnly"": false}, {""side"": ""BUY"", ""price"": ""3985.69"", ""qty"": ""0.025"", ""reduceOnly"": false}, {""side"": ""SELL"", ""price"": ""0"", ""qty"": ""0"", ""reduceOnly"": true}]","[{""price"": ""4014.31"", ""qty"": ""0.073"", ""clientOrderId"": ""TP_AUTO_TP""}, {""price"": ""0"", ""qty"": ""0"", ""clientOrderId"": ""x-Cb7ytekJbf521ad96a234bcb060753""}]",3802.19,v1,ETHUSDT
2025-09-27T17:04:34.432171+00:00,DUMP,3994.75,0.098,3999.5913265306126,0.07839198,"[{""side"": ""BUY"", ""price"": ""3982.70"", ""qty"": ""0.025"", ""reduceOnly"": false}, {""side"": ""SELL"", ""price"": ""4014.31"", ""qty"": ""0.073"", ""reduceOnly"": true}, {""side"": ""SELL"", ""price"": ""0"", ""qty"": ""0"", ""reduceOnly"": true}, {""side"": ""BUY"", ""price"": ""3985.69"", ""qty"": ""0.025"", ""reduceOnly"": false}, {""side"": ""SELL"", ""price"": ""0"", ""qty"": ""0"", ""reduceOnly"": true}]","[{""price"": ""4014.31"", ""qty"": ""0.073"", ""clientOrderId"": ""TP_AUTO_TP""}, {""price"": ""0"", ""qty"": ""0"", ""clientOrderId"": ""x-Cb7ytekJ4d35086e0ccf0a8f62cbff""}, {""price"": ""0"", ""qty"": ""0"", ""clientOrderId"": ""x-Cb7ytekJbf521ad96a234bcb060753""}]",3799.61,v1,ETHUSDT
2025-09-27T17:04:35.766463+00:00,DUMP,3993.5,0.123,3997.375609756098,0.09833543,"[{""side"": ""BUY"", ""price"": ""3982.70"", ""qty"": ""0.025"", ""reduceOnly"": false}, {""side"": ""SELL"", ""price"": ""0"", ""qty"": ""0"", ""reduceOnly"": true}, {""side"": ""SELL"", ""price"": ""4014.31"", ""qty"": ""0.073"", ""reduceOnly"": true}, {""side"": ""SELL"", ""price"": ""0"", ""qty"": ""0"", ""reduceOnly"": true}, {""side"": ""BUY"", ""price"": ""3985.69"", ""qty"": ""0.025"", ""reduceOnly"": false}, {""side"": ""SELL"", ""price"": ""0"", ""qty"": ""0"", ""reduceOnly"": true}]","[{""price"": ""0"", ""qty"": ""0"", ""clientOrderId"": ""x-Cb7ytekJ28abd577a9c698cbd6e8f6""}, {""price"": ""4014.31"", ""qty"": ""0.073"", ""clientOrderId"": ""TP_AUTO_TP""}, {""price"": ""0"", ""qty"": ""0"", ""clientOrderId"": ""x-Cb7ytekJ4d35086e0ccf0a8f62cbff""}, {""price"": ""0"", ""qty"": ""0"", ""clientOrderId"": ""x-Cb7ytekJbf521ad96a234bcb060753""}]",3797.51,v1,ETHUSDT
2025-09-27T17:04:37.434827+00:00,DUMP,3986.44,0.148,3995.4016891891897,0.11826388,"[{""side"": ""BUY"", ""price"": ""3982.70"", ""qty"": ""0.025"", ""reduceOnly"": false}, {""side"": ""SELL"", ""price"": ""0"", ""qty"": ""0"", ""reduceOnly"": true}, {""side"": ""SELL"", ""price"": ""4014.31"", ""qty"": ""0.073"", ""reduceOnly"": true}, {""side"": ""SELL"", ""price"": ""0"", ""qty"": ""0"", ""reduceOnly"": true}, {""side"": ""SELL"", ""price"": ""0"", ""qty"": ""0"", ""reduceOnly"": true}, {""side"": ""SELL"", ""price"": ""0"", ""qty"": ""0"", ""reduceOnly"": true}]","[{""price"": ""0"", ""qty"": ""0"", ""clientOrderId"": ""x-Cb7ytekJ28abd577a9c698cbd6e8f6""}, {""price"": ""4014.31"", ""qty"": ""0.073"", ""clientOrderId"": ""TP_AUTO_TP""}, {""price"": ""0"", ""qty"": ""0"", ""clientOrderId"": ""x-Cb7ytekJ4d35086e0ccf0a8f62cbff""}, {""price"": ""0"", ""qty"": ""0"", ""clientOrderId"": ""x-Cb7ytekJbf521ad96a234bcb060753""}, {""price"": ""0"", ""qty"": ""0"", ""clientOrderId"": ""x-Cb7ytekJ5c1f3a871ad0882c85a750""}]",3797.51,v1,ETHUSDT
2025-09-27T17:06:04.237610+00:00,"{'tipo': 'SOPORTE', 'precio': 200.0, 'volumen': 2379.8430000000003}",3994.76,0.148,3995.4016891891897,0.11826388,"[{""side"": ""BUY"", ""price"": ""3982.70"", ""qty"": ""0.025"", ""reduceOnly"": false}, {""side"": ""SELL"", ""price"": ""0"", ""qty"": ""0"", ""reduceOnly"": true}, {""side"": ""SELL"", ""price"": ""4014.31"", ""qty"": ""0.073"", ""reduceOnly"": true}, {""side"": ""SELL"", ""price"": ""0"", ""qty"": ""0"", ""reduceOnly"": true}, {""side"": ""SELL"", ""price"": ""0"", ""qty"": ""0"", ""reduceOnly"": true}, {""side"": ""SELL"", ""price"": ""0"", ""qty"": ""0"", ""reduceOnly"": true}]","[{""price"": ""0"", ""qty"": ""0"", ""clientOrderId"": ""x-Cb7ytekJ28abd577a9c698cbd6e8f6""}, {""price"": ""4014.31"", ""qty"": ""0.073"", ""clientOrderId"": ""TP_AUTO_TP""}, {""price"": ""0"", ""qty"": ""0"", ""clientOrderId"": ""x-Cb7ytekJ4d35086e0ccf0a8f62cbff""}, {""price"": ""0"", ""qty"": ""0"", ""clientOrderId"": ""x-Cb7ytekJbf521ad96a234bcb060753""}, {""price"": ""0"", ""qty"": ""0"", ""clientOrderId"": ""x-Cb7ytekJ5c1f3a871ad0882c85a750""}]",3797.51,v1,ETHUSDT
2025-09-27T17:06:08.195475+00:00,"{'tipo': 'SOPORTE', 'precio': 3786.05, 'volumen': 521.692}",3995.4,0.148,3995.4016891891897,0.11826388,"[{""side"": ""BUY"", ""price"": ""3985.77"", ""qty"": ""0.025"", ""reduceOnly"": false}, {""side"": ""SELL"", ""price"": ""4007.39"", ""qty"": ""0.148"", ""reduceOnly"": true}, {""side"": ""SELL"", ""price"": ""0"", ""qty"": ""0"", ""reduceOnly"": true}, {""side"": ""BUY"", ""price"": ""3982.78"", ""qty"": ""0.025"", ""reduceOnly"": false}, {""side"": ""BUY"", ""price"": ""3988.77"", ""qty"": ""0.025"", ""reduceOnly"": false}]","[{""price"": ""4007.39"", ""qty"": ""0.148"", ""clientOrderId"": ""TP_AUTO_TP""}, {""price"": ""0"", ""qty"": ""0"", ""clientOrderId"": ""x-Cb7ytekJe64b61329f24efe89bf2b0""}]",3795.63,v1,ETHUSDT
2025-09-27T17:09:04.301834+00:00,"{'tipo': 'SOPORTE', 'precio': 200.0, 'volumen': 1665.359}",3998.45,0.148,3995.4016891891897,0.11826388,"[{""side"": ""BUY"", ""price"": ""3985.77"", ""qty"": ""0.025"", ""reduceOnly"": false}, {""side"": ""SELL"", ""price"": ""4007.39"", ""qty"": ""0.148"", ""reduceOnly"": true}, {""side"": ""SELL"", ""price"": ""0"", ""qty"": ""0"", ""reduceOnly"": true}, {""side"": ""BUY"", ""price"": ""3982.78"", ""qty"": ""0.025"", ""reduceOnly"": false}, {""side"": ""BUY"", ""price"": ""3988.77"", ""qty"": ""0.025"", ""reduceOnly"": false}]","[{""price"": ""4007.39"", ""qty"": ""0.148"", ""clientOrderId"": ""TP_AUTO_TP""}, {""price"": ""0"", ""qty"": ""0"", ""clientOrderId"": ""x-Cb7ytekJe64b61329f24efe89bf2b0""}]",3795.63,v1,ETHUSDT
2025-09-27T17:09:07.242476+00:00,DUMP,3998.46,0.148,3995.4016891891897,0.11826388,"[{""side"": ""BUY"", ""price"": ""3986.45"", ""qty"": ""0.025"", ""reduceOnly"": false}, {""side"": ""SELL"", ""price"": ""4007.39"", ""qty"": ""0.148"", ""reduceOnly"": true}, {""side"": ""SELL"", ""price"": ""0"", ""qty"": ""0"", ""reduceOnly"": true}, {""side"": ""BUY"", ""price"": ""3989.45"", ""qty"": ""0.025"", ""reduceOnly"": false}]","[{""price"": ""4007.39"", ""qty"": ""0.148"", ""clientOrderId"": ""TP_AUTO_TP""}, {""price"": ""0"", ""qty"": ""0"", ""clientOrderId"": ""x-Cb7ytekJecfce3e2e6f3c0ca7d806a""}]",3795.63,v1,ETHUSDT
2025-09-27T17:12:04.306269+00:00,"{'tipo': 'SOPORTE', 'precio': 3808.77, 'volumen': 897.6189999999999}",3999.21,0.148,3995.4016891891897,0.11826388,"[{""side"": ""BUY"", ""price"": ""3986.45"", ""qty"": ""0.025"", ""reduceOnly"": false}, {""side"": ""SELL"", ""price"": ""4007.39"", ""qty"": ""0.148"", ""reduceOnly"": true}, {""side"": ""SELL"", ""price"": ""0"", ""qty"": ""0"", ""reduceOnly"": true}, {""side"": ""BUY"", ""price"": ""3989.45"", ""qty"": ""0.025"", ""reduceOnly"": false}]","[{""price"": ""4007.39"", ""qty"": ""0.148"", ""clientOrderId"": ""TP_AUTO_TP""}, {""price"": ""0"", ""qty"": ""0"", ""clientOrderId"": ""x-Cb7ytekJecfce3e2e6f3c0ca7d806a""}]",3795.63,v1,ETHUSDT
2025-09-27T17:12:07.236611+00:00,DUMP,3999.01,0.148,3995.4016891891897,0.11826388,"[{""side"": ""BUY"", ""price"": ""3990.21"", ""qty"": ""0.025"", ""reduceOnly"": false}, {""side"": ""SELL"", ""price"": ""0"", ""qty"": ""0"", ""reduceOnly"": true}, {""side"": ""BUY"", ""price"": ""3987.21"", ""qty"": ""0.025"", ""reduceOnly"": false}, {""side"": ""SELL"", ""price"": ""4007.39"", ""qty"": ""0.148"", ""reduceOnly"": true}]","[{""price"": ""0"", ""qty"": ""0"", ""clientOrderId"": ""x-Cb7ytekJ6bb3f7aa1fb99e52355b2c""}, {""price"": ""4007.39"", ""qty"": ""0.148"", ""clientOrderId"": ""TP_AUTO_TP""}]",3795.63,v1,ETHUSDT
2025-09-27T17:15:04.351730+00:00,"{'tipo': 'SOPORTE', 'precio': 200.0, 'volumen': 1579.8249999999998}",3992.76,0.148,3995.4016891891897,0.11826388,"[{""side"": ""BUY"", ""price"": ""3990.21"", ""qty"": ""0.025"", ""reduceOnly"": false}, {""side"": ""SELL"", ""price"": ""0"", ""qty"": ""0"", ""reduceOnly"": true}, {""side"": ""BUY"", ""price"": ""3987.21"", ""qty"": ""0.025"", ""reduceOnly"": false}, {""side"": ""SELL"", ""price"": ""4007.39"", ""qty"": ""0.148"", ""reduceOnly"": true}]","[{""price"": ""0"", ""qty"": ""0"", ""clientOrderId"": ""x-Cb7ytekJ6bb3f7aa1fb99e52355b2c""}, {""price"": ""4007.39"", ""qty"": ""0.148"", ""clientOrderId"": ""TP_AUTO_TP""}]",3795.63,v1,ETHUSDT
2025-09-27T17:15:08.156579+00:00,"{'tipo': 'SOPORTE', 'precio': 200.0, 'volumen': 1579.8249999999998}",3992.76,0.148,3995.4016891891897,0.11826388,"[{""side"": ""BUY"", ""price"": ""3983.78"", ""qty"": ""0.025"", ""reduceOnly"": false}, {""side"": ""BUY"", ""price"": ""3980.78"", ""qty"": ""0.025"", ""reduceOnly"": false}, {""side"": ""BUY"", ""price"": ""3989.77"", ""qty"": ""0.025"", ""reduceOnly"": false}, {""side"": ""BUY"", ""price"": ""3986.77"", ""qty"": ""0.025"", ""reduceOnly"": false}, {""side"": ""SELL"", ""price"": ""4007.39"", ""qty"": ""0.148"", ""reduceOnly"": true}, {""side"": ""SELL"", ""price"": ""0"", ""qty"": ""0"", ""reduceOnly"": true}]","[{""price"": ""4007.39"", ""qty"": ""0.148"", ""clientOrderId"": ""TP_AUTO_TP""}, {""price"": ""0"", ""qty"": ""0"", ""clientOrderId"": ""x-Cb7ytekJe1ae9fc00741453a22f5c""}]",3795.63,v1,ETHUSDT
2025-09-27T17:17:45.665626+00:00,"{'tipo': 'SOPORTE', 'precio': 200.0, 'volumen': 568.773}",3992.04,0.173,3994.1543352601166,0.13819773,"[{""side"": ""BUY"", ""price"": ""3983.78"", ""qty"": ""0.025"", ""reduceOnly"": false}, {""side"": ""BUY"", ""price"": ""3980.78"", ""qty"": ""0.025"", ""reduceOnly"": false}, {""side"": ""SELL"", ""price"": ""4007.39"", ""qty"": ""0.148"", ""reduceOnly"": true}, {""side"": ""SELL"", ""price"": ""0"", ""qty"": ""0"", ""reduceOnly"": true}]","[{""price"": ""4007.39"", ""qty"": ""0.148"", ""clientOrderId"": ""TP_AUTO_TP""}, {""price"": ""0"", ""qty"": ""0"", ""clientOrderId"": ""x-Cb7ytekJe1ae9fc00741453a22f5c""}]",3795.63,v1,ETHUSDT
2025-09-27T17:18:37.420458+00:00,"{'tipo': 'SOPORTE', 'precio': 3000.0, 'volumen': 1602.275}",3992.04,0.173,3994.1543352601166,0.13819773,"[{""side"": ""BUY"", ""price"": ""3983.78"", ""qty"": ""0.025"", ""reduceOnly"": false}, {""side"": ""BUY"", ""price"": ""3980.78"", ""qty"": ""0.025"", ""reduceOnly"": false}, {""side"": ""SELL"", ""price"": ""0"", ""qty"": ""0"", ""reduceOnly"": true}, {""side"": ""SELL"", ""price"": ""4007.39"", ""qty"": ""0.148"", ""reduceOnly"": true}, {""side"": ""SELL"", ""price"": ""0"", ""qty"": ""0"", ""reduceOnly"": true}]","[{""price"": ""0"", ""qty"": ""0"", ""clientOrderId"": ""x-Cb7ytekJ13bc401a4150d203e752c""}, {""price"": ""4007.39"", ""qty"": ""0.148"", ""clientOrderId"": ""TP_AUTO_TP""}, {""price"": ""0"", ""qty"": ""0"", ""clientOrderId"": ""x-Cb7ytekJe1ae9fc00741453a22f5c""}]",3794.45,v1,ETHUSDT
2025-09-27T17:18:41.001225+00:00,"{'tipo': 'SOPORTE', 'precio': 3000.0, 'volumen': 1602.275}",3992.04,0.173,3994.1543352601166,0.13819773,"[{""side"": ""SELL"", ""price"": ""4006.14"", ""qty"": ""0.171"", ""reduceOnly"": true}, {""side"": ""SELL"", ""price"": ""0"", ""qty"": ""0"", ""reduceOnly"": true}, {""side"": ""BUY"", ""price"": ""3983.06"", ""qty"": ""0.025"", ""reduceOnly"": false}, {""side"": ""BUY"", ""price"": ""3980.06"", ""qty"": ""0.025"", ""reduceOnly"": false}]","[{""price"": ""4006.14"", ""qty"": ""0.171"", ""clientOrderId"": ""TP_AUTO_TP""}, {""price"": ""0"", ""qty"": ""0"", ""clientOrderId"": ""x-Cb7ytekJ3426cc35dfd0086f0b83fc""}]",3794.45,v1,ETHUSDT
2025-09-27T17:18:42.225500+00:00,"{'tipo': 'SOPORTE', 'precio': 3000.0, 'volumen': 1602.275}",3992.04,0.19799999999999998,3993.061616161617,0.18801647999999999,"[{""side"": ""SELL"", ""price"": ""4006.14"", ""qty"": ""0.171"", ""reduceOnly"": true}, {""side"": ""SELL"", ""price"": ""0"", ""qty"": ""0"", ""reduceOnly"": true}, {""side"": ""SELL"", ""price"": ""0"", ""qty"": ""0"", ""reduceOnly"": true}, {""side"": ""BUY"", ""price"": ""3983.06"", ""qty"": ""0.025"", ""reduceOnly"": false}, {""side"": ""BUY"", ""price"": ""3980.06"", ""qty"": ""0.025"", ""reduceOnly"": false}]","[{""price"": ""4006.14"", ""qty"": ""0.171"", ""clientOrderId"": ""TP_AUTO_TP""}, {""price"": ""0"", ""qty"": ""0"", ""clientOrderId"": ""x-Cb7ytekJ3426cc35dfd0086f0b83fc""}, {""price"": ""0"", ""qty"": ""0"", ""clientOrderId"": ""x-Cb7ytekJe9f300e2fcb45aab9676b2""}]",3794.45,v1,ETHUSDT
2025-09-27T17:18:43.440758+00:00,"{'tipo': 'SOPORTE', 'precio': 3000.0, 'volumen': 1602.275}",3992.04,0.22299999999999998,3992.213901345293,0.23783522999999998,"[{""side"": ""SELL"", ""price"": ""4006.14"", ""qty"": ""0.171"", ""reduceOnly"": true}, {""side"": ""SELL"", ""price"": ""0"", ""qty"": ""0"", ""reduceOnly"": true}, {""side"": ""SELL"", ""price"": ""0"", ""qty"": ""0"", ""reduceOnly"": true}, {""side"": ""BUY"", ""price"": ""3983.06"", ""qty"": ""0.025"", ""reduceOnly"": false}, {""side"": ""BUY"", ""price"": ""3980.06"", ""qty"": ""0.025"", ""reduceOnly"": false}, {""side"": ""SELL"", ""price"": ""0"", ""qty"": ""0"", ""reduceOnly"": true}]","[{""price"": ""4006.14"", ""qty"": ""0.171"", ""clientOrderId"": ""TP_AUTO_TP""}, {""price"": ""0"", ""qty"": ""0"", ""clientOrderId"": ""x-Cb7ytekJ3426cc35dfd0086f0b83fc""}, {""price"": ""0"", ""qty"": ""0"", ""clientOrderId"": ""x-Cb7ytekJe9f300e2fcb45aab9676b2""}, {""price"": ""0"", ""qty"": ""0"", ""clientOrderId"": ""x-Cb7ytekJ39bf66bfcea0e7597ef980""}]",3794.45,v1,ETHUSDT
2025-09-27T17:19:54.579362+00:00,DUMP,0.0,0.24799999999999997,3991.2911290322595,0.25775053,"[{""side"": ""SELL"", ""price"": ""4006.14"", ""qty"": ""0.171"", ""reduceOnly"": true}, {""side"": ""SELL"", ""price"": ""0"", ""qty"": ""0"", ""reduceOnly"": true}, {""side"": ""SELL"", ""price"": ""0"", ""qty"": ""0"", ""reduceOnly"": true}, {""side"": ""SELL"", ""price"": ""0"", ""qty"": ""0"", ""reduceOnly"": true}, {""side"": ""BUY"", ""price"": ""3980.06"", ""qty"": ""0.025"", ""reduceOnly"": false}, {""side"": ""SELL"", ""price"": ""0"", ""qty"": ""0"", ""reduceOnly"": true}]","[{""price"": ""4006.14"", ""qty"": ""0.171"", ""clientOrderId"": ""TP_AUTO_TP""}, {""price"": ""0"", ""qty"": ""0"", ""clientOrderId"": ""x-Cb7ytekJ3426cc35dfd0086f0b83fc""}, {""price"": ""0"", ""qty"": ""0"", ""clientOrderId"": ""x-Cb7ytekJ697ead33eec0a6e9585cb0""}, {""price"": ""0"", ""qty"": ""0"", ""clientOrderId"": ""x-Cb7ytekJe9f300e2fcb45aab9676b2""}, {""price"": ""0"", ""qty"": ""0"", ""clientOrderId"": ""x-Cb7ytekJ39bf66bfcea0e7597ef980""}]",3794.45,v1,ETHUSDT
2025-09-27T17:20:33.134240+00:00,"{'tipo': 'SOPORTE', 'precio': 3779.6, 'volumen': 142.93}",3980.91,0.273,3991.151831502,0.0,"[{""side"": ""SELL"", ""price"": ""4006.14"", ""qty"": ""0.171"", ""reduceOnly"": true}, {""side"": ""SELL"", ""price"": ""0"", ""qty"": ""0"", ""reduceOnly"": true}, {""side"": ""SELL"", ""price"": ""0"", ""qty"": ""0"", ""reduceOnly"": true}, {""side"": ""SELL"", ""price"": ""0"", ""qty"": ""0"", ""reduceOnly"": true}, {""side"": ""SELL"", ""price"": ""0"", ""qty"": ""0"", ""reduceOnly"": true}]","[{""price"": ""4006.14"", ""qty"": ""0.171"", ""clientOrderId"": ""TP_AUTO_TP""}, {""price"": ""0"", ""qty"": ""0"", ""clientOrderId"": ""x-Cb7ytekJ3426cc35dfd0086f0b83fc""}, {""price"": ""0"", ""qty"": ""0"", ""clientOrderId"": ""x-Cb7ytekJ697ead33eec0a6e9585cb0""}, {""price"": ""0"", ""qty"": ""0"", ""clientOrderId"": ""x-Cb7ytekJe9f300e2fcb45aab9676b2""}, {""price"": ""0"", ""qty"": ""0"", ""clientOrderId"": ""x-Cb7ytekJ39bf66bfcea0e7597ef980""}]",3794.45,v1,ETHUSDT
2025-09-27T17:20:36.713150+00:00,"{'tipo': 'SOPORTE', 'precio': 3779.6, 'volumen': 142.93}",3980.76,0.273,3991.151831502,0.0,"[{""side"": ""BUY"", ""price"": ""3968.97"", ""qty"": ""0.025"", ""reduceOnly"": false}, {""side"": ""BUY"", ""price"": ""3971.95"", ""qty"": ""0.025"", ""reduceOnly"": false}, {""side"": ""BUY"", ""price"": ""3974.94"", ""qty"": ""0.025"", ""reduceOnly"": false}, {""side"": ""SELL"", ""price"": ""0"", ""qty"": ""0"", ""reduceOnly"": true}, {""side"": ""BUY"", ""price"": ""3977.92"", ""qty"": ""0.025"", ""reduceOnly"": false}, {""side"": ""SELL"", ""price"": ""4003.13"", ""qty"": ""0.273"", ""reduceOnly"": true}]","[{""price"": ""0"", ""qty"": ""0"", ""clientOrderId"": ""x-Cb7ytekJ3c482a9fb13831708f343d""}, {""price"": ""4003.13"", ""qty"": ""0.273"", ""clientOrderId"": ""TP_AUTO_TP""}]",3791.59,v1,ETHUSDT
2025-09-27T17:23:27.235055+00:00,,3990.2,0.298,3990.2213087249997,0.0,"[{""side"": ""BUY"", ""price"": ""3968.97"", ""qty"": ""0.025"", ""reduceOnly"": false}, {""side"": ""SELL"", ""price"": ""4002.19"", ""qty"": ""0.298"", ""reduceOnly"": true}, {""side"": ""BUY"", ""price"": ""3971.95"", ""qty"": ""0.025"", ""reduceOnly"": false}, {""side"": ""BUY"", ""price"": ""3974.94"", ""qty"": ""0.025"", ""reduceOnly"": false}, {""side"": ""SELL"", ""price"": ""0"", ""qty"": ""0"", ""reduceOnly"": true}, {""side"": ""BUY"", ""price"": ""3977.92"", ""qty"": ""0.025"", ""reduceOnly"": false}]","[{""price"": ""4002.19"", ""qty"": ""0.298"", ""clientOrderId"": ""TP_AUTO_TP_1758993801648""}, {""price"": ""0"", ""qty"": ""0"", ""clientOrderId"": ""x-Cb7ytekJ3c482a9fb13831708f343d""}]",3791.59,v1,ETHUSDT
2025-09-27T17:23:30.669981+00:00,"{'tipo': 'SOPORTE', 'precio': 200.0, 'volumen': 1575.561}",3990.2,0.298,3990.2213087249997,0.0,"[{""side"": ""BUY"", ""price"": ""3983.72"", ""qty"": ""0.025"", ""reduceOnly"": false}, {""side"": ""SELL"", ""price"": ""4002.19"", ""qty"": ""0.298"", ""reduceOnly"": true}, {""side"": ""BUY"", ""price"": ""3970.75"", ""qty"": ""0.025"", ""reduceOnly"": false}, {""side"": ""BUY"", ""price"": ""3977.23"", ""qty"": ""0.025"", ""reduceOnly"": false}, {""side"": ""SELL"", ""price"": ""0"", ""qty"": ""0"", ""reduceOnly"": true}]","[{""price"": ""4002.19"", ""qty"": ""0.298"", ""clientOrderId"": ""TP_AUTO_TP_1758993809680""}, {""price"": ""0"", ""qty"": ""0"", ""clientOrderId"": ""x-Cb7ytekJ43763bce6d376c7b7b893a""}]",3790.71,v1,ETHUSDT
2025-09-27T17:26:27.720998+00:00,"{'tipo': 'SOPORTE', 'precio': 200.0, 'volumen': 1570.358}",3985.92,0.298,3990.2213087249997,0.0,"[{""side"": ""BUY"", ""price"": ""3983.72"", ""qty"": ""0.025"", ""reduceOnly"": false}, {""side"": ""SELL"", ""price"": ""4002.19"", ""qty"": ""0.298"", ""reduceOnly"": true}, {""side"": ""BUY"", ""price"": ""3970.75"", ""qty"": ""0.025"", ""reduceOnly"": false}, {""side"": ""BUY"", ""price"": ""3977.23"", ""qty"": ""0.025"", ""reduceOnly"": false}, {""side"": ""SELL"", ""price"": ""0"", ""qty"": ""0"", ""reduceOnly"": true}]","[{""price"": ""4002.19"", ""qty"": ""0.298"", ""clientOrderId"": ""TP_AUTO_TP_1758993809680""}, {""price"": ""0"", ""qty"": ""0"", ""clientOrderId"": ""x-Cb7ytekJ43763bce6d376c7b7b893a""}]",3790.71,v1,ETHUSDT
2025-09-27T17:26:31.348912+00:00,DUMP,3985.93,0.298,3990.2213087249997,0.0,"[{""side"": ""BUY"", ""price"": ""3973.96"", ""qty"": ""0.025"", ""reduceOnly"": false}, {""side"": ""BUY"", ""price"": ""3982.93"", ""qty"": ""0.025"", ""reduceOnly"": false}, {""side"": ""BUY"", ""price"": ""3976.95"", ""qty"": ""0.025"", ""reduceOnly"": false}, {""side"": ""SELL"", ""price"": ""4002.19"", ""qty"": ""0.298"", ""reduceOnly"": true}, {""side"": ""SELL"", ""price"": ""0"", ""qty"": ""0"", ""reduceOnly"": true}, {""side"": ""BUY"", ""price"": ""3979.94"", ""qty"": ""0.025"", ""reduceOnly"": false}]","[{""price"": ""4002.19"", ""qty"": ""0.298"", ""clientOrderId"": ""TP_AUTO_TP_1758993990355""}, {""price"": ""0"", ""qty"": ""0"", ""clientOrderId"": ""x-Cb7ytekJfa2fbb3629c9479d1370b5""}]",3790.71,v1,ETHUSDT
2025-09-27T17:26:44.368853+00:00,"{'tipo': 'SOPORTE', 'precio': 200.0, 'volumen': 109.86200000000001}",3985.02,0.323,3989.6569659444267,0.01991465,"[{""side"": ""SELL"", ""price"": ""0"", ""qty"": ""0"", ""reduceOnly"": true}, {""side"": ""BUY"", ""price"": ""3973.96"", ""qty"": ""0.025"", ""reduceOnly"": false}, {""side"": ""BUY"", ""price"": ""3976.95"", ""qty"": ""0.025"", ""reduceOnly"": false}, {""side"": ""SELL"", ""price"": ""4002.19"", ""qty"": ""0.298"", ""reduceOnly"": true}, {""side"": ""SELL"", ""price"": ""0"", ""qty"": ""0"", ""reduceOnly"": true}, {""side"": ""BUY"", ""price"": ""3979.94"", ""qty"": ""0.025"", ""reduceOnly"": false}]","[{""price"": ""0"", ""qty"": ""0"", ""clientOrderId"": ""x-Cb7ytekJaa79ce9c736274de07d309""}, {""price"": ""4002.19"", ""qty"": ""0.298"", ""clientOrderId"": ""TP_AUTO_TP_1758993990355""}, {""price"": ""0"", ""qty"": ""0"", ""clientOrderId"": ""x-Cb7ytekJfa2fbb3629c9479d1370b5""}]",3790.17,v1,ETHUSDT
2025-09-27T17:27:03.115620+00:00,DUMP,3980.0,0.34800000000000003,3988.9589080461196,0.03981435,"[{""side"": ""SELL"", ""price"": ""0"", ""qty"": ""0"", ""reduceOnly"": true}, {""side"": ""BUY"", ""price"": ""3973.96"", ""qty"": ""0.025"", ""reduceOnly"": false}, {""side"": ""BUY"", ""price"": ""3976.95"", ""qty"": ""0.025"", ""reduceOnly"": false}, {""side"": ""SELL"", ""price"": ""0"", ""qty"": ""0"", ""reduceOnly"": true}, {""side"": ""SELL"", ""price"": ""0"", ""qty"": ""0"", ""reduceOnly"": true}, {""side"": ""SELL"", ""price"": ""4000.93"", ""qty"": ""0.346"", ""reduceOnly"": true}]","[{""price"": ""0"", ""qty"": ""0"", ""clientOrderId"": ""x-Cb7ytekJaa79ce9c736274de07d309""}, {""price"": ""0"", ""qty"": ""0"", ""clientOrderId"": ""x-Cb7ytekJd0668b0f2216bdec298947""}, {""price"": ""0"", ""qty"": ""0"", ""clientOrderId"": ""x-Cb7ytekJfa2fbb3629c9479d1370b5""}, {""price"": ""4000.93"", ""qty"": ""0.346"", ""clientOrderId"": ""TP_AUTO_TP_1758994022204""}]",3790.17,v1,ETHUSDT
2025-09-27T17:29:27.337300+00:00,"{'tipo': 'SOPORTE', 'precio': 200.0, 'volumen': 1757.7359999999999}",3988.15,0.34800000000000003,3988.9589080461196,0.03981435,"[{""side"": ""SELL"", ""price"": ""0"", ""qty"": ""0"", ""reduceOnly"": true}, {""side"": ""BUY"", ""price"": ""3973.96"", ""qty"": ""0.025"", ""reduceOnly"": false}, {""side"": ""BUY"", ""price"": ""3976.95"", ""qty"": ""0.025"", ""reduceOnly"": false}, {""side"": ""SELL"", ""price"": ""0"", ""qty"": ""0"", ""reduceOnly"": true}, {""side"": ""SELL"", ""price"": ""0"", ""qty"": ""0"", ""reduceOnly"": true}, {""side"": ""SELL"", ""price"": ""4000.93"", ""qty"": ""0.346"", ""reduceOnly"": true}]","[{""price"": ""0"", ""qty"": ""0"", ""clientOrderId"": ""x-Cb7ytekJaa79ce9c736274de07d309""}, {""price"": ""0"", ""qty"": ""0"", ""clientOrderId"": ""x-Cb7ytekJd0668b0f2216bdec298947""}, {""price"": ""0"", ""qty"": ""0"", ""clientOrderId"": ""x-Cb7ytekJfa2fbb3629c9479d1370b5""}, {""price"": ""4000.93"", ""qty"": ""0.346"", ""clientOrderId"": ""TP_AUTO_TP_1758994022204""}]",3790.17,v1,ETHUSDT
2025-09-27T17:29:30.253018+00:00,DUMP,3987.9,0.34800000000000003,3988.9589080461196,0.03981435,"[{""side"": ""BUY"", ""price"": ""3982.17"", ""qty"": ""0.025"", ""reduceOnly"": false}, {""side"": ""SELL"", ""price"": ""0"", ""qty"": ""0"", ""reduceOnly"": true}, {""side"": ""BUY"", ""price"": ""3979.18"", ""qty"": ""0.025"", ""reduceOnly"": false}, {""side"": ""SELL"", ""price"": ""4000.93"", ""qty"": ""0.346"", ""reduceOnly"": true}]","[{""price"": ""0"", ""qty"": ""0"", ""clientOrderId"": ""x-Cb7ytekJd3c2f6bbed54388e0d3bb2""}, {""price"": ""4000.93"", ""qty"": ""0.346"", ""clientOrderId"": ""TP_AUTO_TP_1758994169343""}]",3789.51,v1,ETHUSDT
2025-09-27T17:32:27.367225+00:00,"{'tipo': 'SOPORTE', 'precio': 200.0, 'volumen': 1579.156}",3993.49,0.34800000000000003,3988.9589080461196,0.03981435,"[{""side"": ""BUY"", ""price"": ""3982.17"", ""qty"": ""0.025"", ""reduceOnly"": false}, {""side"": ""SELL"", ""price"": ""0"", ""qty"": ""0"", ""reduceOnly"": true}, {""side"": ""BUY"", ""price"": ""3979.18"", ""qty"": ""0.025"", ""reduceOnly"": false}, {""side"": ""SELL"", ""price"": ""4000.93"", ""qty"": ""0.346"", ""reduceOnly"": true}]","[{""price"": ""0"", ""qty"": ""0"", ""clientOrderId"": ""x-Cb7ytekJd3c2f6bbed54388e0d3bb2""}, {""price"": ""4000.93"", ""qty"": ""0.346"", ""clientOrderId"": ""TP_AUTO_TP_1758994169343""}]",3789.51,v1,ETHUSDT
2025-09-27T17:32:30.813936+00:00,"{'tipo': 'SOPORTE', 'precio': 200.0, 'volumen': 1579.156}",3993.49,0.34800000000000003,3988.9589080461196,0.03981435,"[{""side"": ""SELL"", ""price"": ""0"", ""qty"": ""0"", ""reduceOnly"": true}, {""side"": ""BUY"", ""price"": ""3984.50"", ""qty"": ""0.025"", ""reduceOnly"": false}, {""side"": ""SELL"", ""price"": ""4000.93"", ""qty"": ""0.346"", ""reduceOnly"": true}]","[{""price"": ""0"", ""qty"": ""0"", ""clientOrderId"": ""x-Cb7ytekJ3120ce810c91a728792625""}, {""price"": ""4000.93"", ""qty"": ""0.346"", ""clientOrderId"": ""TP_AUTO_TP_1758994349262""}]",3789.51,v1,ETHUSDT
2025-09-27T17:35:27.384157+00:00,DUMP,3998.17,0.34800000000000003,3988.9589080461196,0.03981435,"[{""side"": ""SELL"", ""price"": ""0"", ""qty"": ""0"", ""reduceOnly"": true}, {""side"": ""BUY"", ""price"": ""3984.50"", ""qty"": ""0.025"", ""reduceOnly"": false}, {""side"": ""SELL"", ""price"": ""4000.93"", ""qty"": ""0.346"", ""reduceOnly"": true}]","[{""price"": ""0"", ""qty"": ""0"", ""clientOrderId"": ""x-Cb7ytekJ3120ce810c91a728792625""}, {""price"": ""4000.93"", ""qty"": ""0.346"", ""clientOrderId"": ""TP_AUTO_TP_1758994349262""}]",3789.51,v1,ETHUSDT
2025-09-27T17:35:30.308936+00:00,DUMP,3997.8,0.34800000000000003,3988.9589080461196,0.03981435,"[{""side"": ""BUY"", ""price"": ""3968.18"", ""qty"": ""0.025"", ""reduceOnly"": false}, {""side"": ""SELL"", ""price"": ""4000.93"", ""qty"": ""0.346"", ""reduceOnly"": true}, {""side"": ""BUY"", ""price"": ""3978.18"", ""qty"": ""0.025"", ""reduceOnly"": false}, {""side"": ""SELL"", ""price"": ""0"", ""qty"": ""0"", ""reduceOnly"": true}]","[{""price"": ""4000.93"", ""qty"": ""0.346"", ""clientOrderId"": ""TP_AUTO_TP_1758994529393""}, {""price"": ""0"", ""qty"": ""0"", ""clientOrderId"": ""x-Cb7ytekJad686a6dab805677587414""}]",3789.51,v1,ETHUSDT
2025-09-27T17:38:27.431149+00:00,"{'tipo': 'SOPORTE', 'precio': 3000.0, 'volumen': 1715.1080000000002}",3995.31,0.34800000000000003,3988.9589080461196,0.03981435,"[{""side"": ""BUY"", ""price"": ""3968.18"", ""qty"": ""0.025"", ""reduceOnly"": false}, {""side"": ""SELL"", ""price"": ""4000.93"", ""qty"": ""0.346"", ""reduceOnly"": true}, {""side"": ""BUY"", ""price"": ""3978.18"", ""qty"": ""0.025"", ""reduceOnly"": false}, {""side"": ""SELL"", ""price"": ""0"", ""qty"": ""0"", ""reduceOnly"": true}]","[{""price"": ""4000.93"", ""qty"": ""0.346"", ""clientOrderId"": ""TP_AUTO_TP_1758994529393""}, {""price"": ""0"", ""qty"": ""0"", ""clientOrderId"": ""x-Cb7ytekJad686a6dab805677587414""}]",3789.51,v1,ETHUSDT
2025-09-27T17:38:29.763724+00:00,"{'tipo': 'SOPORTE', 'precio': 3000.0, 'volumen': 1715.1080000000002}",3995.32,0.34800000000000003,3988.9589080461196,0.03981435,"[{""side"": ""SELL"", ""price"": ""4000.93"", ""qty"": ""0.346"", ""reduceOnly"": true}, {""side"": ""SELL"", ""price"": ""0"", ""qty"": ""0"", ""reduceOnly"": true}]","[{""price"": ""4000.93"", ""qty"": ""0.346"", ""clientOrderId"": ""TP_AUTO_TP_1758994708853""}, {""price"": ""0"", ""qty"": ""0"", ""clientOrderId"": ""x-Cb7ytekJ49a7a61cf203fffd5b3338""}]",3789.51,v1,ETHUSDT
2025-09-27T17:41:27.448029+00:00,DUMP,3994.17,0.34800000000000003,3988.9589080461196,0.03981435,"[{""side"": ""SELL"", ""price"": ""4000.93"", ""qty"": ""0.346"", ""reduceOnly"": true}, {""side"": ""SELL"", ""price"": ""0"", ""qty"": ""0"", ""reduceOnly"": true}]","[{""price"": ""4000.93"", ""qty"": ""0.346"", ""clientOrderId"": ""TP_AUTO_TP_1758994708853""}, {""price"": ""0"", ""qty"": ""0"", ""clientOrderId"": ""x-Cb7ytekJ49a7a61cf203fffd5b3338""}]",3789.51,v1,ETHUSDT
2025-09-27T17:41:30.697040+00:00,DUMP,3994.17,0.34800000000000003,3988.9589080461196,0.03981435,"[{""side"": ""BUY"", ""price"": ""3984.18"", ""qty"": ""0.025"", ""reduceOnly"": false}, {""side"": ""BUY"", ""price"": ""3974.20"", ""qty"": ""0.025"", ""reduceOnly"": false}, {""side"": ""BUY"", ""price"": ""3964.21"", ""qty"": ""0.025"", ""reduceOnly"": false}, {""side"": ""SELL"", ""price"": ""0"", ""qty"": ""0"", ""reduceOnly"": true}, {""side"": ""SELL"", ""price"": ""4000.93"", ""qty"": ""0.346"", ""reduceOnly"": true}]","[{""price"": ""0"", ""qty"": ""0"", ""clientOrderId"": ""x-Cb7ytekJ3b2f64a561e373c4cbdb7c""}, {""price"": ""4000.93"", ""qty"": ""0.346"", ""clientOrderId"": ""TP_AUTO_TP_1758994889784""}]",3789.51,v1,ETHUSDT
2025-09-27T17:44:27.539268+00:00,"{'tipo': 'SOPORTE', 'precio': 3000.0, 'volumen': 1708.1950000000002}",3994.57,0.34800000000000003,3988.9589080461196,0.03981435,"[{""side"": ""BUY"", ""price"": ""3984.18"", ""qty"": ""0.025"", ""reduceOnly"": false}, {""side"": ""BUY"", ""price"": ""3974.20"", ""qty"": ""0.025"", ""reduceOnly"": false}, {""side"": ""BUY"", ""price"": ""3964.21"", ""qty"": ""0.025"", ""reduceOnly"": false}, {""side"": ""SELL"", ""price"": ""0"", ""qty"": ""0"", ""reduceOnly"": true}, {""side"": ""SELL"", ""price"": ""4000.93"", ""qty"": ""0.346"", ""reduceOnly"": true}]","[{""price"": ""0"", ""qty"": ""0"", ""clientOrderId"": ""x-Cb7ytekJ3b2f64a561e373c4cbdb7c""}, {""price"": ""4000.93"", ""qty"": ""0.346"", ""clientOrderId"": ""TP_AUTO_TP_1758994889784""}]",3789.51,v1,ETHUSDT
2025-09-27T17:44:29.976042+00:00,"{'tipo': 'SOPORTE', 'precio': 3000.0, 'volumen': 1708.1950000000002}",3994.42,0.34800000000000003,3988.9589080461196,0.03981435,"[{""side"": ""SELL"", ""price"": ""4000.93"", ""qty"": ""0.346"", ""reduceOnly"": true}, {""side"": ""SELL"", ""price"": ""0"", ""qty"": ""0"", ""reduceOnly"": true}]","[{""price"": ""4000.93"", ""qty"": ""0.346"", ""clientOrderId"": ""TP_AUTO_TP_1758995069059""}, {""price"": ""0"", ""qty"": ""0"", ""clientOrderId"": ""x-Cb7ytekJ4badaa64e1d0842fd8d3b5""}]",3789.51,v1,ETHUSDT
2025-09-27T17:47:27.617979+00:00,"{'tipo': 'SOPORTE', 'precio': 3986.89, 'volumen': 120.36599999999999}",3992.13,0.34800000000000003,3988.9589080461196,0.03981435,"[{""side"": ""SELL"", ""price"": ""4000.93"", ""qty"": ""0.346"", ""reduceOnly"": true}, {""side"": ""SELL"", ""price"": ""0"", ""qty"": ""0"", ""reduceOnly"": true}]","[{""price"": ""4000.93"", ""qty"": ""0.346"", ""clientOrderId"": ""TP_AUTO_TP_1758995069059""}, {""price"": ""0"", ""qty"": ""0"", ""clientOrderId"": ""x-Cb7ytekJ4badaa64e1d0842fd8d3b5""}]",3789.51,v1,ETHUSDT
2025-09-27T17:47:30.555678+00:00,"{'tipo': 'SOPORTE', 'precio': 3986.89, 'volumen': 120.36599999999999}",0.0,0.34800000000000003,3988.9589080461196,0.03981435,"[{""side"": ""SELL"", ""price"": ""4000.93"", ""qty"": ""0.346"", ""reduceOnly"": true}, {""side"": ""SELL"", ""price"": ""0"", ""qty"": ""0"", ""reduceOnly"": true}, {""side"": ""BUY"", ""price"": ""3983.15"", ""qty"": ""0.025"", ""reduceOnly"": false}, {""side"": ""BUY"", ""price"": ""3980.15"", ""qty"": ""0.025"", ""reduceOnly"": false}]","[{""price"": ""4000.93"", ""qty"": ""0.346"", ""clientOrderId"": ""TP_AUTO_TP_1758995249641""}, {""price"": ""0"", ""qty"": ""0"", ""clientOrderId"": ""x-Cb7ytekJ8c3b74af9df1627ff46a0c""}]",3789.51,v1,ETHUSDT
2025-09-27T17:50:27.639240+00:00,"{'tipo': 'SOPORTE', 'precio': 3000.0, 'volumen': 1594.573}",3993.85,0.34800000000000003,3988.9589080461196,0.03981435,"[{""side"": ""SELL"", ""price"": ""4000.93"", ""qty"": ""0.346"", ""reduceOnly"": true}, {""side"": ""SELL"", ""price"": ""0"", ""qty"": ""0"", ""reduceOnly"": true}, {""side"": ""BUY"", ""price"": ""3983.15"", ""qty"": ""0.025"", ""reduceOnly"": false}, {""side"": ""BUY"", ""price"": ""3980.15"", ""qty"": ""0.025"", ""reduceOnly"": false}]","[{""price"": ""4000.93"", ""qty"": ""0.346"", ""clientOrderId"": ""TP_AUTO_TP_1758995249641""}, {""price"": ""0"", ""qty"": ""0"", ""clientOrderId"": ""x-Cb7ytekJ8c3b74af9df1627ff46a0c""}]",3789.51,v1,ETHUSDT
2025-09-27T17:50:30.301129+00:00,"{'tipo': 'SOPORTE', 'precio': 3000.0, 'volumen': 1594.573}",3993.64,0.34800000000000003,3988.9589080461196,0.03981435,"[{""side"": ""BUY"", ""price"": ""3984.86"", ""qty"": ""0.025"", ""reduceOnly"": false}, {""side"": ""SELL"", ""price"": ""4000.93"", ""qty"": ""0.346"", ""reduceOnly"": true}, {""side"": ""SELL"", ""price"": ""0"", ""qty"": ""0"", ""reduceOnly"": true}]","[{""price"": ""4000.93"", ""qty"": ""0.346"", ""clientOrderId"": ""TP_AUTO_TP_1758995429383""}, {""price"": ""0"", ""qty"": ""0"", ""clientOrderId"": ""x-Cb7ytekJ905c3179337ef5c32b693a""}]",3789.51,v1,ETHUSDT
2025-09-27T17:53:27.651374+00:00,"{'tipo': 'SOPORTE', 'precio': 3000.0, 'volumen': 1577.1700000000003}",3999.22,0.34800000000000003,3988.9589080461196,0.03981435,"[{""side"": ""BUY"", ""price"": ""3984.86"", ""qty"": ""0.025"", ""reduceOnly"": false}, {""side"": ""SELL"", ""price"": ""4000.93"", ""qty"": ""0.346"", ""reduceOnly"": true}, {""side"": ""SELL"", ""price"": ""0"", ""qty"": ""0"", ""reduceOnly"": true}]","[{""price"": ""4000.93"", ""qty"": ""0.346"", ""clientOrderId"": ""TP_AUTO_TP_1758995429383""}, {""price"": ""0"", ""qty"": ""0"", ""clientOrderId"": ""x-Cb7ytekJ905c3179337ef5c32b693a""}]",3789.51,v1,ETHUSDT
2025-09-27T17:53:29.960319+00:00,"{'tipo': 'SOPORTE', 'precio': 3000.0, 'volumen': 1577.1700000000003}",3999.22,0.34800000000000003,3988.9589080461196,0.03981435,"[{""side"": ""SELL"", ""price"": ""0"", ""qty"": ""0"", ""reduceOnly"": true}, {""side"": ""SELL"", ""price"": ""4000.93"", ""qty"": ""0.346"", ""reduceOnly"": true}]","[{""price"": ""0"", ""qty"": ""0"", ""clientOrderId"": ""x-Cb7ytekJ431a60ff8ea719c07faaac""}, {""price"": ""4000.93"", ""qty"": ""0.346"", ""clientOrderId"": ""TP_AUTO_TP_1758995609050""}]",3789.51,v1,ETHUSDT
2025-09-27T17:56:27.906228+00:00,"{'tipo': 'SOPORTE', 'precio': 3000.0, 'volumen': 1785.7160000000003}",4000.45,0.34800000000000003,3988.9589080461196,0.03981435,"[{""side"": ""SELL"", ""price"": ""0"", ""qty"": ""0"", ""reduceOnly"": true}, {""side"": ""SELL"", ""price"": ""4000.93"", ""qty"": ""0.346"", ""reduceOnly"": true}]","[{""price"": ""0"", ""qty"": ""0"", ""clientOrderId"": ""x-Cb7ytekJ431a60ff8ea719c07faaac""}, {""price"": ""4000.93"", ""qty"": ""0.346"", ""clientOrderId"": ""TP_AUTO_TP_1758995609050""}]",3789.51,v1,ETHUSDT
2025-09-27T17:56:30.252829+00:00,DUMP,4000.32,0.34800000000000003,3988.9589080461196,0.03981435,"[{""side"": ""SELL"", ""price"": ""4000.93"", ""qty"": ""0.346"", ""reduceOnly"": true}, {""side"": ""SELL"", ""price"": ""0"", ""qty"": ""0"", ""reduceOnly"": true}]","[{""price"": ""4000.93"", ""qty"": ""0.346"", ""clientOrderId"": ""TP_AUTO_TP_1758995789331""}, {""price"": ""0"", ""qty"": ""0"", ""clientOrderId"": ""x-Cb7ytekJ31243d51475fd20de2b292""}]",3789.51,v1,ETHUSDT
2025-09-27T17:59:27.079455+00:00,"{'tipo': 'SOPORTE', 'precio': 3000.0, 'volumen': 1604.122}",4000.83,0.0020000000000000573,3988.9589080461287,0.3166787,"[{""side"": ""SELL"", ""price"": ""0"", ""qty"": ""0"", ""reduceOnly"": true}, {""side"": ""SELL"", ""price"": ""0"", ""qty"": ""0"", ""reduceOnly"": true}]","[{""price"": ""0"", ""qty"": ""0"", ""clientOrderId"": ""x-Cb7ytekJ31243d51475fd20de2b292""}, {""price"": ""0"", ""qty"": ""0"", ""clientOrderId"": ""x-Cb7ytekJ3f1af5f285e3cad61fe6e""}]",3789.51,v1,ETHUSDT
2025-09-27T17:59:27.837784+00:00,"{'tipo': 'SOPORTE', 'precio': 3000.0, 'volumen': 1604.122}",4000.85,0.0020000000000000573,3988.9589080461287,0.3166787,"[{""side"": ""SELL"", ""price"": ""0"", ""qty"": ""0"", ""reduceOnly"": true}, {""side"": ""SELL"", ""price"": ""0"", ""qty"": ""0"", ""reduceOnly"": true}]","[{""price"": ""0"", ""qty"": ""0"", ""clientOrderId"": ""x-Cb7ytekJ31243d51475fd20de2b292""}, {""price"": ""0"", ""qty"": ""0"", ""clientOrderId"": ""x-Cb7ytekJ3f1af5f285e3cad61fe6e""}]",3789.51,v1,ETHUSDT
2025-09-27T18:00:30.176127+00:00,"{'tipo': 'SOPORTE', 'precio': 200.0, 'volumen': 1635.321}",3998.03,0.025,3997.85,0.01998925,"[{""side"": ""SELL"", ""price"": ""0"", ""qty"": ""0"", ""reduceOnly"": true}, {""side"": ""BUY"", ""price"": ""3994.85"", ""qty"": ""0.025"", ""reduceOnly"": false}, {""side"": ""BUY"", ""price"": ""3991.85"", ""qty"": ""0.025"", ""reduceOnly"": false}, {""side"": ""SELL"", ""price"": ""4009.84"", ""qty"": ""0.025"", ""reduceOnly"": true}, {""side"": ""BUY"", ""price"": ""3988.85"", ""qty"": ""0.025"", ""reduceOnly"": false}]","[{""price"": ""0"", ""qty"": ""0"", ""clientOrderId"": ""x-Cb7ytekJ76d18c37d6576c0fb2130f""}, {""price"": ""4009.84"", ""qty"": ""0.025"", ""clientOrderId"": ""TP_AUTO_TP_1758996028871""}]",3797.96,v1,ETHUSDT
2025-09-27T18:02:27.787242+00:00,"{'tipo': 'SOPORTE', 'precio': 200.0, 'volumen': 1577.969}",4001.24,0.025,3997.85,0.01998925,"[{""side"": ""SELL"", ""price"": ""0"", ""qty"": ""0"", ""reduceOnly"": true}, {""side"": ""BUY"", ""price"": ""3994.85"", ""qty"": ""0.025"", ""reduceOnly"": false}, {""side"": ""BUY"", ""price"": ""3991.85"", ""qty"": ""0.025"", ""reduceOnly"": false}, {""side"": ""SELL"", ""price"": ""4009.84"", ""qty"": ""0.025"", ""reduceOnly"": true}, {""side"": ""BUY"", ""price"": ""3988.85"", ""qty"": ""0.025"", ""reduceOnly"": false}]","[{""price"": ""0"", ""qty"": ""0"", ""clientOrderId"": ""x-Cb7ytekJ76d18c37d6576c0fb2130f""}, {""price"": ""4009.84"", ""qty"": ""0.025"", ""clientOrderId"": ""TP_AUTO_TP_1758996028871""}]",3797.96,v1,ETHUSDT
2025-09-27T18:02:30.742102+00:00,"{'tipo': 'SOPORTE', 'precio': 200.0, 'volumen': 1577.969}",4001.25,0.025,3997.85,0.01998925,"[{""side"": ""BUY"", ""price"": ""3989.24"", ""qty"": ""0.025"", ""reduceOnly"": false}, {""side"": ""SELL"", ""price"": ""4009.84"", ""qty"": ""0.025"", ""reduceOnly"": true}, {""side"": ""SELL"", ""price"": ""0"", ""qty"": ""0"", ""reduceOnly"": true}, {""side"": ""BUY"", ""price"": ""3992.24"", ""qty"": ""0.025"", ""reduceOnly"": false}]","[{""price"": ""4009.84"", ""qty"": ""0.025"", ""clientOrderId"": ""TP_AUTO_TP_1758996149832""}, {""price"": ""0"", ""qty"": ""0"", ""clientOrderId"": ""x-Cb7ytekJ1590b28ca682fa469df8d3""}]",3797.96,v1,ETHUSDT
2025-09-27T18:04:39.425819+00:00,"{'tipo': 'SOPORTE', 'precio': 200.0, 'volumen': 1573.7}",3992.91,0.05,3995.045,0.039950440000000004,"[{""side"": ""BUY"", ""price"": ""3989.24"", ""qty"": ""0.025"", ""reduceOnly"": false}, {""side"": ""SELL"", ""price"": ""0"", ""qty"": ""0"", ""reduceOnly"": true}, {""side"": ""SELL"", ""price"": ""4007.03"", ""qty"": ""0.050"", ""reduceOnly"": true}, {""side"": ""SELL"", ""price"": ""0"", ""qty"": ""0"", ""reduceOnly"": true}]","[{""price"": ""0"", ""qty"": ""0"", ""clientOrderId"": ""x-Cb7ytekJ1590b28ca682fa469df8d3""}, {""price"": ""4007.03"", ""qty"": ""0.050"", ""clientOrderId"": ""TP_AUTO_TP_1758996278519""}, {""price"": ""0"", ""qty"": ""0"", ""clientOrderId"": ""x-Cb7ytekJ579cc736fae55325e92792""}]",3797.96,v1,ETHUSDT
2025-09-27T18:05:27.893519+00:00,"{'tipo': 'SOPORTE', 'precio': 3000.0, 'volumen': 1606.4930000000002}",3992.6,0.05,3995.045,0.039950440000000004,"[{""side"": ""BUY"", ""price"": ""3989.24"", ""qty"": ""0.025"", ""reduceOnly"": false}, {""side"": ""SELL"", ""price"": ""0"", ""qty"": ""0"", ""reduceOnly"": true}, {""side"": ""SELL"", ""price"": ""4007.03"", ""qty"": ""0.050"", ""reduceOnly"": true}, {""side"": ""SELL"", ""price"": ""0"", ""qty"": ""0"", ""reduceOnly"": true}]","[{""price"": ""0"", ""qty"": ""0"", ""clientOrderId"": ""x-Cb7ytekJ1590b28ca682fa469df8d3""}, {""price"": ""4007.03"", ""qty"": ""0.050"", ""clientOrderId"": ""TP_AUTO_TP_1758996278519""}, {""price"": ""0"", ""qty"": ""0"", ""clientOrderId"": ""x-Cb7ytekJ579cc736fae55325e92792""}]",3797.96,v1,ETHUSDT
2025-09-27T18:05:31.557175+00:00,"{'tipo': 'SOPORTE', 'precio': 3000.0, 'volumen': 1606.4930000000002}",3992.76,0.05,3995.045,0.039950440000000004,"[{""side"": ""BUY"", ""price"": ""3986.61"", ""qty"": ""0.025"", ""reduceOnly"": false}, {""side"": ""BUY"", ""price"": ""3980.62"", ""qty"": ""0.025"", ""reduceOnly"": false}, {""side"": ""SELL"", ""price"": ""4007.03"", ""qty"": ""0.050"", ""reduceOnly"": true}, {""side"": ""BUY"", ""price"": ""3989.61"", ""qty"": ""0.025"", ""reduceOnly"": false}, {""side"": ""SELL"", ""price"": ""0"", ""qty"": ""0"", ""reduceOnly"": true}, {""side"": ""BUY"", ""price"": ""3983.62"", ""qty"": ""0.025"", ""reduceOnly"": false}]","[{""price"": ""4007.03"", ""qty"": ""0.050"", ""clientOrderId"": ""TP_AUTO_TP_1758996330575""}, {""price"": ""0"", ""qty"": ""0"", ""clientOrderId"": ""x-Cb7ytekJb76674d91d65bb1ffc2d36""}]",3795.29,v1,ETHUSDT
2025-09-27T18:08:27.866749+00:00,"{'tipo': 'SOPORTE', 'precio': 3000.0, 'volumen': 1764.5150000000003}",3995.06,0.05,3995.045,0.039950440000000004,"[{""side"": ""BUY"", ""price"": ""3986.61"", ""qty"": ""0.025"", ""reduceOnly"": false}, {""side"": ""BUY"", ""price"": ""3980.62"", ""qty"": ""0.025"", ""reduceOnly"": false}, {""side"": ""SELL"", ""price"": ""4007.03"", ""qty"": ""0.050"", ""reduceOnly"": true}, {""side"": ""BUY"", ""price"": ""3989.61"", ""qty"": ""0.025"", ""reduceOnly"": false}, {""side"": ""SELL"", ""price"": ""0"", ""qty"": ""0"", ""reduceOnly"": true}, {""side"": ""BUY"", ""price"": ""3983.62"", ""qty"": ""0.025"", ""reduceOnly"": false}]","[{""price"": ""4007.03"", ""qty"": ""0.050"", ""clientOrderId"": ""TP_AUTO_TP_1758996330575""}, {""price"": ""0"", ""qty"": ""0"", ""clientOrderId"": ""x-Cb7ytekJb76674d91d65bb1ffc2d36""}]",3795.29,v1,ETHUSDT
2025-09-27T18:08:31.186262+00:00,"{'tipo': 'SOPORTE', 'precio': 3000.0, 'volumen': 1764.5150000000003}",3995.06,0.05,3995.045,0.039950440000000004,"[{""side"": ""BUY"", ""price"": ""3986.07"", ""qty"": ""0.025"", ""reduceOnly"": false}, {""side"": ""BUY"", ""price"": ""3989.07"", ""qty"": ""0.025"", ""reduceOnly"": false}, {""side"": ""SELL"", ""price"": ""4007.03"", ""qty"": ""0.050"", ""reduceOnly"": true}, {""side"": ""SELL"", ""price"": ""0"", ""qty"": ""0"", ""reduceOnly"": true}, {""side"": ""BUY"", ""price"": ""3983.07"", ""qty"": ""0.025"", ""reduceOnly"": false}]","[{""price"": ""4007.03"", ""qty"": ""0.050"", ""clientOrderId"": ""TP_AUTO_TP_1758996510218""}, {""price"": ""0"", ""qty"": ""0"", ""clientOrderId"": ""x-Cb7ytekJd29271ef9211ed9d812994""}]",3795.29,v1,ETHUSDT
2025-09-27T18:11:27.889229+00:00,DUMP,3995.13,0.05,3995.045,0.039950440000000004,"[{""side"": ""BUY"", ""price"": ""3986.07"", ""qty"": ""0.025"", ""reduceOnly"": false}, {""side"": ""BUY"", ""price"": ""3989.07"", ""qty"": ""0.025"", ""reduceOnly"": false}, {""side"": ""SELL"", ""price"": ""4007.03"", ""qty"": ""0.050"", ""reduceOnly"": true}, {""side"": ""SELL"", ""price"": ""0"", ""qty"": ""0"", ""reduceOnly"": true}, {""side"": ""BUY"", ""price"": ""3983.07"", ""qty"": ""0.025"", ""reduceOnly"": false}]","[{""price"": ""4007.03"", ""qty"": ""0.050"", ""clientOrderId"": ""TP_AUTO_TP_1758996510218""}, {""price"": ""0"", ""qty"": ""0"", ""clientOrderId"": ""x-Cb7ytekJd29271ef9211ed9d812994""}]",3795.29,v1,ETHUSDT
2025-09-27T18:11:31.147358+00:00,DUMP,3995.13,0.05,3995.045,0.039950440000000004,"[{""side"": ""SELL"", ""price"": ""4007.03"", ""qty"": ""0.050"", ""reduceOnly"": true}, {""side"": ""BUY"", ""price"": ""3985.14"", ""qty"": ""0.025"", ""reduceOnly"": false}, {""side"": ""BUY"", ""price"": ""3975.15"", ""qty"": ""0.025"", ""reduceOnly"": false}, {""side"": ""SELL"", ""price"": ""0"", ""qty"": ""0"", ""reduceOnly"": true}, {""side"": ""BUY"", ""price"": ""3965.17"", ""qty"": ""0.025"", ""reduceOnly"": false}]","[{""price"": ""4007.03"", ""qty"": ""0.050"", ""clientOrderId"": ""TP_AUTO_TP_1758996690224""}, {""price"": ""0"", ""qty"": ""0"", ""clientOrderId"": ""x-Cb7ytekJ468a381f998dab48b39378""}]",3795.29,v1,ETHUSDT
2025-09-27T18:14:28.090948+00:00,"{'tipo': 'SOPORTE', 'precio': 200.0, 'volumen': 1651.689}",3994.36,0.05,3995.045,0.039950440000000004,"[{""side"": ""SELL"", ""price"": ""4007.03"", ""qty"": ""0.050"", ""reduceOnly"": true}, {""side"": ""BUY"", ""price"": ""3985.14"", ""qty"": ""0.025"", ""reduceOnly"": false}, {""side"": ""BUY"", ""price"": ""3975.15"", ""qty"": ""0.025"", ""reduceOnly"": false}, {""side"": ""SELL"", ""price"": ""0"", ""qty"": ""0"", ""reduceOnly"": true}, {""side"": ""BUY"", ""price"": ""3965.17"", ""qty"": ""0.025"", ""reduceOnly"": false}]","[{""price"": ""4007.03"", ""qty"": ""0.050"", ""clientOrderId"": ""TP_AUTO_TP_1758996690224""}, {""price"": ""0"", ""qty"": ""0"", ""clientOrderId"": ""x-Cb7ytekJ468a381f998dab48b39378""}]",3795.29,v1,ETHUSDT
2025-09-27T18:14:31.382701+00:00,"{'tipo': 'SOPORTE', 'precio': 200.0, 'volumen': 1651.689}",3994.37,0.05,3995.045,0.039950440000000004,"[{""side"": ""BUY"", ""price"": ""3988.37"", ""qty"": ""0.025"", ""reduceOnly"": false}, {""side"": ""BUY"", ""price"": ""3985.37"", ""qty"": ""0.025"", ""reduceOnly"": false}, {""side"": ""SELL"", ""price"": ""0"", ""qty"": ""0"", ""reduceOnly"": true}, {""side"": ""BUY"", ""price"": ""3982.38"", ""qty"": ""0.025"", ""reduceOnly"": false}, {""side"": ""SELL"", ""price"": ""4007.03"", ""qty"": ""0.050"", ""reduceOnly"": true}]","[{""price"": ""0"", ""qty"": ""0"", ""clientOrderId"": ""x-Cb7ytekJ5b97d56d1b04f2a87c3676""}, {""price"": ""4007.03"", ""qty"": ""0.050"", ""clientOrderId"": ""TP_AUTO_TP_1758996870455""}]",3795.29,v1,ETHUSDT
2025-09-27T18:17:28.107924+00:00,"{'tipo': 'SOPORTE', 'precio': 3000.0, 'volumen': 1723.784}",3994.28,0.05,3995.045,0.039950440000000004,"[{""side"": ""BUY"", ""price"": ""3988.37"", ""qty"": ""0.025"", ""reduceOnly"": false}, {""side"": ""BUY"", ""price"": ""3985.37"", ""qty"": ""0.025"", ""reduceOnly"": false}, {""side"": ""SELL"", ""price"": ""0"", ""qty"": ""0"", ""reduceOnly"": true}, {""side"": ""BUY"", ""price"": ""3982.38"", ""qty"": ""0.025"", ""reduceOnly"": false}, {""side"": ""SELL"", ""price"": ""4007.03"", ""qty"": ""0.050"", ""reduceOnly"": true}]","[{""price"": ""0"", ""qty"": ""0"", ""clientOrderId"": ""x-Cb7ytekJ5b97d56d1b04f2a87c3676""}, {""price"": ""4007.03"", ""qty"": ""0.050"", ""clientOrderId"": ""TP_AUTO_TP_1758996870455""}]",3795.29,v1,ETHUSDT
2025-09-27T18:17:31.366068+00:00,"{'tipo': 'SOPORTE', 'precio': 3000.0, 'volumen': 1723.784}",3994.28,0.05,3995.045,0.039950440000000004,"[{""side"": ""SELL"", ""price"": ""0"", ""qty"": ""0"", ""reduceOnly"": true}, {""side"": ""BUY"", ""price"": ""3982.30"", ""qty"": ""0.025"", ""reduceOnly"": false}, {""side"": ""BUY"", ""price"": ""3985.29"", ""qty"": ""0.025"", ""reduceOnly"": false}, {""side"": ""BUY"", ""price"": ""3988.29"", ""qty"": ""0.025"", ""reduceOnly"": false}, {""side"": ""SELL"", ""price"": ""4007.03"", ""qty"": ""0.050"", ""reduceOnly"": true}]","[{""price"": ""0"", ""qty"": ""0"", ""clientOrderId"": ""x-Cb7ytekJ9040b77e90085d61ccba1e""}, {""price"": ""4007.03"", ""qty"": ""0.050"", ""clientOrderId"": ""TP_AUTO_TP_1758997050455""}]",3795.29,v1,ETHUSDT
2025-09-27T18:20:28.124302+00:00,"{'tipo': 'SOPORTE', 'precio': 200.0, 'volumen': 1591.7460000000003}",3994.4,0.05,3995.045,0.039950440000000004,"[{""side"": ""SELL"", ""price"": ""0"", ""qty"": ""0"", ""reduceOnly"": true}, {""side"": ""BUY"", ""price"": ""3982.30"", ""qty"": ""0.025"", ""reduceOnly"": false}, {""side"": ""BUY"", ""price"": ""3985.29"", ""qty"": ""0.025"", ""reduceOnly"": false}, {""side"": ""BUY"", ""price"": ""3988.29"", ""qty"": ""0.025"", ""reduceOnly"": false}, {""side"": ""SELL"", ""price"": ""4007.03"", ""qty"": ""0.050"", ""reduceOnly"": true}]","[{""price"": ""0"", ""qty"": ""0"", ""clientOrderId"": ""x-Cb7ytekJ9040b77e90085d61ccba1e""}, {""price"": ""4007.03"", ""qty"": ""0.050"", ""clientOrderId"": ""TP_AUTO_TP_1758997050455""}]",3795.29,v1,ETHUSDT
2025-09-27T18:20:31.376978+00:00,"{'tipo': 'SOPORTE', 'precio': 200.0, 'volumen': 1591.7460000000003}",3994.41,0.05,3995.045,0.039950440000000004,"[{""side"": ""SELL"", ""price"": ""0"", ""qty"": ""0"", ""reduceOnly"": true}, {""side"": ""BUY"", ""price"": ""3982.42"", ""qty"": ""0.025"", ""reduceOnly"": false}, {""side"": ""BUY"", ""price"": ""3988.41"", ""qty"": ""0.025"", ""reduceOnly"": false}, {""side"": ""BUY"", ""price"": ""3985.41"", ""qty"": ""0.025"", ""reduceOnly"": false}, {""side"": ""SELL"", ""price"": ""4007.03"", ""qty"": ""0.050"", ""reduceOnly"": true}]","[{""price"": ""0"", ""qty"": ""0"", ""clientOrderId"": ""x-Cb7ytekJc78f9729ad222169ae7c7b""}, {""price"": ""4007.03"", ""qty"": ""0.050"", ""clientOrderId"": ""TP_AUTO_TP_1758997230462""}]",3795.29,v1,ETHUSDT
2025-09-27T18:23:28.171881+00:00,"{'tipo': 'SOPORTE', 'precio': 200.0, 'volumen': 108.805}",3996.45,0.05,3995.045,0.039950440000000004,"[{""side"": ""SELL"", ""price"": ""0"", ""qty"": ""0"", ""reduceOnly"": true}, {""side"": ""BUY"", ""price"": ""3982.42"", ""qty"": ""0.025"", ""reduceOnly"": false}, {""side"": ""BUY"", ""price"": ""3988.41"", ""qty"": ""0.025"", ""reduceOnly"": false}, {""side"": ""BUY"", ""price"": ""3985.41"", ""qty"": ""0.025"", ""reduceOnly"": false}, {""side"": ""SELL"", ""price"": ""4007.03"", ""qty"": ""0.050"", ""reduceOnly"": true}]","[{""price"": ""0"", ""qty"": ""0"", ""clientOrderId"": ""x-Cb7ytekJc78f9729ad222169ae7c7b""}, {""price"": ""4007.03"", ""qty"": ""0.050"", ""clientOrderId"": ""TP_AUTO_TP_1758997230462""}]",3795.29,v1,ETHUSDT
2025-09-27T18:23:31.397651+00:00,"{'tipo': 'SOPORTE', 'precio': 200.0, 'volumen': 108.805}",3996.46,0.05,3995.045,0.039950440000000004,"[{""side"": ""SELL"", ""price"": ""0"", ""qty"": ""0"", ""reduceOnly"": true}, {""side"": ""BUY"", ""price"": ""3990.46"", ""qty"": ""0.025"", ""reduceOnly"": false}, {""side"": ""BUY"", ""price"": ""3984.46"", ""qty"": ""0.025"", ""reduceOnly"": false}, {""side"": ""BUY"", ""price"": ""3987.46"", ""qty"": ""0.025"", ""reduceOnly"": false}, {""side"": ""SELL"", ""price"": ""4007.03"", ""qty"": ""0.050"", ""reduceOnly"": true}]","[{""price"": ""0"", ""qty"": ""0"", ""clientOrderId"": ""x-Cb7ytekJc8b898d3094a65445f5110""}, {""price"": ""4007.03"", ""qty"": ""0.050"", ""clientOrderId"": ""TP_AUTO_TP_1758997410472""}]",3795.29,v1,ETHUSDT
2025-09-27T18:26:29.798546+00:00,DUMP,3993.07,0.05,3995.045,0.039950440000000004,"[{""side"": ""SELL"", ""price"": ""0"", ""qty"": ""0"", ""reduceOnly"": true}, {""side"": ""BUY"", ""price"": ""3990.46"", ""qty"": ""0.025"", ""reduceOnly"": false}, {""side"": ""BUY"", ""price"": ""3984.46"", ""qty"": ""0.025"", ""reduceOnly"": false}, {""side"": ""BUY"", ""price"": ""3987.46"", ""qty"": ""0.025"", ""reduceOnly"": false}, {""side"": ""SELL"", ""price"": ""4007.03"", ""qty"": ""0.050"", ""reduceOnly"": true}]","[{""price"": ""0"", ""qty"": ""0"", ""clientOrderId"": ""x-Cb7ytekJc8b898d3094a65445f5110""}, {""price"": ""4007.03"", ""qty"": ""0.050"", ""clientOrderId"": ""TP_AUTO_TP_1758997410472""}]",3795.29,v1,ETHUSDT
2025-09-27T18:26:33.041254+00:00,"{'tipo': 'SOPORTE', 'precio': 3900.0, 'volumen': 1429.198}",3993.07,0.05,3995.045,0.039950440000000004,"[{""side"": ""BUY"", ""price"": ""3973.10"", ""qty"": ""0.025"", ""reduceOnly"": false}, {""side"": ""BUY"", ""price"": ""3983.09"", ""qty"": ""0.025"", ""reduceOnly"": false}, {""side"": ""BUY"", ""price"": ""3963.12"", ""qty"": ""0.025"", ""reduceOnly"": false}, {""side"": ""SELL"", ""price"": ""0"", ""qty"": ""0"", ""reduceOnly"": true}, {""side"": ""SELL"", ""price"": ""4007.03"", ""qty"": ""0.050"", ""reduceOnly"": true}]","[{""price"": ""0"", ""qty"": ""0"", ""clientOrderId"": ""x-Cb7ytekJd94ff61dcee8a3b4fd7d28""}, {""price"": ""4007.03"", ""qty"": ""0.050"", ""clientOrderId"": ""TP_AUTO_TP_1758997592134""}]",3795.29,v1,ETHUSDT
2025-09-27T18:29:29.874230+00:00,"{'tipo': 'SOPORTE', 'precio': 3594.79, 'volumen': 1191.451}",3994.22,0.05,3995.045,0.039950440000000004,"[{""side"": ""BUY"", ""price"": ""3973.10"", ""qty"": ""0.025"", ""reduceOnly"": false}, {""side"": ""BUY"", ""price"": ""3983.09"", ""qty"": ""0.025"", ""reduceOnly"": false}, {""side"": ""BUY"", ""price"": ""3963.12"", ""qty"": ""0.025"", ""reduceOnly"": false}, {""side"": ""SELL"", ""price"": ""0"", ""qty"": ""0"", ""reduceOnly"": true}, {""side"": ""SELL"", ""price"": ""4007.03"", ""qty"": ""0.050"", ""reduceOnly"": true}]","[{""price"": ""0"", ""qty"": ""0"", ""clientOrderId"": ""x-Cb7ytekJd94ff61dcee8a3b4fd7d28""}, {""price"": ""4007.03"", ""qty"": ""0.050"", ""clientOrderId"": ""TP_AUTO_TP_1758997592134""}]",3795.29,v1,ETHUSDT
2025-09-27T18:29:33.137941+00:00,"{'tipo': 'SOPORTE', 'precio': 3594.79, 'volumen': 1191.451}",3994.21,0.05,3995.045,0.039950440000000004,"[{""side"": ""BUY"", ""price"": ""3982.24"", ""qty"": ""0.025"", ""reduceOnly"": false}, {""side"": ""SELL"", ""price"": ""4007.03"", ""qty"": ""0.050"", ""reduceOnly"": true}, {""side"": ""SELL"", ""price"": ""0"", ""qty"": ""0"", ""reduceOnly"": true}, {""side"": ""BUY"", ""price"": ""3988.23"", ""qty"": ""0.025"", ""reduceOnly"": false}, {""side"": ""BUY"", ""price"": ""3985.23"", ""qty"": ""0.025"", ""reduceOnly"": false}]","[{""price"": ""4007.03"", ""qty"": ""0.050"", ""clientOrderId"": ""TP_AUTO_TP_1758997772195""}, {""price"": ""0"", ""qty"": ""0"", ""clientOrderId"": ""x-Cb7ytekJa79d6a5fff58a1db2ec4d4""}]",3795.29,v1,ETHUSDT
2025-09-27T18:32:29.956853+00:00,"{'tipo': 'SOPORTE', 'precio': 3670.0, 'volumen': 263.397}",3990.57,0.05,3995.045,0.039950440000000004,"[{""side"": ""BUY"", ""price"": ""3982.24"", ""qty"": ""0.025"", ""reduceOnly"": false}, {""side"": ""SELL"", ""price"": ""4007.03"", ""qty"": ""0.050"", ""reduceOnly"": true}, {""side"": ""SELL"", ""price"": ""0"", ""qty"": ""0"", ""reduceOnly"": true}, {""side"": ""BUY"", ""price"": ""3988.23"", ""qty"": ""0.025"", ""reduceOnly"": false}, {""side"": ""BUY"", ""price"": ""3985.23"", ""qty"": ""0.025"", ""reduceOnly"": false}]","[{""price"": ""4007.03"", ""qty"": ""0.050"", ""clientOrderId"": ""TP_AUTO_TP_1758997772195""}, {""price"": ""0"", ""qty"": ""0"", ""clientOrderId"": ""x-Cb7ytekJa79d6a5fff58a1db2ec4d4""}]",3795.29,v1,ETHUSDT
2025-09-27T18:32:33.586196+00:00,DUMP,3991.02,0.05,3995.045,0.039950440000000004,"[{""side"": ""BUY"", ""price"": ""3984.58"", ""qty"": ""0.025"", ""reduceOnly"": false}, {""side"": ""BUY"", ""price"": ""3978.60"", ""qty"": ""0.025"", ""reduceOnly"": false}, {""side"": ""BUY"", ""price"": ""3987.58"", ""qty"": ""0.025"", ""reduceOnly"": false}, {""side"": ""SELL"", ""price"": ""0"", ""qty"": ""0"", ""reduceOnly"": true}, {""side"": ""BUY"", ""price"": ""3981.59"", ""qty"": ""0.025"", ""reduceOnly"": false}, {""side"": ""SELL"", ""price"": ""4007.03"", ""qty"": ""0.050"", ""reduceOnly"": true}]","[{""price"": ""0"", ""qty"": ""0"", ""clientOrderId"": ""x-Cb7ytekJd1c2e24d4ad631034fac4b""}, {""price"": ""4007.03"", ""qty"": ""0.050"", ""clientOrderId"": ""TP_AUTO_TP_1758997952667""}]",3795.29,v1,ETHUSDT
2025-09-27T18:35:30.033847+00:00,"{'tipo': 'SOPORTE', 'precio': 3000.0, 'volumen': 1770.213}",3989.95,0.05,3995.045,0.039950440000000004,"[{""side"": ""BUY"", ""price"": ""3984.58"", ""qty"": ""0.025"", ""reduceOnly"": false}, {""side"": ""BUY"", ""price"": ""3978.60"", ""qty"": ""0.025"", ""reduceOnly"": false}, {""side"": ""BUY"", ""price"": ""3987.58"", ""qty"": ""0.025"", ""reduceOnly"": false}, {""side"": ""SELL"", ""price"": ""0"", ""qty"": ""0"", ""reduceOnly"": true}, {""side"": ""BUY"", ""price"": ""3981.59"", ""qty"": ""0.025"", ""reduceOnly"": false}, {""side"": ""SELL"", ""price"": ""4007.03"", ""qty"": ""0.050"", ""reduceOnly"": true}]","[{""price"": ""0"", ""qty"": ""0"", ""clientOrderId"": ""x-Cb7ytekJd1c2e24d4ad631034fac4b""}, {""price"": ""4007.03"", ""qty"": ""0.050"", ""clientOrderId"": ""TP_AUTO_TP_1758997952667""}]",3795.29,v1,ETHUSDT
2025-09-27T18:35:33.626635+00:00,"{'tipo': 'SOPORTE', 'precio': 3000.0, 'volumen': 1770.213}",3989.94,0.05,3995.045,0.039950440000000004,"[{""side"": ""BUY"", ""price"": ""3986.96"", ""qty"": ""0.025"", ""reduceOnly"": false}, {""side"": ""BUY"", ""price"": ""3980.97"", ""qty"": ""0.025"", ""reduceOnly"": false}, {""side"": ""SELL"", ""price"": ""0"", ""qty"": ""0"", ""reduceOnly"": true}, {""side"": ""SELL"", ""price"": ""4007.03"", ""qty"": ""0.050"", ""reduceOnly"": true}, {""side"": ""BUY"", ""price"": ""3977.98"", ""qty"": ""0.025"", ""reduceOnly"": false}, {""side"": ""BUY"", ""price"": ""3983.97"", ""qty"": ""0.025"", ""reduceOnly"": false}]","[{""price"": ""0"", ""qty"": ""0"", ""clientOrderId"": ""x-Cb7ytekJc951dc4d3633ba24b446ab""}, {""price"": ""4007.03"", ""qty"": ""0.050"", ""clientOrderId"": ""TP_AUTO_TP_1758998132709""}]",3795.29,v1,ETHUSDT
2025-09-27T18:38:30.043162+00:00,"{'tipo': 'SOPORTE', 'precio': 200.0, 'volumen': 1590.3300000000002}",3989.44,0.05,3995.045,0.039950440000000004,"[{""side"": ""BUY"", ""price"": ""3986.96"", ""qty"": ""0.025"", ""reduceOnly"": false}, {""side"": ""BUY"", ""price"": ""3980.97"", ""qty"": ""0.025"", ""reduceOnly"": false}, {""side"": ""SELL"", ""price"": ""0"", ""qty"": ""0"", ""reduceOnly"": true}, {""side"": ""SELL"", ""price"": ""4007.03"", ""qty"": ""0.050"", ""reduceOnly"": true}, {""side"": ""BUY"", ""price"": ""3977.98"", ""qty"": ""0.025"", ""reduceOnly"": false}, {""side"": ""BUY"", ""price"": ""3983.97"", ""qty"": ""0.025"", ""reduceOnly"": false}]","[{""price"": ""0"", ""qty"": ""0"", ""clientOrderId"": ""x-Cb7ytekJc951dc4d3633ba24b446ab""}, {""price"": ""4007.03"", ""qty"": ""0.050"", ""clientOrderId"": ""TP_AUTO_TP_1758998132709""}]",3795.29,v1,ETHUSDT
2025-09-27T18:38:33.602941+00:00,"{'tipo': 'SOPORTE', 'precio': 200.0, 'volumen': 1590.3300000000002}",3989.44,0.05,3995.045,0.039950440000000004,"[{""side"": ""BUY"", ""price"": ""3983.46"", ""qty"": ""0.025"", ""reduceOnly"": false}, {""side"": ""SELL"", ""price"": ""0"", ""qty"": ""0"", ""reduceOnly"": true}, {""side"": ""SELL"", ""price"": ""4007.03"", ""qty"": ""0.050"", ""reduceOnly"": true}, {""side"": ""BUY"", ""price"": ""3977.47"", ""qty"": ""0.025"", ""reduceOnly"": false}, {""side"": ""BUY"", ""price"": ""3986.45"", ""qty"": ""0.025"", ""reduceOnly"": false}, {""side"": ""BUY"", ""price"": ""3980.46"", ""qty"": ""0.025"", ""reduceOnly"": false}]","[{""price"": ""0"", ""qty"": ""0"", ""clientOrderId"": ""x-Cb7ytekJ667d3c9764b11a0ebe1d14""}, {""price"": ""4007.03"", ""qty"": ""0.050"", ""clientOrderId"": ""TP_AUTO_TP_1758998312680""}]",3795.29,v1,ETHUSDT
2025-09-27T18:41:30.096093+00:00,"{'tipo': 'SOPORTE', 'precio': 200.0, 'volumen': 1583.636}",3988.01,0.05,3995.045,0.039950440000000004,"[{""side"": ""BUY"", ""price"": ""3983.46"", ""qty"": ""0.025"", ""reduceOnly"": false}, {""side"": ""SELL"", ""price"": ""0"", ""qty"": ""0"", ""reduceOnly"": true}, {""side"": ""SELL"", ""price"": ""4007.03"", ""qty"": ""0.050"", ""reduceOnly"": true}, {""side"": ""BUY"", ""price"": ""3977.47"", ""qty"": ""0.025"", ""reduceOnly"": false}, {""side"": ""BUY"", ""price"": ""3986.45"", ""qty"": ""0.025"", ""reduceOnly"": false}, {""side"": ""BUY"", ""price"": ""3980.46"", ""qty"": ""0.025"", ""reduceOnly"": false}]","[{""price"": ""0"", ""qty"": ""0"", ""clientOrderId"": ""x-Cb7ytekJ667d3c9764b11a0ebe1d14""}, {""price"": ""4007.03"", ""qty"": ""0.050"", ""clientOrderId"": ""TP_AUTO_TP_1758998312680""}]",3795.29,v1,ETHUSDT
2025-09-27T18:41:33.665873+00:00,"{'tipo': 'SOPORTE', 'precio': 200.0, 'volumen': 1583.636}",3988.0,0.05,3995.045,0.039950440000000004,"[{""side"": ""BUY"", ""price"": ""3976.05"", ""qty"": ""0.025"", ""reduceOnly"": false}, {""side"": ""BUY"", ""price"": ""3982.03"", ""qty"": ""0.025"", ""reduceOnly"": false}, {""side"": ""BUY"", ""price"": ""3985.02"", ""qty"": ""0.025"", ""reduceOnly"": false}, {""side"": ""BUY"", ""price"": ""3979.04"", ""qty"": ""0.025"", ""reduceOnly"": false}, {""side"": ""SELL"", ""price"": ""0"", ""qty"": ""0"", ""reduceOnly"": true}, {""side"": ""SELL"", ""price"": ""4007.03"", ""qty"": ""0.050"", ""reduceOnly"": true}]","[{""price"": ""0"", ""qty"": ""0"", ""clientOrderId"": ""x-Cb7ytekJ1b38aa8c3f92daaabf97f4""}, {""price"": ""4007.03"", ""qty"": ""0.050"", ""clientOrderId"": ""TP_AUTO_TP_1758998492735""}]",3795.29,v1,ETHUSDT
2025-09-27T18:44:30.120924+00:00,"{'tipo': 'SOPORTE', 'precio': 3000.0, 'volumen': 1648.54}",3985.9,0.05,3995.045,0.039950440000000004,"[{""side"": ""BUY"", ""price"": ""3976.05"", ""qty"": ""0.025"", ""reduceOnly"": false}, {""side"": ""BUY"", ""price"": ""3982.03"", ""qty"": ""0.025"", ""reduceOnly"": false}, {""side"": ""BUY"", ""price"": ""3985.02"", ""qty"": ""0.025"", ""reduceOnly"": false}, {""side"": ""BUY"", ""price"": ""3979.04"", ""qty"": ""0.025"", ""reduceOnly"": false}, {""side"": ""SELL"", ""price"": ""0"", ""qty"": ""0"", ""reduceOnly"": true}, {""side"": ""SELL"", ""price"": ""4007.03"", ""qty"": ""0.050"", ""reduceOnly"": true}]","[{""price"": ""0"", ""qty"": ""0"", ""clientOrderId"": ""x-Cb7ytekJ1b38aa8c3f92daaabf97f4""}, {""price"": ""4007.03"", ""qty"": ""0.050"", ""clientOrderId"": ""TP_AUTO_TP_1758998492735""}]",3795.29,v1,ETHUSDT
2025-09-27T18:44:33.685703+00:00,"{'tipo': 'SOPORTE', 'precio': 3000.0, 'volumen': 1648.54}",3985.89,0.05,3995.045,0.039950440000000004,"[{""side"": ""BUY"", ""price"": ""3982.91"", ""qty"": ""0.025"", ""reduceOnly"": false}, {""side"": ""BUY"", ""price"": ""3976.93"", ""qty"": ""0.025"", ""reduceOnly"": false}, {""side"": ""BUY"", ""price"": ""3973.94"", ""qty"": ""0.025"", ""reduceOnly"": false}, {""side"": ""SELL"", ""price"": ""0"", ""qty"": ""0"", ""reduceOnly"": true}, {""side"": ""BUY"", ""price"": ""3979.92"", ""qty"": ""0.025"", ""reduceOnly"": false}, {""side"": ""SELL"", ""price"": ""4007.03"", ""qty"": ""0.050"", ""reduceOnly"": true}]","[{""price"": ""0"", ""qty"": ""0"", ""clientOrderId"": ""x-Cb7ytekJ2abc4763f5f07c9cee2d39""}, {""price"": ""4007.03"", ""qty"": ""0.050"", ""clientOrderId"": ""TP_AUTO_TP_1758998672766""}]",3795.29,v1,ETHUSDT
2025-09-27T18:47:30.144455+00:00,"{'tipo': 'SOPORTE', 'precio': 200.0, 'volumen': 2160.4300000000003}",3987.44,0.05,3995.045,0.039950440000000004,"[{""side"": ""BUY"", ""price"": ""3982.91"", ""qty"": ""0.025"", ""reduceOnly"": false}, {""side"": ""BUY"", ""price"": ""3976.93"", ""qty"": ""0.025"", ""reduceOnly"": false}, {""side"": ""BUY"", ""price"": ""3973.94"", ""qty"": ""0.025"", ""reduceOnly"": false}, {""side"": ""SELL"", ""price"": ""0"", ""qty"": ""0"", ""reduceOnly"": true}, {""side"": ""BUY"", ""price"": ""3979.92"", ""qty"": ""0.025"", ""reduceOnly"": false}, {""side"": ""SELL"", ""price"": ""4007.03"", ""qty"": ""0.050"", ""reduceOnly"": true}]","[{""price"": ""0"", ""qty"": ""0"", ""clientOrderId"": ""x-Cb7ytekJ2abc4763f5f07c9cee2d39""}, {""price"": ""4007.03"", ""qty"": ""0.050"", ""clientOrderId"": ""TP_AUTO_TP_1758998672766""}]",3795.29,v1,ETHUSDT
2025-09-27T18:47:33.710236+00:00,"{'tipo': 'SOPORTE', 'precio': 200.0, 'volumen': 2160.4300000000003}",3987.45,0.05,3995.045,0.039950440000000004,"[{""side"": ""BUY"", ""price"": ""3978.47"", ""qty"": ""0.025"", ""reduceOnly"": false}, {""side"": ""BUY"", ""price"": ""3981.46"", ""qty"": ""0.025"", ""reduceOnly"": false}, {""side"": ""SELL"", ""price"": ""4007.03"", ""qty"": ""0.050"", ""reduceOnly"": true}, {""side"": ""BUY"", ""price"": ""3975.48"", ""qty"": ""0.025"", ""reduceOnly"": false}, {""side"": ""SELL"", ""price"": ""0"", ""qty"": ""0"", ""reduceOnly"": true}, {""side"": ""BUY"", ""price"": ""3984.45"", ""qty"": ""0.025"", ""reduceOnly"": false}]","[{""price"": ""4007.03"", ""qty"": ""0.050"", ""clientOrderId"": ""TP_AUTO_TP_1758998852795""}, {""price"": ""0"", ""qty"": ""0"", ""clientOrderId"": ""x-Cb7ytekJ34ebb07c41037e96202763""}]",3795.29,v1,ETHUSDT
2025-09-27T18:50:30.215326+00:00,"{'tipo': 'SOPORTE', 'precio': 3000.0, 'volumen': 1656.2950000000003}",3987.8,0.05,3995.045,0.039950440000000004,"[{""side"": ""BUY"", ""price"": ""3978.47"", ""qty"": ""0.025"", ""reduceOnly"": false}, {""side"": ""BUY"", ""price"": ""3981.46"", ""qty"": ""0.025"", ""reduceOnly"": false}, {""side"": ""SELL"", ""price"": ""4007.03"", ""qty"": ""0.050"", ""reduceOnly"": true}, {""side"": ""BUY"", ""price"": ""3975.48"", ""qty"": ""0.025"", ""reduceOnly"": false}, {""side"": ""SELL"", ""price"": ""0"", ""qty"": ""0"", ""reduceOnly"": true}, {""side"": ""BUY"", ""price"": ""3984.45"", ""qty"": ""0.025"", ""reduceOnly"": false}]","[{""price"": ""4007.03"", ""qty"": ""0.050"", ""clientOrderId"": ""TP_AUTO_TP_1758998852795""}, {""price"": ""0"", ""qty"": ""0"", ""clientOrderId"": ""x-Cb7ytekJ34ebb07c41037e96202763""}]",3795.29,v1,ETHUSDT
2025-09-27T18:50:33.778106+00:00,"{'tipo': 'SOPORTE', 'precio': 3000.0, 'volumen': 1656.2950000000003}",0.0,0.05,3995.045,0.039950440000000004,"[{""side"": ""SELL"", ""price"": ""4007.03"", ""qty"": ""0.050"", ""reduceOnly"": true}, {""side"": ""BUY"", ""price"": ""3981.82"", ""qty"": ""0.025"", ""reduceOnly"": false}, {""side"": ""SELL"", ""price"": ""0"", ""qty"": ""0"", ""reduceOnly"": true}, {""side"": ""BUY"", ""price"": ""3975.84"", ""qty"": ""0.025"", ""reduceOnly"": false}, {""side"": ""BUY"", ""price"": ""3984.81"", ""qty"": ""0.025"", ""reduceOnly"": false}, {""side"": ""BUY"", ""price"": ""3978.83"", ""qty"": ""0.025"", ""reduceOnly"": false}]","[{""price"": ""4007.03"", ""qty"": ""0.050"", ""clientOrderId"": ""TP_AUTO_TP_1758999032856""}, {""price"": ""0"", ""qty"": ""0"", ""clientOrderId"": ""x-Cb7ytekJcfb36d9d6e55086677cc70""}]",3795.29,v1,ETHUSDT
2025-09-27T18:53:30.228592+00:00,"{'tipo': 'SOPORTE', 'precio': 200.0, 'volumen': 1584.988}",3991.76,0.05,3995.045,0.039950440000000004,"[{""side"": ""SELL"", ""price"": ""4007.03"", ""qty"": ""0.050"", ""reduceOnly"": true}, {""side"": ""BUY"", ""price"": ""3981.82"", ""qty"": ""0.025"", ""reduceOnly"": false}, {""side"": ""SELL"", ""price"": ""0"", ""qty"": ""0"", ""reduceOnly"": true}, {""side"": ""BUY"", ""price"": ""3975.84"", ""qty"": ""0.025"", ""reduceOnly"": false}, {""side"": ""BUY"", ""price"": ""3984.81"", ""qty"": ""0.025"", ""reduceOnly"": false}, {""side"": ""BUY"", ""price"": ""3978.83"", ""qty"": ""0.025"", ""reduceOnly"": false}]","[{""price"": ""4007.03"", ""qty"": ""0.050"", ""clientOrderId"": ""TP_AUTO_TP_1758999032856""}, {""price"": ""0"", ""qty"": ""0"", ""clientOrderId"": ""x-Cb7ytekJcfb36d9d6e55086677cc70""}]",3795.29,v1,ETHUSDT
2025-09-27T18:53:33.800937+00:00,"{'tipo': 'SOPORTE', 'precio': 200.0, 'volumen': 1584.988}",3991.76,0.05,3995.045,0.039950440000000004,"[{""side"": ""BUY"", ""price"": ""3988.77"", ""qty"": ""0.025"", ""reduceOnly"": false}, {""side"": ""SELL"", ""price"": ""0"", ""qty"": ""0"", ""reduceOnly"": true}, {""side"": ""BUY"", ""price"": ""3979.78"", ""qty"": ""0.025"", ""reduceOnly"": false}, {""side"": ""BUY"", ""price"": ""3985.77"", ""qty"": ""0.025"", ""reduceOnly"": false}, {""side"": ""SELL"", ""price"": ""4007.03"", ""qty"": ""0.050"", ""reduceOnly"": true}, {""side"": ""BUY"", ""price"": ""3982.78"", ""qty"": ""0.025"", ""reduceOnly"": false}]","[{""price"": ""0"", ""qty"": ""0"", ""clientOrderId"": ""x-Cb7ytekJ9f7c748a305f742939d173""}, {""price"": ""4007.03"", ""qty"": ""0.050"", ""clientOrderId"": ""TP_AUTO_TP_1758999212881""}]",3795.29,v1,ETHUSDT
2025-09-27T18:56:30.343107+00:00,"{'tipo': 'SOPORTE', 'precio': 3000.0, 'volumen': 1768.8380000000002}",3992.18,0.05,3995.045,0.039950440000000004,"[{""side"": ""BUY"", ""price"": ""3988.77"", ""qty"": ""0.025"", ""reduceOnly"": false}, {""side"": ""SELL"", ""price"": ""0"", ""qty"": ""0"", ""reduceOnly"": true}, {""side"": ""BUY"", ""price"": ""3979.78"", ""qty"": ""0.025"", ""reduceOnly"": false}, {""side"": ""BUY"", ""price"": ""3985.77"", ""qty"": ""0.025"", ""reduceOnly"": false}, {""side"": ""SELL"", ""price"": ""4007.03"", ""qty"": ""0.050"", ""reduceOnly"": true}, {""side"": ""BUY"", ""price"": ""3982.78"", ""qty"": ""0.025"", ""reduceOnly"": false}]","[{""price"": ""0"", ""qty"": ""0"", ""clientOrderId"": ""x-Cb7ytekJ9f7c748a305f742939d173""}, {""price"": ""4007.03"", ""qty"": ""0.050"", ""clientOrderId"": ""TP_AUTO_TP_1758999212881""}]",3795.29,v1,ETHUSDT
2025-09-27T18:56:33.898984+00:00,"{'tipo': 'SOPORTE', 'precio': 3000.0, 'volumen': 1768.8380000000002}",3992.18,0.05,3995.045,0.039950440000000004,"[{""side"": ""SELL"", ""price"": ""4007.03"", ""qty"": ""0.050"", ""reduceOnly"": true}, {""side"": ""BUY"", ""price"": ""3983.20"", ""qty"": ""0.025"", ""reduceOnly"": false}, {""side"": ""BUY"", ""price"": ""3989.19"", ""qty"": ""0.025"", ""reduceOnly"": false}, {""side"": ""BUY"", ""price"": ""3980.20"", ""qty"": ""0.025"", ""reduceOnly"": false}, {""side"": ""SELL"", ""price"": ""0"", ""qty"": ""0"", ""reduceOnly"": true}, {""side"": ""BUY"", ""price"": ""3986.19"", ""qty"": ""0.025"", ""reduceOnly"": false}]","[{""price"": ""4007.03"", ""qty"": ""0.050"", ""clientOrderId"": ""TP_AUTO_TP_1758999392981""}, {""price"": ""0"", ""qty"": ""0"", ""clientOrderId"": ""x-Cb7ytekJ63daee3685b2a82257b50e""}]",3795.29,v1,ETHUSDT
2025-09-27T18:59:30.380163+00:00,"{'tipo': 'SOPORTE', 'precio': 200.0, 'volumen': 1643.058}",3994.43,0.05,3995.045,0.039950440000000004,"[{""side"": ""SELL"", ""price"": ""4007.03"", ""qty"": ""0.050"", ""reduceOnly"": true}, {""side"": ""BUY"", ""price"": ""3983.20"", ""qty"": ""0.025"", ""reduceOnly"": false}, {""side"": ""BUY"", ""price"": ""3989.19"", ""qty"": ""0.025"", ""reduceOnly"": false}, {""side"": ""BUY"", ""price"": ""3980.20"", ""qty"": ""0.025"", ""reduceOnly"": false}, {""side"": ""SELL"", ""price"": ""0"", ""qty"": ""0"", ""reduceOnly"": true}, {""side"": ""BUY"", ""price"": ""3986.19"", ""qty"": ""0.025"", ""reduceOnly"": false}]","[{""price"": ""4007.03"", ""qty"": ""0.050"", ""clientOrderId"": ""TP_AUTO_TP_1758999392981""}, {""price"": ""0"", ""qty"": ""0"", ""clientOrderId"": ""x-Cb7ytekJ63daee3685b2a82257b50e""}]",3795.29,v1,ETHUSDT
2025-09-27T18:59:33.613934+00:00,"{'tipo': 'SOPORTE', 'precio': 200.0, 'volumen': 1643.058}",3994.44,0.05,3995.045,0.039950440000000004,"[{""side"": ""BUY"", ""price"": ""3982.45"", ""qty"": ""0.025"", ""reduceOnly"": false}, {""side"": ""SELL"", ""price"": ""4007.03"", ""qty"": ""0.050"", ""reduceOnly"": true}, {""side"": ""BUY"", ""price"": ""3988.44"", ""qty"": ""0.025"", ""reduceOnly"": false}, {""side"": ""BUY"", ""price"": ""3985.44"", ""qty"": ""0.025"", ""reduceOnly"": false}, {""side"": ""SELL"", ""price"": ""0"", ""qty"": ""0"", ""reduceOnly"": true}]","[{""price"": ""4007.03"", ""qty"": ""0.050"", ""clientOrderId"": ""TP_AUTO_TP_1758999572697""}, {""price"": ""0"", ""qty"": ""0"", ""clientOrderId"": ""x-Cb7ytekJa4feaf97f0d9c998d496ff""}]",3795.29,v1,ETHUSDT
2025-09-27T19:02:30.425198+00:00,"{'tipo': 'SOPORTE', 'precio': 2791.55, 'volumen': 154.268}",3995.33,0.05,3995.045,0.039950440000000004,"[{""side"": ""BUY"", ""price"": ""3982.45"", ""qty"": ""0.025"", ""reduceOnly"": false}, {""side"": ""SELL"", ""price"": ""4007.03"", ""qty"": ""0.050"", ""reduceOnly"": true}, {""side"": ""BUY"", ""price"": ""3988.44"", ""qty"": ""0.025"", ""reduceOnly"": false}, {""side"": ""BUY"", ""price"": ""3985.44"", ""qty"": ""0.025"", ""reduceOnly"": false}, {""side"": ""SELL"", ""price"": ""0"", ""qty"": ""0"", ""reduceOnly"": true}]","[{""price"": ""4007.03"", ""qty"": ""0.050"", ""clientOrderId"": ""TP_AUTO_TP_1758999572697""}, {""price"": ""0"", ""qty"": ""0"", ""clientOrderId"": ""x-Cb7ytekJa4feaf97f0d9c998d496ff""}]",3795.29,v1,ETHUSDT
2025-09-27T19:02:33.680933+00:00,"{'tipo': 'SOPORTE', 'precio': 2791.55, 'volumen': 154.268}",3995.45,0.05,3995.045,0.039950440000000004,"[{""side"": ""BUY"", ""price"": ""3986.34"", ""qty"": ""0.025"", ""reduceOnly"": false}, {""side"": ""BUY"", ""price"": ""3989.34"", ""qty"": ""0.025"", ""reduceOnly"": false}, {""side"": ""SELL"", ""price"": ""4007.03"", ""qty"": ""0.050"", ""reduceOnly"": true}, {""side"": ""BUY"", ""price"": ""3983.34"", ""qty"": ""0.025"", ""reduceOnly"": false}, {""side"": ""SELL"", ""price"": ""0"", ""qty"": ""0"", ""reduceOnly"": true}]","[{""price"": ""4007.03"", ""qty"": ""0.050"", ""clientOrderId"": ""TP_AUTO_TP_1758999752760""}, {""price"": ""0"", ""qty"": ""0"", ""clientOrderId"": ""x-Cb7ytekJ19744a237f7c32cb147e0a""}]",3795.29,v1,ETHUSDT
2025-09-27T19:05:30.650406+00:00,"{'tipo': 'SOPORTE', 'precio': 200.0, 'volumen': 1576.192}",3993.17,0.05,3995.045,0.039950440000000004,"[{""side"": ""BUY"", ""price"": ""3986.34"", ""qty"": ""0.025"", ""reduceOnly"": false}, {""side"": ""BUY"", ""price"": ""3989.34"", ""qty"": ""0.025"", ""reduceOnly"": false}, {""side"": ""SELL"", ""price"": ""4007.03"", ""qty"": ""0.050"", ""reduceOnly"": true}, {""side"": ""BUY"", ""price"": ""3983.34"", ""qty"": ""0.025"", ""reduceOnly"": false}, {""side"": ""SELL"", ""price"": ""0"", ""qty"": ""0"", ""reduceOnly"": true}]","[{""price"": ""4007.03"", ""qty"": ""0.050"", ""clientOrderId"": ""TP_AUTO_TP_1758999752760""}, {""price"": ""0"", ""qty"": ""0"", ""clientOrderId"": ""x-Cb7ytekJ19744a237f7c32cb147e0a""}]",3795.29,v1,ETHUSDT
2025-09-27T19:05:35.082693+00:00,"{'tipo': 'SOPORTE', 'precio': 200.0, 'volumen': 1576.192}",3993.17,0.05,3995.045,0.039950440000000004,"[{""side"": ""BUY"", ""price"": ""3987.18"", ""qty"": ""0.025"", ""reduceOnly"": false}, {""side"": ""SELL"", ""price"": ""0"", ""qty"": ""0"", ""reduceOnly"": true}, {""side"": ""BUY"", ""price"": ""3990.18"", ""qty"": ""0.025"", ""reduceOnly"": false}, {""side"": ""SELL"", ""price"": ""4007.03"", ""qty"": ""0.050"", ""reduceOnly"": true}, {""side"": ""BUY"", ""price"": ""3984.19"", ""qty"": ""0.025"", ""reduceOnly"": false}, {""side"": ""BUY"", ""price"": ""3981.19"", ""qty"": ""0.025"", ""reduceOnly"": false}]","[{""price"": ""0"", ""qty"": ""0"", ""clientOrderId"": ""x-Cb7ytekJ13e52dbbdd238b053aab4d""}, {""price"": ""4007.03"", ""qty"": ""0.050"", ""clientOrderId"": ""TP_AUTO_TP_1758999934161""}]",3795.29,v1,ETHUSDT
2025-09-27T19:08:30.450837+00:00,"{'tipo': 'SOPORTE', 'precio': 200.0, 'volumen': 1582.8020000000001}",3993.67,0.05,3995.045,0.039950440000000004,"[{""side"": ""BUY"", ""price"": ""3987.18"", ""qty"": ""0.025"", ""reduceOnly"": false}, {""side"": ""SELL"", ""price"": ""0"", ""qty"": ""0"", ""reduceOnly"": true}, {""side"": ""BUY"", ""price"": ""3990.18"", ""qty"": ""0.025"", ""reduceOnly"": false}, {""side"": ""SELL"", ""price"": ""4007.03"", ""qty"": ""0.050"", ""reduceOnly"": true}, {""side"": ""BUY"", ""price"": ""3984.19"", ""qty"": ""0.025"", ""reduceOnly"": false}, {""side"": ""BUY"", ""price"": ""3981.19"", ""qty"": ""0.025"", ""reduceOnly"": false}]","[{""price"": ""0"", ""qty"": ""0"", ""clientOrderId"": ""x-Cb7ytekJ13e52dbbdd238b053aab4d""}, {""price"": ""4007.03"", ""qty"": ""0.050"", ""clientOrderId"": ""TP_AUTO_TP_1758999934161""}]",3795.29,v1,ETHUSDT
2025-09-27T19:08:33.988361+00:00,"{'tipo': 'SOPORTE', 'precio': 200.0, 'volumen': 1582.8020000000001}",3993.67,0.05,3995.045,0.039950440000000004,"[{""side"": ""BUY"", ""price"": ""3984.68"", ""qty"": ""0.025"", ""reduceOnly"": false}, {""side"": ""SELL"", ""price"": ""0"", ""qty"": ""0"", ""reduceOnly"": true}, {""side"": ""BUY"", ""price"": ""3987.68"", ""qty"": ""0.025"", ""reduceOnly"": false}, {""side"": ""BUY"", ""price"": ""3981.69"", ""qty"": ""0.025"", ""reduceOnly"": false}, {""side"": ""BUY"", ""price"": ""3990.67"", ""qty"": ""0.025"", ""reduceOnly"": false}, {""side"": ""SELL"", ""price"": ""4007.03"", ""qty"": ""0.050"", ""reduceOnly"": true}]","[{""price"": ""0"", ""qty"": ""0"", ""clientOrderId"": ""x-Cb7ytekJf25a97b6b686a4c623bc57""}, {""price"": ""4007.03"", ""qty"": ""0.050"", ""clientOrderId"": ""TP_AUTO_TP_1759000113088""}]",3795.29,v1,ETHUSDT
2025-09-27T19:11:30.526879+00:00,"{'tipo': 'SOPORTE', 'precio': 200.0, 'volumen': 583.7139999999999}",3993.64,0.05,3995.045,0.039950440000000004,"[{""side"": ""BUY"", ""price"": ""3984.68"", ""qty"": ""0.025"", ""reduceOnly"": false}, {""side"": ""SELL"", ""price"": ""0"", ""qty"": ""0"", ""reduceOnly"": true}, {""side"": ""BUY"", ""price"": ""3987.68"", ""qty"": ""0.025"", ""reduceOnly"": false}, {""side"": ""BUY"", ""price"": ""3981.69"", ""qty"": ""0.025"", ""reduceOnly"": false}, {""side"": ""BUY"", ""price"": ""3990.67"", ""qty"": ""0.025"", ""reduceOnly"": false}, {""side"": ""SELL"", ""price"": ""4007.03"", ""qty"": ""0.050"", ""reduceOnly"": true}]","[{""price"": ""0"", ""qty"": ""0"", ""clientOrderId"": ""x-Cb7ytekJf25a97b6b686a4c623bc57""}, {""price"": ""4007.03"", ""qty"": ""0.050"", ""clientOrderId"": ""TP_AUTO_TP_1759000113088""}]",3795.29,v1,ETHUSDT
2025-09-27T19:11:34.045635+00:00,"{'tipo': 'SOPORTE', 'precio': 200.0, 'volumen': 583.7139999999999}",3993.64,0.05,3995.045,0.039950440000000004,"[{""side"": ""SELL"", ""price"": ""0"", ""qty"": ""0"", ""reduceOnly"": true}, {""side"": ""SELL"", ""price"": ""4007.03"", ""qty"": ""0.050"", ""reduceOnly"": true}, {""side"": ""BUY"", ""price"": ""3990.64"", ""qty"": ""0.025"", ""reduceOnly"": false}, {""side"": ""BUY"", ""price"": ""3984.65"", ""qty"": ""0.025"", ""reduceOnly"": false}, {""side"": ""BUY"", ""price"": ""3981.66"", ""qty"": ""0.025"", ""reduceOnly"": false}, {""side"": ""BUY"", ""price"": ""3987.65"", ""qty"": ""0.025"", ""reduceOnly"": false}]","[{""price"": ""0"", ""qty"": ""0"", ""clientOrderId"": ""x-Cb7ytekJe11f3b85b93b5bf33f4242""}, {""price"": ""4007.03"", ""qty"": ""0.050"", ""clientOrderId"": ""TP_AUTO_TP_1759000293143""}]",3795.29,v1,ETHUSDT
2025-09-27T19:14:05.463717+00:00,DUMP,3990.07,0.07500000000000001,3993.5766666666664,0.05990364000000001,"[{""side"": ""SELL"", ""price"": ""0"", ""qty"": ""0"", ""reduceOnly"": true}, {""side"": ""BUY"", ""price"": ""3984.65"", ""qty"": ""0.025"", ""reduceOnly"": false}, {""side"": ""BUY"", ""price"": ""3981.66"", ""qty"": ""0.025"", ""reduceOnly"": false}, {""side"": ""SELL"", ""price"": ""4005.56"", ""qty"": ""0.075"", ""reduceOnly"": true}, {""side"": ""SELL"", ""price"": ""0"", ""qty"": ""0"", ""reduceOnly"": true}, {""side"": ""BUY"", ""price"": ""3987.65"", ""qty"": ""0.025"", ""reduceOnly"": false}]","[{""price"": ""0"", ""qty"": ""0"", ""clientOrderId"": ""x-Cb7ytekJe11f3b85b93b5bf33f4242""}, {""price"": ""4005.56"", ""qty"": ""0.075"", ""clientOrderId"": ""TP_AUTO_TP_1759000444542""}, {""price"": ""0"", ""qty"": ""0"", ""clientOrderId"": ""x-Cb7ytekJ9f6255931462a744d933fb""}]",3795.29,v1,ETHUSDT
2025-09-27T19:14:30.595861+00:00,"{'tipo': 'SOPORTE', 'precio': 200.0, 'volumen': 1836.8089999999997}",3990.05,0.07500000000000001,3993.5766666666664,0.05990364000000001,"[{""side"": ""SELL"", ""price"": ""0"", ""qty"": ""0"", ""reduceOnly"": true}, {""side"": ""BUY"", ""price"": ""3984.65"", ""qty"": ""0.025"", ""reduceOnly"": false}, {""side"": ""BUY"", ""price"": ""3981.66"", ""qty"": ""0.025"", ""reduceOnly"": false}, {""side"": ""SELL"", ""price"": ""4005.56"", ""qty"": ""0.075"", ""reduceOnly"": true}, {""side"": ""SELL"", ""price"": ""0"", ""qty"": ""0"", ""reduceOnly"": true}, {""side"": ""BUY"", ""price"": ""3987.65"", ""qty"": ""0.025"", ""reduceOnly"": false}]","[{""price"": ""0"", ""qty"": ""0"", ""clientOrderId"": ""x-Cb7ytekJe11f3b85b93b5bf33f4242""}, {""price"": ""4005.56"", ""qty"": ""0.075"", ""clientOrderId"": ""TP_AUTO_TP_1759000444542""}, {""price"": ""0"", ""qty"": ""0"", ""clientOrderId"": ""x-Cb7ytekJ9f6255931462a744d933fb""}]",3795.29,v1,ETHUSDT
2025-09-27T19:14:34.148923+00:00,"{'tipo': 'SOPORTE', 'precio': 200.0, 'volumen': 1836.8089999999997}",3990.05,0.07500000000000001,3993.5766666666664,0.05990364000000001,"[{""side"": ""BUY"", ""price"": ""3984.06"", ""qty"": ""0.025"", ""reduceOnly"": false}, {""side"": ""BUY"", ""price"": ""3978.08"", ""qty"": ""0.025"", ""reduceOnly"": false}, {""side"": ""SELL"", ""price"": ""4005.56"", ""qty"": ""0.075"", ""reduceOnly"": true}, {""side"": ""BUY"", ""price"": ""3987.06"", ""qty"": ""0.025"", ""reduceOnly"": false}, {""side"": ""BUY"", ""price"": ""3981.07"", ""qty"": ""0.025"", ""reduceOnly"": false}, {""side"": ""SELL"", ""price"": ""0"", ""qty"": ""0"", ""reduceOnly"": true}]","[{""price"": ""4005.56"", ""qty"": ""0.075"", ""clientOrderId"": ""TP_AUTO_TP_1759000473237""}, {""price"": ""0"", ""qty"": ""0"", ""clientOrderId"": ""x-Cb7ytekJfdb37cc6164cc28dc663fb""}]",3793.90,v1,ETHUSDT
2025-09-27T19:17:30.667416+00:00,"{'tipo': 'SOPORTE', 'precio': 3000.0, 'volumen': 1602.4160000000002}",3992.76,0.07500000000000001,3993.5766666666664,0.05990364000000001,"[{""side"": ""BUY"", ""price"": ""3984.06"", ""qty"": ""0.025"", ""reduceOnly"": false}, {""side"": ""BUY"", ""price"": ""3978.08"", ""qty"": ""0.025"", ""reduceOnly"": false}, {""side"": ""SELL"", ""price"": ""4005.56"", ""qty"": ""0.075"", ""reduceOnly"": true}, {""side"": ""BUY"", ""price"": ""3987.06"", ""qty"": ""0.025"", ""reduceOnly"": false}, {""side"": ""BUY"", ""price"": ""3981.07"", ""qty"": ""0.025"", ""reduceOnly"": false}, {""side"": ""SELL"", ""price"": ""0"", ""qty"": ""0"", ""reduceOnly"": true}]","[{""price"": ""4005.56"", ""qty"": ""0.075"", ""clientOrderId"": ""TP_AUTO_TP_1759000473237""}, {""price"": ""0"", ""qty"": ""0"", ""clientOrderId"": ""x-Cb7ytekJfdb37cc6164cc28dc663fb""}]",3793.90,v1,ETHUSDT
2025-09-27T19:17:33.883805+00:00,"{'tipo': 'SOPORTE', 'precio': 3000.0, 'volumen': 1602.4160000000002}",3992.76,0.07500000000000001,3993.5766666666664,0.05990364000000001,"[{""side"": ""BUY"", ""price"": ""3986.77"", ""qty"": ""0.025"", ""reduceOnly"": false}, {""side"": ""BUY"", ""price"": ""3983.78"", ""qty"": ""0.025"", ""reduceOnly"": false}, {""side"": ""SELL"", ""price"": ""0"", ""qty"": ""0"", ""reduceOnly"": true}, {""side"": ""SELL"", ""price"": ""4005.56"", ""qty"": ""0.075"", ""reduceOnly"": true}, {""side"": ""BUY"", ""price"": ""3980.78"", ""qty"": ""0.025"", ""reduceOnly"": false}]","[{""price"": ""0"", ""qty"": ""0"", ""clientOrderId"": ""x-Cb7ytekJbfaa91343c256088579ac4""}, {""price"": ""4005.56"", ""qty"": ""0.075"", ""clientOrderId"": ""TP_AUTO_TP_1759000652974""}]",3793.90,v1,ETHUSDT
2025-09-27T19:20:30.660911+00:00,"{'tipo': 'SOPORTE', 'precio': 200.0, 'volumen': 1623.0030000000002}",3995.48,0.07500000000000001,3993.5766666666664,0.05990364000000001,"[{""side"": ""BUY"", ""price"": ""3986.77"", ""qty"": ""0.025"", ""reduceOnly"": false}, {""side"": ""BUY"", ""price"": ""3983.78"", ""qty"": ""0.025"", ""reduceOnly"": false}, {""side"": ""SELL"", ""price"": ""0"", ""qty"": ""0"", ""reduceOnly"": true}, {""side"": ""SELL"", ""price"": ""4005.56"", ""qty"": ""0.075"", ""reduceOnly"": true}, {""side"": ""BUY"", ""price"": ""3980.78"", ""qty"": ""0.025"", ""reduceOnly"": false}]","[{""price"": ""0"", ""qty"": ""0"", ""clientOrderId"": ""x-Cb7ytekJbfaa91343c256088579ac4""}, {""price"": ""4005.56"", ""qty"": ""0.075"", ""clientOrderId"": ""TP_AUTO_TP_1759000652974""}]",3793.90,v1,ETHUSDT
2025-09-27T19:20:33.897888+00:00,"{'tipo': 'SOPORTE', 'precio': 200.0, 'volumen': 1623.0030000000002}",3995.49,0.07500000000000001,3993.5766666666664,0.05990364000000001,"[{""side"": ""SELL"", ""price"": ""0"", ""qty"": ""0"", ""reduceOnly"": true}, {""side"": ""SELL"", ""price"": ""4005.56"", ""qty"": ""0.075"", ""reduceOnly"": true}, {""side"": ""BUY"", ""price"": ""3986.49"", ""qty"": ""0.025"", ""reduceOnly"": false}, {""side"": ""BUY"", ""price"": ""3983.49"", ""qty"": ""0.025"", ""reduceOnly"": false}, {""side"": ""BUY"", ""price"": ""3989.49"", ""qty"": ""0.025"", ""reduceOnly"": false}]","[{""price"": ""0"", ""qty"": ""0"", ""clientOrderId"": ""x-Cb7ytekJ88f423d957f86e5678e15e""}, {""price"": ""4005.56"", ""qty"": ""0.075"", ""clientOrderId"": ""TP_AUTO_TP_1759000832985""}]",3793.90,v1,ETHUSDT
2025-09-27T19:23:30.691267+00:00,"{'tipo': 'SOPORTE', 'precio': 200.0, 'volumen': 1608.8600000000001}",3995.75,0.07500000000000001,3993.5766666666664,0.05990364000000001,"[{""side"": ""SELL"", ""price"": ""0"", ""qty"": ""0"", ""reduceOnly"": true}, {""side"": ""SELL"", ""price"": ""4005.56"", ""qty"": ""0.075"", ""reduceOnly"": true}, {""side"": ""BUY"", ""price"": ""3986.49"", ""qty"": ""0.025"", ""reduceOnly"": false}, {""side"": ""BUY"", ""price"": ""3983.49"", ""qty"": ""0.025"", ""reduceOnly"": false}, {""side"": ""BUY"", ""price"": ""3989.49"", ""qty"": ""0.025"", ""reduceOnly"": false}]","[{""price"": ""0"", ""qty"": ""0"", ""clientOrderId"": ""x-Cb7ytekJ88f423d957f86e5678e15e""}, {""price"": ""4005.56"", ""qty"": ""0.075"", ""clientOrderId"": ""TP_AUTO_TP_1759000832985""}]",3793.90,v1,ETHUSDT
2025-09-27T19:23:33.644912+00:00,"{'tipo': 'SOPORTE', 'precio': 200.0, 'volumen': 1608.8600000000001}",3996.48,0.07500000000000001,3993.5766666666664,0.05990364000000001,"[{""side"": ""BUY"", ""price"": ""3983.76"", ""qty"": ""0.025"", ""reduceOnly"": false}, {""side"": ""SELL"", ""price"": ""4005.56"", ""qty"": ""0.075"", ""reduceOnly"": true}, {""side"": ""SELL"", ""price"": ""0"", ""qty"": ""0"", ""reduceOnly"": true}, {""side"": ""BUY"", ""price"": ""3986.76"", ""qty"": ""0.025"", ""reduceOnly"": false}]","[{""price"": ""4005.56"", ""qty"": ""0.075"", ""clientOrderId"": ""TP_AUTO_TP_1759001012727""}, {""price"": ""0"", ""qty"": ""0"", ""clientOrderId"": ""x-Cb7ytekJ37714c58ab8933cb6c7cd8""}]",3793.90,v1,ETHUSDT
2025-09-27T19:26:30.710199+00:00,DUMP,3995.87,0.07500000000000001,3993.5766666666664,0.05990364000000001,"[{""side"": ""BUY"", ""price"": ""3983.76"", ""qty"": ""0.025"", ""reduceOnly"": false}, {""side"": ""SELL"", ""price"": ""4005.56"", ""qty"": ""0.075"", ""reduceOnly"": true}, {""side"": ""SELL"", ""price"": ""0"", ""qty"": ""0"", ""reduceOnly"": true}, {""side"": ""BUY"", ""price"": ""3986.76"", ""qty"": ""0.025"", ""reduceOnly"": false}]","[{""price"": ""4005.56"", ""qty"": ""0.075"", ""clientOrderId"": ""TP_AUTO_TP_1759001012727""}, {""price"": ""0"", ""qty"": ""0"", ""clientOrderId"": ""x-Cb7ytekJ37714c58ab8933cb6c7cd8""}]",3793.90,v1,ETHUSDT
2025-09-27T19:26:33.972757+00:00,DUMP,3995.87,0.07500000000000001,3993.5766666666664,0.05990364000000001,"[{""side"": ""BUY"", ""price"": ""3985.88"", ""qty"": ""0.025"", ""reduceOnly"": false}, {""side"": ""SELL"", ""price"": ""4005.56"", ""qty"": ""0.075"", ""reduceOnly"": true}, {""side"": ""SELL"", ""price"": ""0"", ""qty"": ""0"", ""reduceOnly"": true}, {""side"": ""BUY"", ""price"": ""3975.89"", ""qty"": ""0.025"", ""reduceOnly"": false}, {""side"": ""BUY"", ""price"": ""3965.90"", ""qty"": ""0.025"", ""reduceOnly"": false}]","[{""price"": ""4005.56"", ""qty"": ""0.075"", ""clientOrderId"": ""TP_AUTO_TP_1759001193036""}, {""price"": ""0"", ""qty"": ""0"", ""clientOrderId"": ""x-Cb7ytekJ94af7eb21b27a632776682""}]",3793.90,v1,ETHUSDT
2025-09-27T19:29:30.786524+00:00,"{'tipo': 'SOPORTE', 'precio': 200.0, 'volumen': 581.35}",3997.89,0.07500000000000001,3993.5766666666664,0.05990364000000001,"[{""side"": ""BUY"", ""price"": ""3985.88"", ""qty"": ""0.025"", ""reduceOnly"": false}, {""side"": ""SELL"", ""price"": ""4005.56"", ""qty"": ""0.075"", ""reduceOnly"": true}, {""side"": ""SELL"", ""price"": ""0"", ""qty"": ""0"", ""reduceOnly"": true}, {""side"": ""BUY"", ""price"": ""3975.89"", ""qty"": ""0.025"", ""reduceOnly"": false}, {""side"": ""BUY"", ""price"": ""3965.90"", ""qty"": ""0.025"", ""reduceOnly"": false}]","[{""price"": ""4005.56"", ""qty"": ""0.075"", ""clientOrderId"": ""TP_AUTO_TP_1759001193036""}, {""price"": ""0"", ""qty"": ""0"", ""clientOrderId"": ""x-Cb7ytekJ94af7eb21b27a632776682""}]",3793.90,v1,ETHUSDT
2025-09-27T19:29:33.730179+00:00,"{'tipo': 'SOPORTE', 'precio': 200.0, 'volumen': 581.35}",3997.9,0.07500000000000001,3993.5766666666664,0.05990364000000001,"[{""side"": ""SELL"", ""price"": ""4005.56"", ""qty"": ""0.075"", ""reduceOnly"": true}, {""side"": ""BUY"", ""price"": ""3988.89"", ""qty"": ""0.025"", ""reduceOnly"": false}, {""side"": ""SELL"", ""price"": ""0"", ""qty"": ""0"", ""reduceOnly"": true}, {""side"": ""BUY"", ""price"": ""3985.90"", ""qty"": ""0.025"", ""reduceOnly"": false}]","[{""price"": ""4005.56"", ""qty"": ""0.075"", ""clientOrderId"": ""TP_AUTO_TP_1759001372822""}, {""price"": ""0"", ""qty"": ""0"", ""clientOrderId"": ""x-Cb7ytekJe84b036ea9d7440ff9a96a""}]",3793.90,v1,ETHUSDT
2025-09-27T19:32:30.862392+00:00,"{'tipo': 'SOPORTE', 'precio': 3000.0, 'volumen': 2195.86}",3995.15,0.07500000000000001,3993.5766666666664,0.05990364000000001,"[{""side"": ""SELL"", ""price"": ""4005.56"", ""qty"": ""0.075"", ""reduceOnly"": true}, {""side"": ""BUY"", ""price"": ""3988.89"", ""qty"": ""0.025"", ""reduceOnly"": false}, {""side"": ""SELL"", ""price"": ""0"", ""qty"": ""0"", ""reduceOnly"": true}, {""side"": ""BUY"", ""price"": ""3985.90"", ""qty"": ""0.025"", ""reduceOnly"": false}]","[{""price"": ""4005.56"", ""qty"": ""0.075"", ""clientOrderId"": ""TP_AUTO_TP_1759001372822""}, {""price"": ""0"", ""qty"": ""0"", ""clientOrderId"": ""x-Cb7ytekJe84b036ea9d7440ff9a96a""}]",3793.90,v1,ETHUSDT
2025-09-27T19:32:34.088890+00:00,"{'tipo': 'SOPORTE', 'precio': 3000.0, 'volumen': 2195.86}",3995.15,0.07500000000000001,3993.5766666666664,0.05990364000000001,"[{""side"": ""SELL"", ""price"": ""0"", ""qty"": ""0"", ""reduceOnly"": true}, {""side"": ""BUY"", ""price"": ""3983.16"", ""qty"": ""0.025"", ""reduceOnly"": false}, {""side"": ""BUY"", ""price"": ""3989.16"", ""qty"": ""0.025"", ""reduceOnly"": false}, {""side"": ""BUY"", ""price"": ""3986.16"", ""qty"": ""0.025"", ""reduceOnly"": false}, {""side"": ""SELL"", ""price"": ""4005.56"", ""qty"": ""0.075"", ""reduceOnly"": true}]","[{""price"": ""0"", ""qty"": ""0"", ""clientOrderId"": ""x-Cb7ytekJ5ea8270d328b177da69f87""}, {""price"": ""4005.56"", ""qty"": ""0.075"", ""clientOrderId"": ""TP_AUTO_TP_1759001553173""}]",3793.90,v1,ETHUSDT
2025-09-27T19:35:30.947284+00:00,"{'tipo': 'SOPORTE', 'precio': 3000.0, 'volumen': 1857.785}",3995.49,0.07500000000000001,3993.5766666666664,0.05990364000000001,"[{""side"": ""SELL"", ""price"": ""0"", ""qty"": ""0"", ""reduceOnly"": true}, {""side"": ""BUY"", ""price"": ""3983.16"", ""qty"": ""0.025"", ""reduceOnly"": false}, {""side"": ""BUY"", ""price"": ""3989.16"", ""qty"": ""0.025"", ""reduceOnly"": false}, {""side"": ""BUY"", ""price"": ""3986.16"", ""qty"": ""0.025"", ""reduceOnly"": false}, {""side"": ""SELL"", ""price"": ""4005.56"", ""qty"": ""0.075"", ""reduceOnly"": true}]","[{""price"": ""0"", ""qty"": ""0"", ""clientOrderId"": ""x-Cb7ytekJ5ea8270d328b177da69f87""}, {""price"": ""4005.56"", ""qty"": ""0.075"", ""clientOrderId"": ""TP_AUTO_TP_1759001553173""}]",3793.90,v1,ETHUSDT
2025-09-27T19:35:34.191973+00:00,"{'tipo': 'SOPORTE', 'precio': 3000.0, 'volumen': 1857.785}",3995.5,0.07500000000000001,3993.5766666666664,0.05990364000000001,"[{""side"": ""BUY"", ""price"": ""3986.50"", ""qty"": ""0.025"", ""reduceOnly"": false}, {""side"": ""BUY"", ""price"": ""3989.50"", ""qty"": ""0.025"", ""reduceOnly"": false}, {""side"": ""BUY"", ""price"": ""3983.50"", ""qty"": ""0.025"", ""reduceOnly"": false}, {""side"": ""SELL"", ""price"": ""0"", ""qty"": ""0"", ""reduceOnly"": true}, {""side"": ""SELL"", ""price"": ""4005.56"", ""qty"": ""0.075"", ""reduceOnly"": true}]","[{""price"": ""0"", ""qty"": ""0"", ""clientOrderId"": ""x-Cb7ytekJ6c484cc2bebbce2895ce9""}, {""price"": ""4005.56"", ""qty"": ""0.075"", ""clientOrderId"": ""TP_AUTO_TP_1759001733277""}]",3793.90,v1,ETHUSDT
2025-09-27T19:38:31.052980+00:00,"{'tipo': 'SOPORTE', 'precio': 200.0, 'volumen': 1597.404}",3994.85,0.07500000000000001,3993.5766666666664,0.05990364000000001,"[{""side"": ""BUY"", ""price"": ""3986.50"", ""qty"": ""0.025"", ""reduceOnly"": false}, {""side"": ""BUY"", ""price"": ""3989.50"", ""qty"": ""0.025"", ""reduceOnly"": false}, {""side"": ""BUY"", ""price"": ""3983.50"", ""qty"": ""0.025"", ""reduceOnly"": false}, {""side"": ""SELL"", ""price"": ""0"", ""qty"": ""0"", ""reduceOnly"": true}, {""side"": ""SELL"", ""price"": ""4005.56"", ""qty"": ""0.075"", ""reduceOnly"": true}]","[{""price"": ""0"", ""qty"": ""0"", ""clientOrderId"": ""x-Cb7ytekJ6c484cc2bebbce2895ce9""}, {""price"": ""4005.56"", ""qty"": ""0.075"", ""clientOrderId"": ""TP_AUTO_TP_1759001733277""}]",3793.90,v1,ETHUSDT
2025-09-27T19:38:34.302679+00:00,"{'tipo': 'SOPORTE', 'precio': 200.0, 'volumen': 1597.404}",3994.85,0.07500000000000001,3993.5766666666664,0.05990364000000001,"[{""side"": ""SELL"", ""price"": ""4005.56"", ""qty"": ""0.075"", ""reduceOnly"": true}, {""side"": ""BUY"", ""price"": ""3982.87"", ""qty"": ""0.025"", ""reduceOnly"": false}, {""side"": ""SELL"", ""price"": ""0"", ""qty"": ""0"", ""reduceOnly"": true}, {""side"": ""BUY"", ""price"": ""3985.86"", ""qty"": ""0.025"", ""reduceOnly"": false}, {""side"": ""BUY"", ""price"": ""3988.86"", ""qty"": ""0.025"", ""reduceOnly"": false}]","[{""price"": ""4005.56"", ""qty"": ""0.075"", ""clientOrderId"": ""TP_AUTO_TP_1759001913384""}, {""price"": ""0"", ""qty"": ""0"", ""clientOrderId"": ""x-Cb7ytekJdfb1e5395fd02889abda41""}]",3793.90,v1,ETHUSDT
2025-09-27T19:41:31.128314+00:00,"{'tipo': 'SOPORTE', 'precio': 200.0, 'volumen': 435.014}",3996.04,0.07500000000000001,3993.5766666666664,0.05990364000000001,"[{""side"": ""SELL"", ""price"": ""4005.56"", ""qty"": ""0.075"", ""reduceOnly"": true}, {""side"": ""BUY"", ""price"": ""3982.87"", ""qty"": ""0.025"", ""reduceOnly"": false}, {""side"": ""SELL"", ""price"": ""0"", ""qty"": ""0"", ""reduceOnly"": true}, {""side"": ""BUY"", ""price"": ""3985.86"", ""qty"": ""0.025"", ""reduceOnly"": false}, {""side"": ""BUY"", ""price"": ""3988.86"", ""qty"": ""0.025"", ""reduceOnly"": false}]","[{""price"": ""4005.56"", ""qty"": ""0.075"", ""clientOrderId"": ""TP_AUTO_TP_1759001913384""}, {""price"": ""0"", ""qty"": ""0"", ""clientOrderId"": ""x-Cb7ytekJdfb1e5395fd02889abda41""}]",3793.90,v1,ETHUSDT
2025-09-27T19:41:34.048049+00:00,"{'tipo': 'SOPORTE', 'precio': 200.0, 'volumen': 435.014}",3996.04,0.07500000000000001,3993.5766666666664,0.05990364000000001,"[{""side"": ""SELL"", ""price"": ""4005.56"", ""qty"": ""0.075"", ""reduceOnly"": true}, {""side"": ""SELL"", ""price"": ""0"", ""qty"": ""0"", ""reduceOnly"": true}, {""side"": ""BUY"", ""price"": ""3984.05"", ""qty"": ""0.025"", ""reduceOnly"": false}, {""side"": ""BUY"", ""price"": ""3987.05"", ""qty"": ""0.025"", ""reduceOnly"": false}]","[{""price"": ""4005.56"", ""qty"": ""0.075"", ""clientOrderId"": ""TP_AUTO_TP_1759002093140""}, {""price"": ""0"", ""qty"": ""0"", ""clientOrderId"": ""x-Cb7ytekJf4267d0dbddc9cd4a61621""}]",3793.90,v1,ETHUSDT
2025-09-27T19:44:31.167986+00:00,"{'tipo': 'SOPORTE', 'precio': 200.0, 'volumen': 1690.471}",3996.0,0.07500000000000001,3993.5766666666664,0.05990364000000001,"[{""side"": ""SELL"", ""price"": ""4005.56"", ""qty"": ""0.075"", ""reduceOnly"": true}, {""side"": ""SELL"", ""price"": ""0"", ""qty"": ""0"", ""reduceOnly"": true}, {""side"": ""BUY"", ""price"": ""3984.05"", ""qty"": ""0.025"", ""reduceOnly"": false}, {""side"": ""BUY"", ""price"": ""3987.05"", ""qty"": ""0.025"", ""reduceOnly"": false}]","[{""price"": ""4005.56"", ""qty"": ""0.075"", ""clientOrderId"": ""TP_AUTO_TP_1759002093140""}, {""price"": ""0"", ""qty"": ""0"", ""clientOrderId"": ""x-Cb7ytekJf4267d0dbddc9cd4a61621""}]",3793.90,v1,ETHUSDT
2025-09-27T19:44:34.084875+00:00,"{'tipo': 'SOPORTE', 'precio': 200.0, 'volumen': 1690.471}",3995.99,0.07500000000000001,3993.5766666666664,0.05990364000000001,"[{""side"": ""BUY"", ""price"": ""3984.01"", ""qty"": ""0.025"", ""reduceOnly"": false}, {""side"": ""SELL"", ""price"": ""4005.56"", ""qty"": ""0.075"", ""reduceOnly"": true}, {""side"": ""SELL"", ""price"": ""0"", ""qty"": ""0"", ""reduceOnly"": true}, {""side"": ""BUY"", ""price"": ""3987.01"", ""qty"": ""0.025"", ""reduceOnly"": false}]","[{""price"": ""4005.56"", ""qty"": ""0.075"", ""clientOrderId"": ""TP_AUTO_TP_1759002273179""}, {""price"": ""0"", ""qty"": ""0"", ""clientOrderId"": ""x-Cb7ytekJ4843c1a61e243cc72ea384""}]",3793.90,v1,ETHUSDT
2025-09-27T19:47:31.225075+00:00,"{'tipo': 'SOPORTE', 'precio': 200.0, 'volumen': 1597.5420000000001}",3996.65,0.07500000000000001,3993.5766666666664,0.05990364000000001,"[{""side"": ""BUY"", ""price"": ""3984.01"", ""qty"": ""0.025"", ""reduceOnly"": false}, {""side"": ""SELL"", ""price"": ""4005.56"", ""qty"": ""0.075"", ""reduceOnly"": true}, {""side"": ""SELL"", ""price"": ""0"", ""qty"": ""0"", ""reduceOnly"": true}, {""side"": ""BUY"", ""price"": ""3987.01"", ""qty"": ""0.025"", ""reduceOnly"": false}]","[{""price"": ""4005.56"", ""qty"": ""0.075"", ""clientOrderId"": ""TP_AUTO_TP_1759002273179""}, {""price"": ""0"", ""qty"": ""0"", ""clientOrderId"": ""x-Cb7ytekJ4843c1a61e243cc72ea384""}]",3793.90,v1,ETHUSDT
2025-09-27T19:47:34.153628+00:00,"{'tipo': 'SOPORTE', 'precio': 200.0, 'volumen': 1597.5420000000001}",3996.64,0.07500000000000001,3993.5766666666664,0.05990364000000001,"[{""side"": ""BUY"", ""price"": ""3984.66"", ""qty"": ""0.025"", ""reduceOnly"": false}, {""side"": ""SELL"", ""price"": ""4005.56"", ""qty"": ""0.075"", ""reduceOnly"": true}, {""side"": ""SELL"", ""price"": ""0"", ""qty"": ""0"", ""reduceOnly"": true}, {""side"": ""BUY"", ""price"": ""3987.66"", ""qty"": ""0.025"", ""reduceOnly"": false}]","[{""price"": ""4005.56"", ""qty"": ""0.075"", ""clientOrderId"": ""TP_AUTO_TP_1759002453244""}, {""price"": ""0"", ""qty"": ""0"", ""clientOrderId"": ""x-Cb7ytekJ6fa63db9317a9f9e2837d8""}]",3793.90,v1,ETHUSDT
2025-09-27T19:50:31.282580+00:00,"{'tipo': 'SOPORTE', 'precio': 3000.0, 'volumen': 1669.2630000000001}",4001.41,0.07500000000000001,3993.5766666666664,0.05990364000000001,"[{""side"": ""BUY"", ""price"": ""3984.66"", ""qty"": ""0.025"", ""reduceOnly"": false}, {""side"": ""SELL"", ""price"": ""4005.56"", ""qty"": ""0.075"", ""reduceOnly"": true}, {""side"": ""SELL"", ""price"": ""0"", ""qty"": ""0"", ""reduceOnly"": true}, {""side"": ""BUY"", ""price"": ""3987.66"", ""qty"": ""0.025"", ""reduceOnly"": false}]","[{""price"": ""4005.56"", ""qty"": ""0.075"", ""clientOrderId"": ""TP_AUTO_TP_1759002453244""}, {""price"": ""0"", ""qty"": ""0"", ""clientOrderId"": ""x-Cb7ytekJ6fa63db9317a9f9e2837d8""}]",3793.90,v1,ETHUSDT
2025-09-27T19:50:33.894691+00:00,DUMP,4001.13,0.07500000000000001,3993.5766666666664,0.05990364000000001,"[{""side"": ""SELL"", ""price"": ""0"", ""qty"": ""0"", ""reduceOnly"": true}, {""side"": ""BUY"", ""price"": ""3989.41"", ""qty"": ""0.025"", ""reduceOnly"": false}, {""side"": ""SELL"", ""price"": ""4005.56"", ""qty"": ""0.075"", ""reduceOnly"": true}]","[{""price"": ""0"", ""qty"": ""0"", ""clientOrderId"": ""x-Cb7ytekJ6227da0def21f515bf9528""}, {""price"": ""4005.56"", ""qty"": ""0.075"", ""clientOrderId"": ""TP_AUTO_TP_1759002632995""}]",3793.90,v1,ETHUSDT
2025-09-27T19:53:31.311859+00:00,"{'tipo': 'SOPORTE', 'precio': 200.0, 'volumen': 1651.2480000000003}",3999.41,0.07500000000000001,3993.5766666666664,0.05990364000000001,"[{""side"": ""SELL"", ""price"": ""0"", ""qty"": ""0"", ""reduceOnly"": true}, {""side"": ""BUY"", ""price"": ""3989.41"", ""qty"": ""0.025"", ""reduceOnly"": false}, {""side"": ""SELL"", ""price"": ""4005.56"", ""qty"": ""0.075"", ""reduceOnly"": true}]","[{""price"": ""0"", ""qty"": ""0"", ""clientOrderId"": ""x-Cb7ytekJ6227da0def21f515bf9528""}, {""price"": ""4005.56"", ""qty"": ""0.075"", ""clientOrderId"": ""TP_AUTO_TP_1759002632995""}]",3793.90,v1,ETHUSDT
2025-09-27T19:53:33.917416+00:00,"{'tipo': 'SOPORTE', 'precio': 200.0, 'volumen': 1651.2480000000003}",3999.41,0.07500000000000001,3993.5766666666664,0.05990364000000001,"[{""side"": ""SELL"", ""price"": ""0"", ""qty"": ""0"", ""reduceOnly"": true}, {""side"": ""BUY"", ""price"": ""3987.41"", ""qty"": ""0.025"", ""reduceOnly"": false}, {""side"": ""SELL"", ""price"": ""4005.56"", ""qty"": ""0.075"", ""reduceOnly"": true}]","[{""price"": ""0"", ""qty"": ""0"", ""clientOrderId"": ""x-Cb7ytekJ22559e717bd3fb5edc14f4""}, {""price"": ""4005.56"", ""qty"": ""0.075"", ""clientOrderId"": ""TP_AUTO_TP_1759002813005""}]",3793.90,v1,ETHUSDT
2025-09-27T19:56:31.409752+00:00,"{'tipo': 'SOPORTE', 'precio': 200.0, 'volumen': 1654.811}",4001.69,0.07500000000000001,3993.5766666666664,0.05990364000000001,"[{""side"": ""SELL"", ""price"": ""0"", ""qty"": ""0"", ""reduceOnly"": true}, {""side"": ""BUY"", ""price"": ""3987.41"", ""qty"": ""0.025"", ""reduceOnly"": false}, {""side"": ""SELL"", ""price"": ""4005.56"", ""qty"": ""0.075"", ""reduceOnly"": true}]","[{""price"": ""0"", ""qty"": ""0"", ""clientOrderId"": ""x-Cb7ytekJ22559e717bd3fb5edc14f4""}, {""price"": ""4005.56"", ""qty"": ""0.075"", ""clientOrderId"": ""TP_AUTO_TP_1759002813005""}]",3793.90,v1,ETHUSDT
2025-09-27T19:56:33.740365+00:00,"{'tipo': 'SOPORTE', 'precio': 200.0, 'volumen': 1654.811}",4001.69,0.07500000000000001,3993.5766666666664,0.05990364000000001,"[{""side"": ""SELL"", ""price"": ""4005.56"", ""qty"": ""0.075"", ""reduceOnly"": true}, {""side"": ""SELL"", ""price"": ""0"", ""qty"": ""0"", ""reduceOnly"": true}]","[{""price"": ""4005.56"", ""qty"": ""0.075"", ""clientOrderId"": ""TP_AUTO_TP_1759002992822""}, {""price"": ""0"", ""qty"": ""0"", ""clientOrderId"": ""x-Cb7ytekJd625d903c959c427fc5584""}]",3793.90,v1,ETHUSDT
2025-09-27T19:59:31.465419+00:00,"{'tipo': 'SOPORTE', 'precio': 3000.0, 'volumen': 1869.164}",4000.65,0.07500000000000001,3993.5766666666664,0.05990364000000001,"[{""side"": ""SELL"", ""price"": ""4005.56"", ""qty"": ""0.075"", ""reduceOnly"": true}, {""side"": ""SELL"", ""price"": ""0"", ""qty"": ""0"", ""reduceOnly"": true}]","[{""price"": ""4005.56"", ""qty"": ""0.075"", ""clientOrderId"": ""TP_AUTO_TP_1759002992822""}, {""price"": ""0"", ""qty"": ""0"", ""clientOrderId"": ""x-Cb7ytekJd625d903c959c427fc5584""}]",3793.90,v1,ETHUSDT
2025-09-27T19:59:34.097041+00:00,"{'tipo': 'SOPORTE', 'precio': 3000.0, 'volumen': 1869.164}",4000.65,0.07500000000000001,3993.5766666666664,0.05990364000000001,"[{""side"": ""BUY"", ""price"": ""3988.65"", ""qty"": ""0.025"", ""reduceOnly"": false}, {""side"": ""SELL"", ""price"": ""0"", ""qty"": ""0"", ""reduceOnly"": true}, {""side"": ""SELL"", ""price"": ""4005.56"", ""qty"": ""0.075"", ""reduceOnly"": true}]","[{""price"": ""0"", ""qty"": ""0"", ""clientOrderId"": ""x-Cb7ytekJ1871640adfa6453f80395e""}, {""price"": ""4005.56"", ""qty"": ""0.075"", ""clientOrderId"": ""TP_AUTO_TP_1759003173187""}]",3793.90,v1,ETHUSDT
2025-09-27T20:02:31.802370+00:00,"{'tipo': 'SOPORTE', 'precio': 3599.28, 'volumen': 2680.706}",3999.19,0.07500000000000001,3993.5766666666664,0.05990364000000001,"[{""side"": ""BUY"", ""price"": ""3988.65"", ""qty"": ""0.025"", ""reduceOnly"": false}, {""side"": ""SELL"", ""price"": ""0"", ""qty"": ""0"", ""reduceOnly"": true}, {""side"": ""SELL"", ""price"": ""4005.56"", ""qty"": ""0.075"", ""reduceOnly"": true}]","[{""price"": ""0"", ""qty"": ""0"", ""clientOrderId"": ""x-Cb7ytekJ1871640adfa6453f80395e""}, {""price"": ""4005.56"", ""qty"": ""0.075"", ""clientOrderId"": ""TP_AUTO_TP_1759003173187""}]",3793.90,v1,ETHUSDT
2025-09-27T20:02:34.401064+00:00,"{'tipo': 'SOPORTE', 'precio': 3599.28, 'volumen': 2680.706}",3999.2,0.07500000000000001,3993.5766666666664,0.05990364000000001,"[{""side"": ""BUY"", ""price"": ""3987.19"", ""qty"": ""0.025"", ""reduceOnly"": false}, {""side"": ""SELL"", ""price"": ""4005.56"", ""qty"": ""0.075"", ""reduceOnly"": true}, {""side"": ""SELL"", ""price"": ""0"", ""qty"": ""0"", ""reduceOnly"": true}]","[{""price"": ""4005.56"", ""qty"": ""0.075"", ""clientOrderId"": ""TP_AUTO_TP_1759003353493""}, {""price"": ""0"", ""qty"": ""0"", ""clientOrderId"": ""x-Cb7ytekJ5319a1e07f5c2dcb102439""}]",3793.90,v1,ETHUSDT
2025-09-27T20:05:31.588951+00:00,"{'tipo': 'SOPORTE', 'precio': 200.0, 'volumen': 1578.6680000000001}",4003.59,0.07500000000000001,3993.5766666666664,0.05990364000000001,"[{""side"": ""BUY"", ""price"": ""3987.19"", ""qty"": ""0.025"", ""reduceOnly"": false}, {""side"": ""SELL"", ""price"": ""4005.56"", ""qty"": ""0.075"", ""reduceOnly"": true}, {""side"": ""SELL"", ""price"": ""0"", ""qty"": ""0"", ""reduceOnly"": true}]","[{""price"": ""4005.56"", ""qty"": ""0.075"", ""clientOrderId"": ""TP_AUTO_TP_1759003353493""}, {""price"": ""0"", ""qty"": ""0"", ""clientOrderId"": ""x-Cb7ytekJ5319a1e07f5c2dcb102439""}]",3793.90,v1,ETHUSDT
2025-09-27T20:05:33.908315+00:00,"{'tipo': 'SOPORTE', 'precio': 200.0, 'volumen': 1578.6680000000001}",4003.59,0.07500000000000001,3993.5766666666664,0.05990364000000001,"[{""side"": ""SELL"", ""price"": ""4005.56"", ""qty"": ""0.075"", ""reduceOnly"": true}, {""side"": ""SELL"", ""price"": ""0"", ""qty"": ""0"", ""reduceOnly"": true}]","[{""price"": ""4005.56"", ""qty"": ""0.075"", ""clientOrderId"": ""TP_AUTO_TP_1759003532999""}, {""price"": ""0"", ""qty"": ""0"", ""clientOrderId"": ""x-Cb7ytekJ2f1339407b30e29deaca5d""}]",3793.90,v1,ETHUSDT
2025-09-27T20:08:31.596096+00:00,"{'tipo': 'SOPORTE', 'precio': 200.0, 'volumen': 1676.1050000000002}",4002.47,0.07500000000000001,3993.5766666666664,0.05990364000000001,"[{""side"": ""SELL"", ""price"": ""4005.56"", ""qty"": ""0.075"", ""reduceOnly"": true}, {""side"": ""SELL"", ""price"": ""0"", ""qty"": ""0"", ""reduceOnly"": true}]","[{""price"": ""4005.56"", ""qty"": ""0.075"", ""clientOrderId"": ""TP_AUTO_TP_1759003532999""}, {""price"": ""0"", ""qty"": ""0"", ""clientOrderId"": ""x-Cb7ytekJ2f1339407b30e29deaca5d""}]",3793.90,v1,ETHUSDT
2025-09-27T20:08:33.931624+00:00,"{'tipo': 'SOPORTE', 'precio': 200.0, 'volumen': 1676.1050000000002}",4002.47,0.07500000000000001,3993.5766666666664,0.05990364000000001,"[{""side"": ""SELL"", ""price"": ""4005.56"", ""qty"": ""0.075"", ""reduceOnly"": true}, {""side"": ""SELL"", ""price"": ""0"", ""qty"": ""0"", ""reduceOnly"": true}]","[{""price"": ""4005.56"", ""qty"": ""0.075"", ""clientOrderId"": ""TP_AUTO_TP_1759003713014""}, {""price"": ""0"", ""qty"": ""0"", ""clientOrderId"": ""x-Cb7ytekJeddb64f450d237ecf0fb61""}]",3793.90,v1,ETHUSDT
2025-09-27T20:11:31.663853+00:00,DUMP,4004.39,0.07500000000000001,3993.5766666666664,0.05990364000000001,"[{""side"": ""SELL"", ""price"": ""4005.56"", ""qty"": ""0.075"", ""reduceOnly"": true}, {""side"": ""SELL"", ""price"": ""0"", ""qty"": ""0"", ""reduceOnly"": true}]","[{""price"": ""4005.56"", ""qty"": ""0.075"", ""clientOrderId"": ""TP_AUTO_TP_1759003713014""}, {""price"": ""0"", ""qty"": ""0"", ""clientOrderId"": ""x-Cb7ytekJeddb64f450d237ecf0fb61""}]",3793.90,v1,ETHUSDT
2025-09-27T20:11:34.621653+00:00,DUMP,4004.39,0.07500000000000001,3993.5766666666664,0.05990364000000001,"[{""side"": ""BUY"", ""price"": ""3984.37"", ""qty"": ""0.025"", ""reduceOnly"": false}, {""side"": ""SELL"", ""price"": ""0"", ""qty"": ""0"", ""reduceOnly"": true}, {""side"": ""SELL"", ""price"": ""4005.56"", ""qty"": ""0.075"", ""reduceOnly"": true}, {""side"": ""BUY"", ""price"": ""3974.36"", ""qty"": ""0.025"", ""reduceOnly"": false}]","[{""price"": ""0"", ""qty"": ""0"", ""clientOrderId"": ""x-Cb7ytekJd885a5190956069b8c38c6""}, {""price"": ""4005.56"", ""qty"": ""0.075"", ""clientOrderId"": ""TP_AUTO_TP_1759003893699""}]",3793.90,v1,ETHUSDT
2025-09-27T20:14:31.700743+00:00,"{'tipo': 'SOPORTE', 'precio': 3000.0, 'volumen': 1780.578}",4001.43,0.07500000000000001,3993.5766666666664,0.05990364000000001,"[{""side"": ""BUY"", ""price"": ""3984.37"", ""qty"": ""0.025"", ""reduceOnly"": false}, {""side"": ""SELL"", ""price"": ""0"", ""qty"": ""0"", ""reduceOnly"": true}, {""side"": ""SELL"", ""price"": ""4005.56"", ""qty"": ""0.075"", ""reduceOnly"": true}, {""side"": ""BUY"", ""price"": ""3974.36"", ""qty"": ""0.025"", ""reduceOnly"": false}]","[{""price"": ""0"", ""qty"": ""0"", ""clientOrderId"": ""x-Cb7ytekJd885a5190956069b8c38c6""}, {""price"": ""4005.56"", ""qty"": ""0.075"", ""clientOrderId"": ""TP_AUTO_TP_1759003893699""}]",3793.90,v1,ETHUSDT
2025-09-27T20:14:34.332288+00:00,"{'tipo': 'SOPORTE', 'precio': 3000.0, 'volumen': 1780.578}",4001.42,0.07500000000000001,3993.5766666666664,0.05990364000000001,"[{""side"": ""SELL"", ""price"": ""0"", ""qty"": ""0"", ""reduceOnly"": true}, {""side"": ""SELL"", ""price"": ""4005.56"", ""qty"": ""0.075"", ""reduceOnly"": true}, {""side"": ""BUY"", ""price"": ""3989.43"", ""qty"": ""0.025"", ""reduceOnly"": false}]","[{""price"": ""0"", ""qty"": ""0"", ""clientOrderId"": ""x-Cb7ytekJfe37b18abdcbd88ed0116""}, {""price"": ""4005.56"", ""qty"": ""0.075"", ""clientOrderId"": ""TP_AUTO_TP_1759004073423""}]",3793.90,v1,ETHUSDT
2025-09-27T20:17:31.704221+00:00,"{'tipo': 'SOPORTE', 'precio': 200.0, 'volumen': 159.913}",3999.6,0.07500000000000001,3993.5766666666664,0.05990364000000001,"[{""side"": ""SELL"", ""price"": ""0"", ""qty"": ""0"", ""reduceOnly"": true}, {""side"": ""SELL"", ""price"": ""4005.56"", ""qty"": ""0.075"", ""reduceOnly"": true}, {""side"": ""BUY"", ""price"": ""3989.43"", ""qty"": ""0.025"", ""reduceOnly"": false}]","[{""price"": ""0"", ""qty"": ""0"", ""clientOrderId"": ""x-Cb7ytekJfe37b18abdcbd88ed0116""}, {""price"": ""4005.56"", ""qty"": ""0.075"", ""clientOrderId"": ""TP_AUTO_TP_1759004073423""}]",3793.90,v1,ETHUSDT
2025-09-27T20:17:34.328006+00:00,"{'tipo': 'SOPORTE', 'precio': 200.0, 'volumen': 159.913}",3999.91,0.07500000000000001,3993.5766666666664,0.05990364000000001,"[{""side"": ""SELL"", ""price"": ""0"", ""qty"": ""0"", ""reduceOnly"": true}, {""side"": ""SELL"", ""price"": ""4005.56"", ""qty"": ""0.075"", ""reduceOnly"": true}, {""side"": ""BUY"", ""price"": ""3987.60"", ""qty"": ""0.025"", ""reduceOnly"": false}]","[{""price"": ""0"", ""qty"": ""0"", ""clientOrderId"": ""x-Cb7ytekJ24eb1f4a125578b287239e""}, {""price"": ""4005.56"", ""qty"": ""0.075"", ""clientOrderId"": ""TP_AUTO_TP_1759004253404""}]",3793.90,v1,ETHUSDT
2025-09-27T20:20:31.759289+00:00,"{'tipo': 'SOPORTE', 'precio': 200.0, 'volumen': 1874.4379999999999}",4002.0,0.07500000000000001,3993.5766666666664,0.05990364000000001,"[{""side"": ""SELL"", ""price"": ""0"", ""qty"": ""0"", ""reduceOnly"": true}, {""side"": ""SELL"", ""price"": ""4005.56"", ""qty"": ""0.075"", ""reduceOnly"": true}, {""side"": ""BUY"", ""price"": ""3987.60"", ""qty"": ""0.025"", ""reduceOnly"": false}]","[{""price"": ""0"", ""qty"": ""0"", ""clientOrderId"": ""x-Cb7ytekJ24eb1f4a125578b287239e""}, {""price"": ""4005.56"", ""qty"": ""0.075"", ""clientOrderId"": ""TP_AUTO_TP_1759004253404""}]",3793.90,v1,ETHUSDT
2025-09-27T20:20:34.109691+00:00,"{'tipo': 'SOPORTE', 'precio': 200.0, 'volumen': 1874.4379999999999}",4002.0,0.07500000000000001,3993.5766666666664,0.05990364000000001,"[{""side"": ""SELL"", ""price"": ""0"", ""qty"": ""0"", ""reduceOnly"": true}, {""side"": ""SELL"", ""price"": ""4005.56"", ""qty"": ""0.075"", ""reduceOnly"": true}]","[{""price"": ""0"", ""qty"": ""0"", ""clientOrderId"": ""x-Cb7ytekJa202f7989a63f0bdff01cd""}, {""price"": ""4005.56"", ""qty"": ""0.075"", ""clientOrderId"": ""TP_AUTO_TP_1759004433177""}]",3793.90,v1,ETHUSDT
2025-09-27T20:23:31.830169+00:00,"{'tipo': 'SOPORTE', 'precio': 200.0, 'volumen': 1613.325}",3999.98,0.07500000000000001,3993.5766666666664,0.05990364000000001,"[{""side"": ""SELL"", ""price"": ""0"", ""qty"": ""0"", ""reduceOnly"": true}, {""side"": ""SELL"", ""price"": ""4005.56"", ""qty"": ""0.075"", ""reduceOnly"": true}]","[{""price"": ""0"", ""qty"": ""0"", ""clientOrderId"": ""x-Cb7ytekJa202f7989a63f0bdff01cd""}, {""price"": ""4005.56"", ""qty"": ""0.075"", ""clientOrderId"": ""TP_AUTO_TP_1759004433177""}]",3793.90,v1,ETHUSDT
2025-09-27T20:23:34.488782+00:00,"{'tipo': 'SOPORTE', 'precio': 200.0, 'volumen': 1613.325}",3999.98,0.07500000000000001,3993.5766666666664,0.05990364000000001,"[{""side"": ""SELL"", ""price"": ""0"", ""qty"": ""0"", ""reduceOnly"": true}, {""side"": ""SELL"", ""price"": ""4005.56"", ""qty"": ""0.075"", ""reduceOnly"": true}, {""side"": ""BUY"", ""price"": ""3987.98"", ""qty"": ""0.025"", ""reduceOnly"": false}]","[{""price"": ""0"", ""qty"": ""0"", ""clientOrderId"": ""x-Cb7ytekJ5a3f220710d6b4b7a5b353""}, {""price"": ""4005.56"", ""qty"": ""0.075"", ""clientOrderId"": ""TP_AUTO_TP_1759004613550""}]",3793.90,v1,ETHUSDT
2025-09-27T20:26:32.290934+00:00,"{'tipo': 'SOPORTE', 'precio': 3000.0, 'volumen': 1574.694}",4000.01,0.07500000000000001,3993.5766666666664,0.05990364000000001,"[{""side"": ""SELL"", ""price"": ""0"", ""qty"": ""0"", ""reduceOnly"": true}, {""side"": ""SELL"", ""price"": ""4005.56"", ""qty"": ""0.075"", ""reduceOnly"": true}, {""side"": ""BUY"", ""price"": ""3987.98"", ""qty"": ""0.025"", ""reduceOnly"": false}]","[{""price"": ""0"", ""qty"": ""0"", ""clientOrderId"": ""x-Cb7ytekJ5a3f220710d6b4b7a5b353""}, {""price"": ""4005.56"", ""qty"": ""0.075"", ""clientOrderId"": ""TP_AUTO_TP_1759004613550""}]",3793.90,v1,ETHUSDT
2025-09-27T20:26:34.924509+00:00,"{'tipo': 'SOPORTE', 'precio': 3000.0, 'volumen': 1574.694}",4000.0,0.07500000000000001,3993.5766666666664,0.05990364000000001,"[{""side"": ""SELL"", ""price"": ""0"", ""qty"": ""0"", ""reduceOnly"": true}, {""side"": ""SELL"", ""price"": ""4005.56"", ""qty"": ""0.075"", ""reduceOnly"": true}, {""side"": ""BUY"", ""price"": ""3988.01"", ""qty"": ""0.025"", ""reduceOnly"": false}]","[{""price"": ""0"", ""qty"": ""0"", ""clientOrderId"": ""x-Cb7ytekJ7c6f28ff5a7000d5777f1c""}, {""price"": ""4005.56"", ""qty"": ""0.075"", ""clientOrderId"": ""TP_AUTO_TP_1759004793999""}]",3793.90,v1,ETHUSDT
2025-09-27T20:29:31.936857+00:00,"{'tipo': 'SOPORTE', 'precio': 3841.71, 'volumen': 1267.832}",4001.79,0.07500000000000001,3993.5766666666664,0.05990364000000001,"[{""side"": ""SELL"", ""price"": ""0"", ""qty"": ""0"", ""reduceOnly"": true}, {""side"": ""SELL"", ""price"": ""4005.56"", ""qty"": ""0.075"", ""reduceOnly"": true}, {""side"": ""BUY"", ""price"": ""3988.01"", ""qty"": ""0.025"", ""reduceOnly"": false}]","[{""price"": ""0"", ""qty"": ""0"", ""clientOrderId"": ""x-Cb7ytekJ7c6f28ff5a7000d5777f1c""}, {""price"": ""4005.56"", ""qty"": ""0.075"", ""clientOrderId"": ""TP_AUTO_TP_1759004793999""}]",3793.90,v1,ETHUSDT
2025-09-27T20:29:34.244382+00:00,"{'tipo': 'SOPORTE', 'precio': 3841.71, 'volumen': 1267.832}",4001.78,0.07500000000000001,3993.5766666666664,0.05990364000000001,"[{""side"": ""SELL"", ""price"": ""4005.56"", ""qty"": ""0.075"", ""reduceOnly"": true}, {""side"": ""SELL"", ""price"": ""0"", ""qty"": ""0"", ""reduceOnly"": true}]","[{""price"": ""4005.56"", ""qty"": ""0.075"", ""clientOrderId"": ""TP_AUTO_TP_1759004973337""}, {""price"": ""0"", ""qty"": ""0"", ""clientOrderId"": ""x-Cb7ytekJe639eddc7cbdc4d8e43931""}]",3793.90,v1,ETHUSDT
2025-09-27T20:32:31.995733+00:00,"{'tipo': 'SOPORTE', 'precio': 200.0, 'volumen': 2474.678}",3999.92,0.07500000000000001,3993.5766666666664,0.05990364000000001,"[{""side"": ""SELL"", ""price"": ""4005.56"", ""qty"": ""0.075"", ""reduceOnly"": true}, {""side"": ""SELL"", ""price"": ""0"", ""qty"": ""0"", ""reduceOnly"": true}]","[{""price"": ""4005.56"", ""qty"": ""0.075"", ""clientOrderId"": ""TP_AUTO_TP_1759004973337""}, {""price"": ""0"", ""qty"": ""0"", ""clientOrderId"": ""x-Cb7ytekJe639eddc7cbdc4d8e43931""}]",3793.90,v1,ETHUSDT
2025-09-27T20:32:34.617914+00:00,"{'tipo': 'SOPORTE', 'precio': 200.0, 'volumen': 2474.678}",3999.91,0.07500000000000001,3993.5766666666664,0.05990364000000001,"[{""side"": ""BUY"", ""price"": ""3987.92"", ""qty"": ""0.025"", ""reduceOnly"": false}, {""side"": ""SELL"", ""price"": ""0"", ""qty"": ""0"", ""reduceOnly"": true}, {""side"": ""SELL"", ""price"": ""4005.56"", ""qty"": ""0.075"", ""reduceOnly"": true}]","[{""price"": ""0"", ""qty"": ""0"", ""clientOrderId"": ""x-Cb7ytekJ47ddc7af917f6c84a4be69""}, {""price"": ""4005.56"", ""qty"": ""0.075"", ""clientOrderId"": ""TP_AUTO_TP_1759005153709""}]",3793.90,v1,ETHUSDT
2025-09-27T20:35:32.035170+00:00,"{'tipo': 'SOPORTE', 'precio': 200.0, 'volumen': 1588.284}",4003.43,0.07500000000000001,3993.5766666666664,0.05990364000000001,"[{""side"": ""BUY"", ""price"": ""3987.92"", ""qty"": ""0.025"", ""reduceOnly"": false}, {""side"": ""SELL"", ""price"": ""0"", ""qty"": ""0"", ""reduceOnly"": true}, {""side"": ""SELL"", ""price"": ""4005.56"", ""qty"": ""0.075"", ""reduceOnly"": true}]","[{""price"": ""0"", ""qty"": ""0"", ""clientOrderId"": ""x-Cb7ytekJ47ddc7af917f6c84a4be69""}, {""price"": ""4005.56"", ""qty"": ""0.075"", ""clientOrderId"": ""TP_AUTO_TP_1759005153709""}]",3793.90,v1,ETHUSDT
2025-09-27T20:35:34.351796+00:00,"{'tipo': 'SOPORTE', 'precio': 200.0, 'volumen': 1588.284}",4003.44,0.07500000000000001,3993.5766666666664,0.05990364000000001,"[{""side"": ""SELL"", ""price"": ""4005.56"", ""qty"": ""0.075"", ""reduceOnly"": true}, {""side"": ""SELL"", ""price"": ""0"", ""qty"": ""0"", ""reduceOnly"": true}]","[{""price"": ""4005.56"", ""qty"": ""0.075"", ""clientOrderId"": ""TP_AUTO_TP_1759005333445""}, {""price"": ""0"", ""qty"": ""0"", ""clientOrderId"": ""x-Cb7ytekJ77ecfc12852fd442e76ba5""}]",3793.90,v1,ETHUSDT
2025-09-27T20:38:32.085350+00:00,"{'tipo': 'SOPORTE', 'precio': 3000.0, 'volumen': 1775.04}",4008.33,0.0,0.0,0.0,"[{""side"": ""SELL"", ""price"": ""0"", ""qty"": ""0"", ""reduceOnly"": true}]","[{""price"": ""0"", ""qty"": ""0"", ""clientOrderId"": ""x-Cb7ytekJ77ecfc12852fd442e76ba5""}]",3793.90,v1,ETHUSDT
2025-09-27T20:41:32.175668+00:00,"{'tipo': 'SOPORTE', 'precio': 3000.0, 'volumen': 1652.363}",4005.84,0.0,0.0,0.0,"[{""side"": ""BUY"", ""price"": ""3996.31"", ""qty"": ""0.025"", ""reduceOnly"": false}, {""side"": ""BUY"", ""price"": ""4002.32"", ""qty"": ""0.024"", ""reduceOnly"": false}, {""side"": ""BUY"", ""price"": ""3999.31"", ""qty"": ""0.025"", ""reduceOnly"": false}]",[],,v1,ETHUSDT
2025-09-27T20:44:02.989732+00:00,DUMP,4002.84,0.024,4002.84,0.01921363,"[{""side"": ""BUY"", ""price"": ""3999.83"", ""qty"": ""0.025"", ""reduceOnly"": false}, {""side"": ""BUY"", ""price"": ""3993.82"", ""qty"": ""0.025"", ""reduceOnly"": false}, {""side"": ""SELL"", ""price"": ""0"", ""qty"": ""0"", ""reduceOnly"": true}, {""side"": ""BUY"", ""price"": ""3996.83"", ""qty"": ""0.025"", ""reduceOnly"": false}, {""side"": ""SELL"", ""price"": ""4014.85"", ""qty"": ""0.024"", ""reduceOnly"": true}]","[{""price"": ""0"", ""qty"": ""0"", ""clientOrderId"": ""x-Cb7ytekJ3fe7984dfb007b412334d2""}, {""price"": ""4014.85"", ""qty"": ""0.024"", ""clientOrderId"": ""TP_AUTO_TP_1759005842069""}]",3802.70,v1,ETHUSDT
2025-09-27T20:44:32.239726+00:00,"{'tipo': 'SOPORTE', 'precio': 3000.0, 'volumen': 1627.5590000000002}",4002.22,0.024,4002.84,0.01921363,"[{""side"": ""BUY"", ""price"": ""3999.83"", ""qty"": ""0.025"", ""reduceOnly"": false}, {""side"": ""BUY"", ""price"": ""3993.82"", ""qty"": ""0.025"", ""reduceOnly"": false}, {""side"": ""SELL"", ""price"": ""0"", ""qty"": ""0"", ""reduceOnly"": true}, {""side"": ""BUY"", ""price"": ""3996.83"", ""qty"": ""0.025"", ""reduceOnly"": false}, {""side"": ""SELL"", ""price"": ""4014.85"", ""qty"": ""0.024"", ""reduceOnly"": true}]","[{""price"": ""0"", ""qty"": ""0"", ""clientOrderId"": ""x-Cb7ytekJ3fe7984dfb007b412334d2""}, {""price"": ""4014.85"", ""qty"": ""0.024"", ""clientOrderId"": ""TP_AUTO_TP_1759005842069""}]",3802.70,v1,ETHUSDT
2025-09-27T20:44:35.483414+00:00,"{'tipo': 'SOPORTE', 'precio': 3000.0, 'volumen': 1627.5590000000002}",4002.22,0.024,4002.84,0.01921363,"[{""side"": ""SELL"", ""price"": ""0"", ""qty"": ""0"", ""reduceOnly"": true}, {""side"": ""SELL"", ""price"": ""4014.85"", ""qty"": ""0.024"", ""reduceOnly"": true}, {""side"": ""BUY"", ""price"": ""3990.21"", ""qty"": ""0.025"", ""reduceOnly"": false}, {""side"": ""BUY"", ""price"": ""3993.22"", ""qty"": ""0.025"", ""reduceOnly"": false}, {""side"": ""BUY"", ""price"": ""3996.22"", ""qty"": ""0.025"", ""reduceOnly"": false}]","[{""price"": ""0"", ""qty"": ""0"", ""clientOrderId"": ""x-Cb7ytekJf2d6e30cfa755428a34946""}, {""price"": ""4014.85"", ""qty"": ""0.024"", ""clientOrderId"": ""TP_AUTO_TP_1759005874573""}]",3802.70,v1,ETHUSDT
2025-09-27T20:47:32.329567+00:00,"{'tipo': 'SOPORTE', 'precio': 200.0, 'volumen': 1588.2949999999998}",4000.28,0.024,4002.84,0.01921363,"[{""side"": ""SELL"", ""price"": ""0"", ""qty"": ""0"", ""reduceOnly"": true}, {""side"": ""SELL"", ""price"": ""4014.85"", ""qty"": ""0.024"", ""reduceOnly"": true}, {""side"": ""BUY"", ""price"": ""3990.21"", ""qty"": ""0.025"", ""reduceOnly"": false}, {""side"": ""BUY"", ""price"": ""3993.22"", ""qty"": ""0.025"", ""reduceOnly"": false}, {""side"": ""BUY"", ""price"": ""3996.22"", ""qty"": ""0.025"", ""reduceOnly"": false}]","[{""price"": ""0"", ""qty"": ""0"", ""clientOrderId"": ""x-Cb7ytekJf2d6e30cfa755428a34946""}, {""price"": ""4014.85"", ""qty"": ""0.024"", ""clientOrderId"": ""TP_AUTO_TP_1759005874573""}]",3802.70,v1,ETHUSDT
2025-09-27T20:47:35.885012+00:00,"{'tipo': 'SOPORTE', 'precio': 200.0, 'volumen': 1588.2949999999998}",4000.29,0.024,4002.84,0.01921363,"[{""side"": ""BUY"", ""price"": ""3994.28"", ""qty"": ""0.025"", ""reduceOnly"": false}, {""side"": ""BUY"", ""price"": ""3991.28"", ""qty"": ""0.025"", ""reduceOnly"": false}, {""side"": ""BUY"", ""price"": ""3988.28"", ""qty"": ""0.025"", ""reduceOnly"": false}, {""side"": ""SELL"", ""price"": ""0"", ""qty"": ""0"", ""reduceOnly"": true}, {""side"": ""BUY"", ""price"": ""3997.28"", ""qty"": ""0.025"", ""reduceOnly"": false}, {""side"": ""SELL"", ""price"": ""4014.85"", ""qty"": ""0.024"", ""reduceOnly"": true}]","[{""price"": ""0"", ""qty"": ""0"", ""clientOrderId"": ""x-Cb7ytekJc2e1711a497d0924f6b8cf""}, {""price"": ""4014.85"", ""qty"": ""0.024"", ""clientOrderId"": ""TP_AUTO_TP_1759006054967""}]",3802.70,v1,ETHUSDT
2025-09-27T20:50:32.356751+00:00,"{'tipo': 'SOPORTE', 'precio': 200.0, 'volumen': 1637.6069999999997}",3999.61,0.024,4002.84,0.01921363,"[{""side"": ""BUY"", ""price"": ""3994.28"", ""qty"": ""0.025"", ""reduceOnly"": false}, {""side"": ""BUY"", ""price"": ""3991.28"", ""qty"": ""0.025"", ""reduceOnly"": false}, {""side"": ""BUY"", ""price"": ""3988.28"", ""qty"": ""0.025"", ""reduceOnly"": false}, {""side"": ""SELL"", ""price"": ""0"", ""qty"": ""0"", ""reduceOnly"": true}, {""side"": ""BUY"", ""price"": ""3997.28"", ""qty"": ""0.025"", ""reduceOnly"": false}, {""side"": ""SELL"", ""price"": ""4014.85"", ""qty"": ""0.024"", ""reduceOnly"": true}]","[{""price"": ""0"", ""qty"": ""0"", ""clientOrderId"": ""x-Cb7ytekJc2e1711a497d0924f6b8cf""}, {""price"": ""4014.85"", ""qty"": ""0.024"", ""clientOrderId"": ""TP_AUTO_TP_1759006054967""}]",3802.70,v1,ETHUSDT
2025-09-27T20:50:35.932418+00:00,"{'tipo': 'SOPORTE', 'precio': 200.0, 'volumen': 1637.6069999999997}",3999.61,0.024,4002.84,0.01921363,"[{""side"": ""BUY"", ""price"": ""3993.61"", ""qty"": ""0.025"", ""reduceOnly"": false}, {""side"": ""BUY"", ""price"": ""3996.61"", ""qty"": ""0.025"", ""reduceOnly"": false}, {""side"": ""BUY"", ""price"": ""3990.61"", ""qty"": ""0.025"", ""reduceOnly"": false}, {""side"": ""BUY"", ""price"": ""3987.61"", ""qty"": ""0.025"", ""reduceOnly"": false}, {""side"": ""SELL"", ""price"": ""4014.85"", ""qty"": ""0.024"", ""reduceOnly"": true}, {""side"": ""SELL"", ""price"": ""0"", ""qty"": ""0"", ""reduceOnly"": true}]","[{""price"": ""4014.85"", ""qty"": ""0.024"", ""clientOrderId"": ""TP_AUTO_TP_1759006235006""}, {""price"": ""0"", ""qty"": ""0"", ""clientOrderId"": ""x-Cb7ytekJ66b992fef8ba44dda2c41f""}]",3802.70,v1,ETHUSDT
2025-09-27T20:53:32.364557+00:00,"{'tipo': 'SOPORTE', 'precio': 3840.83, 'volumen': 119.697}",4000.87,0.024,4002.84,0.01921363,"[{""side"": ""BUY"", ""price"": ""3993.61"", ""qty"": ""0.025"", ""reduceOnly"": false}, {""side"": ""BUY"", ""price"": ""3996.61"", ""qty"": ""0.025"", ""reduceOnly"": false}, {""side"": ""BUY"", ""price"": ""3990.61"", ""qty"": ""0.025"", ""reduceOnly"": false}, {""side"": ""BUY"", ""price"": ""3987.61"", ""qty"": ""0.025"", ""reduceOnly"": false}, {""side"": ""SELL"", ""price"": ""4014.85"", ""qty"": ""0.024"", ""reduceOnly"": true}, {""side"": ""SELL"", ""price"": ""0"", ""qty"": ""0"", ""reduceOnly"": true}]","[{""price"": ""4014.85"", ""qty"": ""0.024"", ""clientOrderId"": ""TP_AUTO_TP_1759006235006""}, {""price"": ""0"", ""qty"": ""0"", ""clientOrderId"": ""x-Cb7ytekJ66b992fef8ba44dda2c41f""}]",3802.70,v1,ETHUSDT
2025-09-27T20:53:35.919328+00:00,"{'tipo': 'SOPORTE', 'precio': 3840.83, 'volumen': 119.697}",4000.86,0.024,4002.84,0.01921363,"[{""side"": ""BUY"", ""price"": ""3991.87"", ""qty"": ""0.025"", ""reduceOnly"": false}, {""side"": ""SELL"", ""price"": ""0"", ""qty"": ""0"", ""reduceOnly"": true}, {""side"": ""BUY"", ""price"": ""3988.87"", ""qty"": ""0.025"", ""reduceOnly"": false}, {""side"": ""BUY"", ""price"": ""3997.87"", ""qty"": ""0.025"", ""reduceOnly"": false}, {""side"": ""BUY"", ""price"": ""3994.87"", ""qty"": ""0.025"", ""reduceOnly"": false}, {""side"": ""SELL"", ""price"": ""4014.85"", ""qty"": ""0.024"", ""reduceOnly"": true}]","[{""price"": ""0"", ""qty"": ""0"", ""clientOrderId"": ""x-Cb7ytekJ274437b18d76956b1f7c05""}, {""price"": ""4014.85"", ""qty"": ""0.024"", ""clientOrderId"": ""TP_AUTO_TP_1759006415002""}]",3802.70,v1,ETHUSDT
2025-09-27T20:56:32.390692+00:00,"{'tipo': 'SOPORTE', 'precio': 3000.0, 'volumen': 1744.472}",4002.55,0.024,4002.84,0.01921363,"[{""side"": ""BUY"", ""price"": ""3991.87"", ""qty"": ""0.025"", ""reduceOnly"": false}, {""side"": ""SELL"", ""price"": ""0"", ""qty"": ""0"", ""reduceOnly"": true}, {""side"": ""BUY"", ""price"": ""3988.87"", ""qty"": ""0.025"", ""reduceOnly"": false}, {""side"": ""BUY"", ""price"": ""3997.87"", ""qty"": ""0.025"", ""reduceOnly"": false}, {""side"": ""BUY"", ""price"": ""3994.87"", ""qty"": ""0.025"", ""reduceOnly"": false}, {""side"": ""SELL"", ""price"": ""4014.85"", ""qty"": ""0.024"", ""reduceOnly"": true}]","[{""price"": ""0"", ""qty"": ""0"", ""clientOrderId"": ""x-Cb7ytekJ274437b18d76956b1f7c05""}, {""price"": ""4014.85"", ""qty"": ""0.024"", ""clientOrderId"": ""TP_AUTO_TP_1759006415002""}]",3802.70,v1,ETHUSDT
2025-09-27T20:56:35.687614+00:00,"{'tipo': 'SOPORTE', 'precio': 3000.0, 'volumen': 1744.472}",4002.55,0.024,4002.84,0.01921363,"[{""side"": ""BUY"", ""price"": ""3996.55"", ""qty"": ""0.025"", ""reduceOnly"": false}, {""side"": ""SELL"", ""price"": ""0"", ""qty"": ""0"", ""reduceOnly"": true}, {""side"": ""BUY"", ""price"": ""3990.54"", ""qty"": ""0.025"", ""reduceOnly"": false}, {""side"": ""SELL"", ""price"": ""4014.85"", ""qty"": ""0.024"", ""reduceOnly"": true}, {""side"": ""BUY"", ""price"": ""3993.54"", ""qty"": ""0.025"", ""reduceOnly"": false}]","[{""price"": ""0"", ""qty"": ""0"", ""clientOrderId"": ""x-Cb7ytekJ994083d11b84b4e8a2ad13""}, {""price"": ""4014.85"", ""qty"": ""0.024"", ""clientOrderId"": ""TP_AUTO_TP_1759006594717""}]",3802.70,v1,ETHUSDT
2025-09-27T20:59:32.406046+00:00,"{'tipo': 'SOPORTE', 'precio': 200.0, 'volumen': 1574.0269999999998}",4004.63,0.024,4002.84,0.01921363,"[{""side"": ""BUY"", ""price"": ""3996.55"", ""qty"": ""0.025"", ""reduceOnly"": false}, {""side"": ""SELL"", ""price"": ""0"", ""qty"": ""0"", ""reduceOnly"": true}, {""side"": ""BUY"", ""price"": ""3990.54"", ""qty"": ""0.025"", ""reduceOnly"": false}, {""side"": ""SELL"", ""price"": ""4014.85"", ""qty"": ""0.024"", ""reduceOnly"": true}, {""side"": ""BUY"", ""price"": ""3993.54"", ""qty"": ""0.025"", ""reduceOnly"": false}]","[{""price"": ""0"", ""qty"": ""0"", ""clientOrderId"": ""x-Cb7ytekJ994083d11b84b4e8a2ad13""}, {""price"": ""4014.85"", ""qty"": ""0.024"", ""clientOrderId"": ""TP_AUTO_TP_1759006594717""}]",3802.70,v1,ETHUSDT
2025-09-27T20:59:35.671765+00:00,"{'tipo': 'SOPORTE', 'precio': 200.0, 'volumen': 1574.0269999999998}",4004.63,0.024,4002.84,0.01921363,"[{""side"": ""BUY"", ""price"": ""3998.62"", ""qty"": ""0.025"", ""reduceOnly"": false}, {""side"": ""BUY"", ""price"": ""3992.62"", ""qty"": ""0.025"", ""reduceOnly"": false}, {""side"": ""SELL"", ""price"": ""0"", ""qty"": ""0"", ""reduceOnly"": true}, {""side"": ""BUY"", ""price"": ""3995.62"", ""qty"": ""0.025"", ""reduceOnly"": false}, {""side"": ""SELL"", ""price"": ""4014.85"", ""qty"": ""0.024"", ""reduceOnly"": true}]","[{""price"": ""0"", ""qty"": ""0"", ""clientOrderId"": ""x-Cb7ytekJfe708aeda3cf1cc7d144ed""}, {""price"": ""4014.85"", ""qty"": ""0.024"", ""clientOrderId"": ""TP_AUTO_TP_1759006774749""}]",3802.70,v1,ETHUSDT
2025-09-27T21:02:32.513640+00:00,"{'tipo': 'SOPORTE', 'precio': 200.0, 'volumen': 1594.6729999999998}",4005.0,0.024,4002.84,0.01921363,"[{""side"": ""BUY"", ""price"": ""3998.62"", ""qty"": ""0.025"", ""reduceOnly"": false}, {""side"": ""BUY"", ""price"": ""3992.62"", ""qty"": ""0.025"", ""reduceOnly"": false}, {""side"": ""SELL"", ""price"": ""0"", ""qty"": ""0"", ""reduceOnly"": true}, {""side"": ""BUY"", ""price"": ""3995.62"", ""qty"": ""0.025"", ""reduceOnly"": false}, {""side"": ""SELL"", ""price"": ""4014.85"", ""qty"": ""0.024"", ""reduceOnly"": true}]","[{""price"": ""0"", ""qty"": ""0"", ""clientOrderId"": ""x-Cb7ytekJfe708aeda3cf1cc7d144ed""}, {""price"": ""4014.85"", ""qty"": ""0.024"", ""clientOrderId"": ""TP_AUTO_TP_1759006774749""}]",3802.70,v1,ETHUSDT
2025-09-27T21:02:35.474359+00:00,"{'tipo': 'SOPORTE', 'precio': 200.0, 'volumen': 1594.6729999999998}",4005.01,0.024,4002.84,0.01921363,"[{""side"": ""BUY"", ""price"": ""3995.99"", ""qty"": ""0.025"", ""reduceOnly"": false}, {""side"": ""SELL"", ""price"": ""4014.85"", ""qty"": ""0.024"", ""reduceOnly"": true}, {""side"": ""BUY"", ""price"": ""3992.99"", ""qty"": ""0.025"", ""reduceOnly"": false}, {""side"": ""SELL"", ""price"": ""0"", ""qty"": ""0"", ""reduceOnly"": true}]","[{""price"": ""4014.85"", ""qty"": ""0.024"", ""clientOrderId"": ""TP_AUTO_TP_1759006954550""}, {""price"": ""0"", ""qty"": ""0"", ""clientOrderId"": ""x-Cb7ytekJc7b00533f6b3a90c5e922b""}]",3802.70,v1,ETHUSDT
2025-09-27T21:05:32.539219+00:00,"{'tipo': 'SOPORTE', 'precio': 2804.14, 'volumen': 1691.8069999999998}",4006.29,0.024,4002.84,0.01921363,"[{""side"": ""BUY"", ""price"": ""3995.99"", ""qty"": ""0.025"", ""reduceOnly"": false}, {""side"": ""SELL"", ""price"": ""4014.85"", ""qty"": ""0.024"", ""reduceOnly"": true}, {""side"": ""BUY"", ""price"": ""3992.99"", ""qty"": ""0.025"", ""reduceOnly"": false}, {""side"": ""SELL"", ""price"": ""0"", ""qty"": ""0"", ""reduceOnly"": true}]","[{""price"": ""4014.85"", ""qty"": ""0.024"", ""clientOrderId"": ""TP_AUTO_TP_1759006954550""}, {""price"": ""0"", ""qty"": ""0"", ""clientOrderId"": ""x-Cb7ytekJc7b00533f6b3a90c5e922b""}]",3802.70,v1,ETHUSDT
2025-09-27T21:05:35.513863+00:00,"{'tipo': 'SOPORTE', 'precio': 2804.14, 'volumen': 1691.8069999999998}",4006.29,0.024,4002.84,0.01921363,"[{""side"": ""BUY"", ""price"": ""3997.28"", ""qty"": ""0.025"", ""reduceOnly"": false}, {""side"": ""SELL"", ""price"": ""4014.85"", ""qty"": ""0.024"", ""reduceOnly"": true}, {""side"": ""SELL"", ""price"": ""0"", ""qty"": ""0"", ""reduceOnly"": true}, {""side"": ""BUY"", ""price"": ""3994.27"", ""qty"": ""0.025"", ""reduceOnly"": false}]","[{""price"": ""4014.85"", ""qty"": ""0.024"", ""clientOrderId"": ""TP_AUTO_TP_1759007134569""}, {""price"": ""0"", ""qty"": ""0"", ""clientOrderId"": ""x-Cb7ytekJ891fd0b70ad791f38f0188""}]",3802.70,v1,ETHUSDT
2025-09-27T21:08:32.590584+00:00,"{'tipo': 'SOPORTE', 'precio': 3000.0, 'volumen': 1895.245}",4007.0,0.024,4002.84,0.01921363,"[{""side"": ""BUY"", ""price"": ""3997.28"", ""qty"": ""0.025"", ""reduceOnly"": false}, {""side"": ""SELL"", ""price"": ""4014.85"", ""qty"": ""0.024"", ""reduceOnly"": true}, {""side"": ""SELL"", ""price"": ""0"", ""qty"": ""0"", ""reduceOnly"": true}, {""side"": ""BUY"", ""price"": ""3994.27"", ""qty"": ""0.025"", ""reduceOnly"": false}]","[{""price"": ""4014.85"", ""qty"": ""0.024"", ""clientOrderId"": ""TP_AUTO_TP_1759007134569""}, {""price"": ""0"", ""qty"": ""0"", ""clientOrderId"": ""x-Cb7ytekJ891fd0b70ad791f38f0188""}]",3802.70,v1,ETHUSDT
2025-09-27T21:08:35.571816+00:00,"{'tipo': 'SOPORTE', 'precio': 3000.0, 'volumen': 1895.245}",4006.99,0.024,4002.84,0.01921363,"[{""side"": ""SELL"", ""price"": ""4014.85"", ""qty"": ""0.024"", ""reduceOnly"": true}, {""side"": ""BUY"", ""price"": ""3994.98"", ""qty"": ""0.025"", ""reduceOnly"": false}, {""side"": ""SELL"", ""price"": ""0"", ""qty"": ""0"", ""reduceOnly"": true}, {""side"": ""BUY"", ""price"": ""3997.98"", ""qty"": ""0.025"", ""reduceOnly"": false}]","[{""price"": ""4014.85"", ""qty"": ""0.024"", ""clientOrderId"": ""TP_AUTO_TP_1759007314651""}, {""price"": ""0"", ""qty"": ""0"", ""clientOrderId"": ""x-Cb7ytekJb797efe7b1dfa1ea69b36f""}]",3802.70,v1,ETHUSDT
2025-09-27T21:11:32.635939+00:00,"{'tipo': 'SOPORTE', 'precio': 200.0, 'volumen': 1703.0849999999998}",4009.11,0.024,4002.84,0.01921363,"[{""side"": ""SELL"", ""price"": ""4014.85"", ""qty"": ""0.024"", ""reduceOnly"": true}, {""side"": ""BUY"", ""price"": ""3994.98"", ""qty"": ""0.025"", ""reduceOnly"": false}, {""side"": ""SELL"", ""price"": ""0"", ""qty"": ""0"", ""reduceOnly"": true}, {""side"": ""BUY"", ""price"": ""3997.98"", ""qty"": ""0.025"", ""reduceOnly"": false}]","[{""price"": ""4014.85"", ""qty"": ""0.024"", ""clientOrderId"": ""TP_AUTO_TP_1759007314651""}, {""price"": ""0"", ""qty"": ""0"", ""clientOrderId"": ""x-Cb7ytekJb797efe7b1dfa1ea69b36f""}]",3802.70,v1,ETHUSDT
2025-09-27T21:11:35.273530+00:00,"{'tipo': 'SOPORTE', 'precio': 200.0, 'volumen': 1703.0849999999998}",4009.12,0.024,4002.84,0.01921363,"[{""side"": ""SELL"", ""price"": ""4014.85"", ""qty"": ""0.024"", ""reduceOnly"": true}, {""side"": ""SELL"", ""price"": ""0"", ""qty"": ""0"", ""reduceOnly"": true}, {""side"": ""BUY"", ""price"": ""3997.08"", ""qty"": ""0.025"", ""reduceOnly"": false}]","[{""price"": ""4014.85"", ""qty"": ""0.024"", ""clientOrderId"": ""TP_AUTO_TP_1759007494358""}, {""price"": ""0"", ""qty"": ""0"", ""clientOrderId"": ""x-Cb7ytekJfa908348bb11aa297ffbf""}]",3802.70,v1,ETHUSDT
2025-09-27T21:14:32.697338+00:00,"{'tipo': 'SOPORTE', 'precio': 3000.0, 'volumen': 1576.689}",4012.2,0.024,4002.84,0.01921363,"[{""side"": ""SELL"", ""price"": ""4014.85"", ""qty"": ""0.024"", ""reduceOnly"": true}, {""side"": ""SELL"", ""price"": ""0"", ""qty"": ""0"", ""reduceOnly"": true}, {""side"": ""BUY"", ""price"": ""3997.08"", ""qty"": ""0.025"", ""reduceOnly"": false}]","[{""price"": ""4014.85"", ""qty"": ""0.024"", ""clientOrderId"": ""TP_AUTO_TP_1759007494358""}, {""price"": ""0"", ""qty"": ""0"", ""clientOrderId"": ""x-Cb7ytekJfa908348bb11aa297ffbf""}]",3802.70,v1,ETHUSDT
2025-09-27T21:14:35.044086+00:00,"{'tipo': 'SOPORTE', 'precio': 3000.0, 'volumen': 1576.689}",4012.2,0.024,4002.84,0.01921363,"[{""side"": ""SELL"", ""price"": ""0"", ""qty"": ""0"", ""reduceOnly"": true}, {""side"": ""SELL"", ""price"": ""4014.85"", ""qty"": ""0.024"", ""reduceOnly"": true}]","[{""price"": ""0"", ""qty"": ""0"", ""clientOrderId"": ""x-Cb7ytekJb793f21854e63f346fba30""}, {""price"": ""4014.85"", ""qty"": ""0.024"", ""clientOrderId"": ""TP_AUTO_TP_1759007674128""}]",3802.70,v1,ETHUSDT
2025-09-27T21:17:32.687260+00:00,"{'tipo': 'SOPORTE', 'precio': 3000.0, 'volumen': 1583.5}",4008.16,0.024,4002.84,0.01921363,"[{""side"": ""SELL"", ""price"": ""0"", ""qty"": ""0"", ""reduceOnly"": true}, {""side"": ""SELL"", ""price"": ""4014.85"", ""qty"": ""0.024"", ""reduceOnly"": true}]","[{""price"": ""0"", ""qty"": ""0"", ""clientOrderId"": ""x-Cb7ytekJb793f21854e63f346fba30""}, {""price"": ""4014.85"", ""qty"": ""0.024"", ""clientOrderId"": ""TP_AUTO_TP_1759007674128""}]",3802.70,v1,ETHUSDT
2025-09-27T21:17:35.333826+00:00,"{'tipo': 'SOPORTE', 'precio': 3000.0, 'volumen': 1583.5}",4008.16,0.024,4002.84,0.01921363,"[{""side"": ""BUY"", ""price"": ""3996.14"", ""qty"": ""0.025"", ""reduceOnly"": false}, {""side"": ""SELL"", ""price"": ""4014.85"", ""qty"": ""0.024"", ""reduceOnly"": true}, {""side"": ""SELL"", ""price"": ""0"", ""qty"": ""0"", ""reduceOnly"": true}]","[{""price"": ""4014.85"", ""qty"": ""0.024"", ""clientOrderId"": ""TP_AUTO_TP_1759007854413""}, {""price"": ""0"", ""qty"": ""0"", ""clientOrderId"": ""x-Cb7ytekJ90ee155548d84b885da332""}]",3802.70,v1,ETHUSDT
2025-09-27T21:20:32.703193+00:00,"{'tipo': 'SOPORTE', 'precio': 200.0, 'volumen': 1638.742}",4009.99,0.024,4002.84,0.01921363,"[{""side"": ""BUY"", ""price"": ""3996.14"", ""qty"": ""0.025"", ""reduceOnly"": false}, {""side"": ""SELL"", ""price"": ""4014.85"", ""qty"": ""0.024"", ""reduceOnly"": true}, {""side"": ""SELL"", ""price"": ""0"", ""qty"": ""0"", ""reduceOnly"": true}]","[{""price"": ""4014.85"", ""qty"": ""0.024"", ""clientOrderId"": ""TP_AUTO_TP_1759007854413""}, {""price"": ""0"", ""qty"": ""0"", ""clientOrderId"": ""x-Cb7ytekJ90ee155548d84b885da332""}]",3802.70,v1,ETHUSDT
2025-09-27T21:20:35.360572+00:00,"{'tipo': 'SOPORTE', 'precio': 200.0, 'volumen': 1638.742}",4009.99,0.024,4002.84,0.01921363,"[{""side"": ""BUY"", ""price"": ""3997.96"", ""qty"": ""0.025"", ""reduceOnly"": false}, {""side"": ""SELL"", ""price"": ""0"", ""qty"": ""0"", ""reduceOnly"": true}, {""side"": ""SELL"", ""price"": ""4014.85"", ""qty"": ""0.024"", ""reduceOnly"": true}]","[{""price"": ""0"", ""qty"": ""0"", ""clientOrderId"": ""x-Cb7ytekJ7b90ca38701b4f77066d5b""}, {""price"": ""4014.85"", ""qty"": ""0.024"", ""clientOrderId"": ""TP_AUTO_TP_1759008034442""}]",3802.70,v1,ETHUSDT
2025-09-27T21:23:32.759587+00:00,"{'tipo': 'SOPORTE', 'precio': 200.0, 'volumen': 171.52999999999997}",4010.15,0.024,4002.84,0.01921363,"[{""side"": ""BUY"", ""price"": ""3997.96"", ""qty"": ""0.025"", ""reduceOnly"": false}, {""side"": ""SELL"", ""price"": ""0"", ""qty"": ""0"", ""reduceOnly"": true}, {""side"": ""SELL"", ""price"": ""4014.85"", ""qty"": ""0.024"", ""reduceOnly"": true}]","[{""price"": ""0"", ""qty"": ""0"", ""clientOrderId"": ""x-Cb7ytekJ7b90ca38701b4f77066d5b""}, {""price"": ""4014.85"", ""qty"": ""0.024"", ""clientOrderId"": ""TP_AUTO_TP_1759008034442""}]",3802.70,v1,ETHUSDT
2025-09-27T21:23:35.387421+00:00,"{'tipo': 'SOPORTE', 'precio': 200.0, 'volumen': 171.52999999999997}",4010.16,0.024,4002.84,0.01921363,"[{""side"": ""SELL"", ""price"": ""4014.85"", ""qty"": ""0.024"", ""reduceOnly"": true}, {""side"": ""SELL"", ""price"": ""0"", ""qty"": ""0"", ""reduceOnly"": true}, {""side"": ""BUY"", ""price"": ""3998.12"", ""qty"": ""0.025"", ""reduceOnly"": false}]","[{""price"": ""4014.85"", ""qty"": ""0.024"", ""clientOrderId"": ""TP_AUTO_TP_1759008214472""}, {""price"": ""0"", ""qty"": ""0"", ""clientOrderId"": ""x-Cb7ytekJ8856bc13b68e90d0a0b8cc""}]",3802.70,v1,ETHUSDT
2025-09-27T21:26:32.826070+00:00,"{'tipo': 'SOPORTE', 'precio': 200.0, 'volumen': 436.929}",4009.35,0.024,4002.84,0.01921363,"[{""side"": ""SELL"", ""price"": ""4014.85"", ""qty"": ""0.024"", ""reduceOnly"": true}, {""side"": ""SELL"", ""price"": ""0"", ""qty"": ""0"", ""reduceOnly"": true}, {""side"": ""BUY"", ""price"": ""3998.12"", ""qty"": ""0.025"", ""reduceOnly"": false}]","[{""price"": ""4014.85"", ""qty"": ""0.024"", ""clientOrderId"": ""TP_AUTO_TP_1759008214472""}, {""price"": ""0"", ""qty"": ""0"", ""clientOrderId"": ""x-Cb7ytekJ8856bc13b68e90d0a0b8cc""}]",3802.70,v1,ETHUSDT
2025-09-27T21:26:35.463622+00:00,"{'tipo': 'SOPORTE', 'precio': 200.0, 'volumen': 436.929}",4009.36,0.024,4002.84,0.01921363,"[{""side"": ""SELL"", ""price"": ""0"", ""qty"": ""0"", ""reduceOnly"": true}, {""side"": ""BUY"", ""price"": ""3997.32"", ""qty"": ""0.025"", ""reduceOnly"": false}, {""side"": ""SELL"", ""price"": ""4014.85"", ""qty"": ""0.024"", ""reduceOnly"": true}]","[{""price"": ""0"", ""qty"": ""0"", ""clientOrderId"": ""x-Cb7ytekJ31a8490854030de13452e2""}, {""price"": ""4014.85"", ""qty"": ""0.024"", ""clientOrderId"": ""TP_AUTO_TP_1759008394547""}]",3802.70,v1,ETHUSDT
2025-09-27T21:29:32.890520+00:00,"{'tipo': 'SOPORTE', 'precio': 200.0, 'volumen': 155.619}",4009.63,0.024,4002.84,0.01921363,"[{""side"": ""SELL"", ""price"": ""0"", ""qty"": ""0"", ""reduceOnly"": true}, {""side"": ""BUY"", ""price"": ""3997.32"", ""qty"": ""0.025"", ""reduceOnly"": false}, {""side"": ""SELL"", ""price"": ""4014.85"", ""qty"": ""0.024"", ""reduceOnly"": true}]","[{""price"": ""0"", ""qty"": ""0"", ""clientOrderId"": ""x-Cb7ytekJ31a8490854030de13452e2""}, {""price"": ""4014.85"", ""qty"": ""0.024"", ""clientOrderId"": ""TP_AUTO_TP_1759008394547""}]",3802.70,v1,ETHUSDT
2025-09-27T21:29:35.629193+00:00,"{'tipo': 'SOPORTE', 'precio': 200.0, 'volumen': 155.619}",4009.62,0.024,4002.84,0.01921363,"[{""side"": ""SELL"", ""price"": ""4014.85"", ""qty"": ""0.024"", ""reduceOnly"": true}, {""side"": ""SELL"", ""price"": ""0"", ""qty"": ""0"", ""reduceOnly"": true}, {""side"": ""BUY"", ""price"": ""3997.60"", ""qty"": ""0.025"", ""reduceOnly"": false}]","[{""price"": ""4014.85"", ""qty"": ""0.024"", ""clientOrderId"": ""TP_AUTO_TP_1759008574686""}, {""price"": ""0"", ""qty"": ""0"", ""clientOrderId"": ""x-Cb7ytekJc29bcd4f5ba46f946a7568""}]",3802.70,v1,ETHUSDT
2025-09-27T21:32:32.930132+00:00,"{'tipo': 'SOPORTE', 'precio': 3000.0, 'volumen': 1646.665}",4010.2,0.024,4002.84,0.01921363,"[{""side"": ""SELL"", ""price"": ""4014.85"", ""qty"": ""0.024"", ""reduceOnly"": true}, {""side"": ""SELL"", ""price"": ""0"", ""qty"": ""0"", ""reduceOnly"": true}, {""side"": ""BUY"", ""price"": ""3997.60"", ""qty"": ""0.025"", ""reduceOnly"": false}]","[{""price"": ""4014.85"", ""qty"": ""0.024"", ""clientOrderId"": ""TP_AUTO_TP_1759008574686""}, {""price"": ""0"", ""qty"": ""0"", ""clientOrderId"": ""x-Cb7ytekJc29bcd4f5ba46f946a7568""}]",3802.70,v1,ETHUSDT
2025-09-27T21:32:35.588867+00:00,"{'tipo': 'SOPORTE', 'precio': 3000.0, 'volumen': 1646.665}",4010.19,0.024,4002.84,0.01921363,"[{""side"": ""SELL"", ""price"": ""0"", ""qty"": ""0"", ""reduceOnly"": true}, {""side"": ""BUY"", ""price"": ""3998.17"", ""qty"": ""0.025"", ""reduceOnly"": false}, {""side"": ""SELL"", ""price"": ""4014.85"", ""qty"": ""0.024"", ""reduceOnly"": true}]","[{""price"": ""0"", ""qty"": ""0"", ""clientOrderId"": ""x-Cb7ytekJf38230a542a7a072349d3c""}, {""price"": ""4014.85"", ""qty"": ""0.024"", ""clientOrderId"": ""TP_AUTO_TP_1759008754662""}]",3802.70,v1,ETHUSDT
2025-09-27T21:35:33.039504+00:00,"{'tipo': 'SOPORTE', 'precio': 200.0, 'volumen': 1648.1779999999997}",4009.14,0.024,4002.84,0.01921363,"[{""side"": ""SELL"", ""price"": ""0"", ""qty"": ""0"", ""reduceOnly"": true}, {""side"": ""BUY"", ""price"": ""3998.17"", ""qty"": ""0.025"", ""reduceOnly"": false}, {""side"": ""SELL"", ""price"": ""4014.85"", ""qty"": ""0.024"", ""reduceOnly"": true}]","[{""price"": ""0"", ""qty"": ""0"", ""clientOrderId"": ""x-Cb7ytekJf38230a542a7a072349d3c""}, {""price"": ""4014.85"", ""qty"": ""0.024"", ""clientOrderId"": ""TP_AUTO_TP_1759008754662""}]",3802.70,v1,ETHUSDT
2025-09-27T21:35:35.697074+00:00,"{'tipo': 'SOPORTE', 'precio': 200.0, 'volumen': 1648.1779999999997}",4009.95,0.024,4002.84,0.01921363,"[{""side"": ""SELL"", ""price"": ""0"", ""qty"": ""0"", ""reduceOnly"": true}, {""side"": ""BUY"", ""price"": ""3997.11"", ""qty"": ""0.025"", ""reduceOnly"": false}, {""side"": ""SELL"", ""price"": ""4014.85"", ""qty"": ""0.024"", ""reduceOnly"": true}]","[{""price"": ""0"", ""qty"": ""0"", ""clientOrderId"": ""x-Cb7ytekJ3c6238d49a2331a4827cbf""}, {""price"": ""4014.85"", ""qty"": ""0.024"", ""clientOrderId"": ""TP_AUTO_TP_1759008934760""}]",3802.70,v1,ETHUSDT
2025-09-27T21:38:33.048148+00:00,"{'tipo': 'SOPORTE', 'precio': 200.0, 'volumen': 1574.002}",4012.25,0.024,4002.84,0.01921363,"[{""side"": ""SELL"", ""price"": ""0"", ""qty"": ""0"", ""reduceOnly"": true}, {""side"": ""BUY"", ""price"": ""3997.11"", ""qty"": ""0.025"", ""reduceOnly"": false}, {""side"": ""SELL"", ""price"": ""4014.85"", ""qty"": ""0.024"", ""reduceOnly"": true}]","[{""price"": ""0"", ""qty"": ""0"", ""clientOrderId"": ""x-Cb7ytekJ3c6238d49a2331a4827cbf""}, {""price"": ""4014.85"", ""qty"": ""0.024"", ""clientOrderId"": ""TP_AUTO_TP_1759008934760""}]",3802.70,v1,ETHUSDT
2025-09-27T21:38:35.373646+00:00,"{'tipo': 'SOPORTE', 'precio': 200.0, 'volumen': 1574.002}",4012.25,0.024,4002.84,0.01921363,"[{""side"": ""SELL"", ""price"": ""4014.85"", ""qty"": ""0.024"", ""reduceOnly"": true}, {""side"": ""SELL"", ""price"": ""0"", ""qty"": ""0"", ""reduceOnly"": true}]","[{""price"": ""4014.85"", ""qty"": ""0.024"", ""clientOrderId"": ""TP_AUTO_TP_1759009114455""}, {""price"": ""0"", ""qty"": ""0"", ""clientOrderId"": ""x-Cb7ytekJ34bdb74c12ae05696a0988""}]",3802.70,v1,ETHUSDT
2025-09-27T21:41:33.047935+00:00,"{'tipo': 'SOPORTE', 'precio': 200.0, 'volumen': 1577.9959999999999}",4012.51,0.024,4002.84,0.01921363,"[{""side"": ""SELL"", ""price"": ""4014.85"", ""qty"": ""0.024"", ""reduceOnly"": true}, {""side"": ""SELL"", ""price"": ""0"", ""qty"": ""0"", ""reduceOnly"": true}]","[{""price"": ""4014.85"", ""qty"": ""0.024"", ""clientOrderId"": ""TP_AUTO_TP_1759009114455""}, {""price"": ""0"", ""qty"": ""0"", ""clientOrderId"": ""x-Cb7ytekJ34bdb74c12ae05696a0988""}]",3802.70,v1,ETHUSDT
2025-09-27T21:41:35.384557+00:00,"{'tipo': 'SOPORTE', 'precio': 200.0, 'volumen': 1577.9959999999999}",4012.51,0.024,4002.84,0.01921363,"[{""side"": ""SELL"", ""price"": ""4014.85"", ""qty"": ""0.024"", ""reduceOnly"": true}, {""side"": ""SELL"", ""price"": ""0"", ""qty"": ""0"", ""reduceOnly"": true}]","[{""price"": ""4014.85"", ""qty"": ""0.024"", ""clientOrderId"": ""TP_AUTO_TP_1759009294458""}, {""price"": ""0"", ""qty"": ""0"", ""clientOrderId"": ""x-Cb7ytekJea6ab463274742263bab5e""}]",3802.70,v1,ETHUSDT
2025-09-27T21:44:33.053277+00:00,DUMP,4014.77,0.024,4002.84,0.01921363,"[{""side"": ""SELL"", ""price"": ""0"", ""qty"": ""0"", ""reduceOnly"": true}]","[{""price"": ""0"", ""qty"": ""0"", ""clientOrderId"": ""x-Cb7ytekJea6ab463274742263bab5e""}]",3802.70,v1,ETHUSDT
2025-09-27T21:44:35.980894+00:00,DUMP,4014.59,0.024,4002.84,0.01921363,"[{""side"": ""BUY"", ""price"": ""3984.66"", ""qty"": ""0.025"", ""reduceOnly"": false}, {""side"": ""SELL"", ""price"": ""0"", ""qty"": ""0"", ""reduceOnly"": true}, {""side"": ""BUY"", ""price"": ""3994.70"", ""qty"": ""0.025"", ""reduceOnly"": false}]","[{""price"": ""0"", ""qty"": ""0"", ""clientOrderId"": ""x-Cb7ytekJf965f4342fc3422769975c""}]",3802.70,v1,ETHUSDT
2025-09-27T21:47:33.174371+00:00,"{'tipo': 'SOPORTE', 'precio': 200.0, 'volumen': 1608.533}",4014.95,0.024,4002.84,0.01921363,"[{""side"": ""BUY"", ""price"": ""3984.66"", ""qty"": ""0.025"", ""reduceOnly"": false}, {""side"": ""SELL"", ""price"": ""0"", ""qty"": ""0"", ""reduceOnly"": true}, {""side"": ""BUY"", ""price"": ""3994.70"", ""qty"": ""0.025"", ""reduceOnly"": false}]","[{""price"": ""0"", ""qty"": ""0"", ""clientOrderId"": ""x-Cb7ytekJf965f4342fc3422769975c""}]",3802.70,v1,ETHUSDT
2025-09-27T21:47:35.518603+00:00,"{'tipo': 'SOPORTE', 'precio': 200.0, 'volumen': 1608.533}",4014.96,0.024,4002.84,0.01921363,"[{""side"": ""SELL"", ""price"": ""0"", ""qty"": ""0"", ""reduceOnly"": true}]","[{""price"": ""0"", ""qty"": ""0"", ""clientOrderId"": ""x-Cb7ytekJ25ae1b0ef3ba4cdaf89873""}]",3802.70,v1,ETHUSDT
2025-09-27T21:50:33.166574+00:00,"{'tipo': 'SOPORTE', 'precio': 200.0, 'volumen': 1597.981}",4014.0,0.024,4002.84,0.01921363,"[{""side"": ""SELL"", ""price"": ""0"", ""qty"": ""0"", ""reduceOnly"": true}]","[{""price"": ""0"", ""qty"": ""0"", ""clientOrderId"": ""x-Cb7ytekJ25ae1b0ef3ba4cdaf89873""}]",3802.70,v1,ETHUSDT
2025-09-27T21:50:35.500681+00:00,"{'tipo': 'SOPORTE', 'precio': 200.0, 'volumen': 1597.981}",4014.0,0.024,4002.84,0.01921363,"[{""side"": ""SELL"", ""price"": ""0"", ""qty"": ""0"", ""reduceOnly"": true}]","[{""price"": ""0"", ""qty"": ""0"", ""clientOrderId"": ""x-Cb7ytekJ58d8b208ca1bae7c5f04a5""}]",3802.70,v1,ETHUSDT
2025-09-27T21:53:33.281204+00:00,"{'tipo': 'SOPORTE', 'precio': 200.0, 'volumen': 1612.6699999999998}",4014.76,0.024,4002.84,0.01921363,"[{""side"": ""SELL"", ""price"": ""0"", ""qty"": ""0"", ""reduceOnly"": true}]","[{""price"": ""0"", ""qty"": ""0"", ""clientOrderId"": ""x-Cb7ytekJ58d8b208ca1bae7c5f04a5""}]",3802.70,v1,ETHUSDT
2025-09-27T21:53:35.621682+00:00,"{'tipo': 'SOPORTE', 'precio': 200.0, 'volumen': 1612.6699999999998}",4014.76,0.024,4002.84,0.01921363,"[{""side"": ""SELL"", ""price"": ""0"", ""qty"": ""0"", ""reduceOnly"": true}]","[{""price"": ""0"", ""qty"": ""0"", ""clientOrderId"": ""x-Cb7ytekJ4b34a43bfc163c4b5fa52a""}]",3802.70,v1,ETHUSDT
2025-09-27T21:56:33.278932+00:00,"{'tipo': 'SOPORTE', 'precio': 200.0, 'volumen': 1707.1109999999999}",4016.82,0.024,4002.84,0.01921363,"[{""side"": ""SELL"", ""price"": ""0"", ""qty"": ""0"", ""reduceOnly"": true}]","[{""price"": ""0"", ""qty"": ""0"", ""clientOrderId"": ""x-Cb7ytekJ4b34a43bfc163c4b5fa52a""}]",3802.70,v1,ETHUSDT
2025-09-27T21:56:35.632457+00:00,"{'tipo': 'SOPORTE', 'precio': 200.0, 'volumen': 1707.1109999999999}",4016.82,0.024,4002.84,0.01921363,"[{""side"": ""SELL"", ""price"": ""0"", ""qty"": ""0"", ""reduceOnly"": true}]","[{""price"": ""0"", ""qty"": ""0"", ""clientOrderId"": ""x-Cb7ytekJ14b8b2fa4d2d21519f5b0d""}]",3802.70,v1,ETHUSDT
2025-09-27T21:59:33.299144+00:00,"{'tipo': 'SOPORTE', 'precio': 200.0, 'volumen': 242.404}",4012.99,0.024,4002.84,0.01921363,"[{""side"": ""SELL"", ""price"": ""0"", ""qty"": ""0"", ""reduceOnly"": true}]","[{""price"": ""0"", ""qty"": ""0"", ""clientOrderId"": ""x-Cb7ytekJ14b8b2fa4d2d21519f5b0d""}]",3802.70,v1,ETHUSDT
2025-09-27T21:59:35.633628+00:00,"{'tipo': 'SOPORTE', 'precio': 200.0, 'volumen': 242.404}",4013.0,0.024,4002.84,0.01921363,"[{""side"": ""SELL"", ""price"": ""0"", ""qty"": ""0"", ""reduceOnly"": true}]","[{""price"": ""0"", ""qty"": ""0"", ""clientOrderId"": ""x-Cb7ytekJe50d5fbd67da9cb5a28fe2""}]",3802.70,v1,ETHUSDT
2025-09-27T22:02:33.372153+00:00,"{'tipo': 'SOPORTE', 'precio': 200.0, 'volumen': 1582.111}",4013.55,0.024,4002.84,0.01921363,[],[],,v1,ETHUSDT
2025-09-27T22:02:35.884688+00:00,"{'tipo': 'SOPORTE', 'precio': 200.0, 'volumen': 1582.111}",4013.2,0.024,4002.84,0.01921363,"[{""side"": ""SELL"", ""price"": ""0"", ""qty"": ""0"", ""reduceOnly"": true}]","[{""price"": ""0"", ""qty"": ""0"", ""clientOrderId"": ""x-Cb7ytekJc89aacb7a5282524434f6a""}]",3802.70,v1,ETHUSDT
2025-09-27T22:05:33.412409+00:00,"{'tipo': 'SOPORTE', 'precio': 3000.0, 'volumen': 1561.9370000000001}",4016.99,0.024,4002.84,0.01921363,"[{""side"": ""SELL"", ""price"": ""0"", ""qty"": ""0"", ""reduceOnly"": true}]","[{""price"": ""0"", ""qty"": ""0"", ""clientOrderId"": ""x-Cb7ytekJc89aacb7a5282524434f6a""}]",3802.70,v1,ETHUSDT
2025-09-27T22:05:35.825921+00:00,"{'tipo': 'SOPORTE', 'precio': 3000.0, 'volumen': 1561.9370000000001}",4017.0,0.024,4002.84,0.01921363,"[{""side"": ""SELL"", ""price"": ""0"", ""qty"": ""0"", ""reduceOnly"": true}]","[{""price"": ""0"", ""qty"": ""0"", ""clientOrderId"": ""x-Cb7ytekJebd03138c434700eb38916""}]",3802.70,v1,ETHUSDT
2025-09-27T22:08:33.668699+00:00,"{'tipo': 'SOPORTE', 'precio': 200.0, 'volumen': 1557.885}",4016.56,0.024,4002.84,0.01921363,"[{""side"": ""SELL"", ""price"": ""0"", ""qty"": ""0"", ""reduceOnly"": true}]","[{""price"": ""0"", ""qty"": ""0"", ""clientOrderId"": ""x-Cb7ytekJebd03138c434700eb38916""}]",3802.70,v1,ETHUSDT
2025-09-27T22:08:36.627327+00:00,"{'tipo': 'SOPORTE', 'precio': 200.0, 'volumen': 1557.885}",4016.56,0.024,4002.84,0.01921363,"[{""side"": ""SELL"", ""price"": ""0"", ""qty"": ""0"", ""reduceOnly"": true}]","[{""price"": ""0"", ""qty"": ""0"", ""clientOrderId"": ""x-Cb7ytekJf2f81ce197d7b5a604bd14""}]",3802.70,v1,ETHUSDT
2025-09-27T22:11:33.608500+00:00,"{'tipo': 'SOPORTE', 'precio': 3000.0, 'volumen': 1616.6349999999998}",4018.77,0.024,4002.84,0.01921363,"[{""side"": ""SELL"", ""price"": ""0"", ""qty"": ""0"", ""reduceOnly"": true}]","[{""price"": ""0"", ""qty"": ""0"", ""clientOrderId"": ""x-Cb7ytekJf2f81ce197d7b5a604bd14""}]",3802.70,v1,ETHUSDT
2025-09-27T22:11:36.191137+00:00,"{'tipo': 'SOPORTE', 'precio': 3000.0, 'volumen': 1616.6349999999998}",4018.77,0.024,4002.84,0.01921363,"[{""side"": ""SELL"", ""price"": ""0"", ""qty"": ""0"", ""reduceOnly"": true}]","[{""price"": ""0"", ""qty"": ""0"", ""clientOrderId"": ""x-Cb7ytekJ597e9335faf0db63724c8b""}]",3802.70,v1,ETHUSDT
2025-09-27T22:13:40.084208+00:00,"{'tipo': 'SOPORTE', 'precio': 3788.46, 'volumen': 2856.8050000000003}",4019.2,0.0,0.0,0.0,"[{""side"": ""SELL"", ""price"": ""0"", ""qty"": ""0"", ""reduceOnly"": true}]","[{""price"": ""0"", ""qty"": ""0"", ""clientOrderId"": ""x-Cb7ytekJ597e9335faf0db63724c8b""}]",3802.70,v1,ETHUSDT
2025-09-27T22:16:40.227617+00:00,"{'tipo': 'SOPORTE', 'precio': 3000.0, 'volumen': 1575.489}",4020.81,0.0,0.0,0.0,"[{""side"": ""BUY"", ""price"": ""4007.14"", ""qty"": ""0.024"", ""reduceOnly"": false}, {""side"": ""BUY"", ""price"": ""4013.17"", ""qty"": ""0.024"", ""reduceOnly"": false}, {""side"": ""BUY"", ""price"": ""4016.19"", ""qty"": ""0.024"", ""reduceOnly"": false}, {""side"": ""BUY"", ""price"": ""4010.16"", ""qty"": ""0.024"", ""reduceOnly"": false}]",[],,v1,ETHUSDT
2025-09-27T22:19:40.594090+00:00,"{'tipo': 'SOPORTE', 'precio': 3000.0, 'volumen': 1911.8029999999999}",4023.67,0.0,0.0,0.0,"[{""side"": ""BUY"", ""price"": ""4008.75"", ""qty"": ""0.024"", ""reduceOnly"": false}, {""side"": ""BUY"", ""price"": ""4014.78"", ""qty"": ""0.024"", ""reduceOnly"": false}, {""side"": ""BUY"", ""price"": ""4011.76"", ""qty"": ""0.024"", ""reduceOnly"": false}, {""side"": ""BUY"", ""price"": ""4017.79"", ""qty"": ""0.024"", ""reduceOnly"": false}]",[],,v1,ETHUSDT
2025-09-27T22:22:40.359928+00:00,DUMP,4026.13,0.0,0.0,0.0,"[{""side"": ""BUY"", ""price"": ""4017.63"", ""qty"": ""0.024"", ""reduceOnly"": false}, {""side"": ""BUY"", ""price"": ""4020.65"", ""qty"": ""0.024"", ""reduceOnly"": false}, {""side"": ""BUY"", ""price"": ""4014.62"", ""qty"": ""0.024"", ""reduceOnly"": false}, {""side"": ""BUY"", ""price"": ""4011.60"", ""qty"": ""0.024"", ""reduceOnly"": false}]",[],,v1,ETHUSDT
2025-09-27T22:25:40.323729+00:00,"{'tipo': 'SOPORTE', 'precio': 200.0, 'volumen': 1550.4759999999999}",4027.46,0.0,0.0,0.0,"[{""side"": ""BUY"", ""price"": ""4016.06"", ""qty"": ""0.024"", ""reduceOnly"": false}, {""side"": ""BUY"", ""price"": ""3995.93"", ""qty"": ""0.025"", ""reduceOnly"": false}, {""side"": ""BUY"", ""price"": ""4006"", ""qty"": ""0.024"", ""reduceOnly"": false}]",[],,v1,ETHUSDT
2025-09-27T22:28:40.335632+00:00,"{'tipo': 'SOPORTE', 'precio': 200.0, 'volumen': 1557.259}",4031.8,0.0,0.0,0.0,"[{""side"": ""BUY"", ""price"": ""4024.44"", ""qty"": ""0.024"", ""reduceOnly"": false}, {""side"": ""BUY"", ""price"": ""4018.40"", ""qty"": ""0.024"", ""reduceOnly"": false}, {""side"": ""BUY"", ""price"": ""4015.38"", ""qty"": ""0.024"", ""reduceOnly"": false}, {""side"": ""BUY"", ""price"": ""4021.42"", ""qty"": ""0.024"", ""reduceOnly"": false}]",[],,v1,ETHUSDT
2025-09-27T22:30:48.817899+00:00,"{'tipo': 'SOPORTE', 'precio': 3000.0, 'volumen': 1553.8929999999998}",4028.63,0.024,4028.7800000000007,0.01933814,"[{""side"": ""BUY"", ""price"": ""4025.75"", ""qty"": ""0.024"", ""reduceOnly"": false}, {""side"": ""SELL"", ""price"": ""0"", ""qty"": ""0"", ""reduceOnly"": true}, {""side"": ""BUY"", ""price"": ""4022.73"", ""qty"": ""0.024"", ""reduceOnly"": false}, {""side"": ""BUY"", ""price"": ""4019.70"", ""qty"": ""0.024"", ""reduceOnly"": false}, {""side"": ""SELL"", ""price"": ""4040.87"", ""qty"": ""0.024"", ""reduceOnly"": true}]","[{""price"": ""0"", ""qty"": ""0"", ""clientOrderId"": ""x-Cb7ytekJ56a680a3ff65bb443f74d2""}, {""price"": ""4040.87"", ""qty"": ""0.024"", ""clientOrderId"": ""TP_AUTO_TP_1759012247857""}]",3827.34,v1,ETHUSDT
2025-09-27T22:31:32.190744+00:00,DUMP,4025.74,0.048,4027.265,0.03866174,"[{""side"": ""SELL"", ""price"": ""0"", ""qty"": ""0"", ""reduceOnly"": true}, {""side"": ""SELL"", ""price"": ""0"", ""qty"": ""0"", ""reduceOnly"": true}, {""side"": ""SELL"", ""price"": ""4039.35"", ""qty"": ""0.048"", ""reduceOnly"": true}, {""side"": ""BUY"", ""price"": ""4022.73"", ""qty"": ""0.024"", ""reduceOnly"": false}, {""side"": ""BUY"", ""price"": ""4019.70"", ""qty"": ""0.024"", ""reduceOnly"": false}]","[{""price"": ""0"", ""qty"": ""0"", ""clientOrderId"": ""x-Cb7ytekJ8b2cb5dd4fe608c4bce81e""}, {""price"": ""0"", ""qty"": ""0"", ""clientOrderId"": ""x-Cb7ytekJ56a680a3ff65bb443f74d2""}, {""price"": ""4039.35"", ""qty"": ""0.048"", ""clientOrderId"": ""TP_AUTO_TP_1759012291270""}]",3825.90,v1,ETHUSDT
2025-09-27T22:31:40.343504+00:00,"{'tipo': 'SOPORTE', 'precio': 4000.0, 'volumen': 110.78299999999999}",4025.19,0.048,4027.265,0.03866174,"[{""side"": ""SELL"", ""price"": ""0"", ""qty"": ""0"", ""reduceOnly"": true}, {""side"": ""SELL"", ""price"": ""0"", ""qty"": ""0"", ""reduceOnly"": true}, {""side"": ""SELL"", ""price"": ""4039.35"", ""qty"": ""0.048"", ""reduceOnly"": true}, {""side"": ""BUY"", ""price"": ""4022.73"", ""qty"": ""0.024"", ""reduceOnly"": false}, {""side"": ""BUY"", ""price"": ""4019.70"", ""qty"": ""0.024"", ""reduceOnly"": false}]","[{""price"": ""0"", ""qty"": ""0"", ""clientOrderId"": ""x-Cb7ytekJ8b2cb5dd4fe608c4bce81e""}, {""price"": ""0"", ""qty"": ""0"", ""clientOrderId"": ""x-Cb7ytekJ56a680a3ff65bb443f74d2""}, {""price"": ""4039.35"", ""qty"": ""0.048"", ""clientOrderId"": ""TP_AUTO_TP_1759012291270""}]",3825.90,v1,ETHUSDT
2025-09-27T22:31:44.281355+00:00,"{'tipo': 'SOPORTE', 'precio': 4000.0, 'volumen': 110.78299999999999}",4025.19,0.048,4027.265,0.03866174,"[{""side"": ""BUY"", ""price"": ""4019.15"", ""qty"": ""0.024"", ""reduceOnly"": false}, {""side"": ""BUY"", ""price"": ""4016.13"", ""qty"": ""0.024"", ""reduceOnly"": false}, {""side"": ""SELL"", ""price"": ""0"", ""qty"": ""0"", ""reduceOnly"": true}, {""side"": ""SELL"", ""price"": ""4039.35"", ""qty"": ""0.048"", ""reduceOnly"": true}, {""side"": ""BUY"", ""price"": ""4022.17"", ""qty"": ""0.024"", ""reduceOnly"": false}, {""side"": ""BUY"", ""price"": ""4013.11"", ""qty"": ""0.024"", ""reduceOnly"": false}]","[{""price"": ""0"", ""qty"": ""0"", ""clientOrderId"": ""x-Cb7ytekJ9c2f89faa2043434602e6b""}, {""price"": ""4039.35"", ""qty"": ""0.048"", ""clientOrderId"": ""TP_AUTO_TP_1759012303321""}]",3825.90,v1,ETHUSDT
2025-09-27T22:34:40.661402+00:00,DUMP,4025.98,0.048,4027.265,0.03866174,"[{""side"": ""BUY"", ""price"": ""4019.15"", ""qty"": ""0.024"", ""reduceOnly"": false}, {""side"": ""BUY"", ""price"": ""4016.13"", ""qty"": ""0.024"", ""reduceOnly"": false}, {""side"": ""SELL"", ""price"": ""0"", ""qty"": ""0"", ""reduceOnly"": true}, {""side"": ""SELL"", ""price"": ""4039.35"", ""qty"": ""0.048"", ""reduceOnly"": true}, {""side"": ""BUY"", ""price"": ""4022.17"", ""qty"": ""0.024"", ""reduceOnly"": false}, {""side"": ""BUY"", ""price"": ""4013.11"", ""qty"": ""0.024"", ""reduceOnly"": false}]","[{""price"": ""0"", ""qty"": ""0"", ""clientOrderId"": ""x-Cb7ytekJ9c2f89faa2043434602e6b""}, {""price"": ""4039.35"", ""qty"": ""0.048"", ""clientOrderId"": ""TP_AUTO_TP_1759012303321""}]",3825.90,v1,ETHUSDT
2025-09-27T22:34:44.360721+00:00,DUMP,4025.98,0.048,4027.265,0.03866174,"[{""side"": ""BUY"", ""price"": ""4005.85"", ""qty"": ""0.024"", ""reduceOnly"": false}, {""side"": ""SELL"", ""price"": ""4039.35"", ""qty"": ""0.048"", ""reduceOnly"": true}, {""side"": ""BUY"", ""price"": ""4015.92"", ""qty"": ""0.024"", ""reduceOnly"": false}, {""side"": ""SELL"", ""price"": ""0"", ""qty"": ""0"", ""reduceOnly"": true}, {""side"": ""BUY"", ""price"": ""3995.79"", ""qty"": ""0.025"", ""reduceOnly"": false}]","[{""price"": ""4039.35"", ""qty"": ""0.048"", ""clientOrderId"": ""TP_AUTO_TP_1759012483396""}, {""price"": ""0"", ""qty"": ""0"", ""clientOrderId"": ""x-Cb7ytekJ110d4efe26e4873e06cd0b""}]",3825.90,v1,ETHUSDT
2025-09-27T22:37:40.494131+00:00,"{'tipo': 'SOPORTE', 'precio': 3881.64, 'volumen': 103.799}",4023.13,0.048,4027.265,0.03866174,"[{""side"": ""BUY"", ""price"": ""4005.85"", ""qty"": ""0.024"", ""reduceOnly"": false}, {""side"": ""SELL"", ""price"": ""4039.35"", ""qty"": ""0.048"", ""reduceOnly"": true}, {""side"": ""BUY"", ""price"": ""4015.92"", ""qty"": ""0.024"", ""reduceOnly"": false}, {""side"": ""SELL"", ""price"": ""0"", ""qty"": ""0"", ""reduceOnly"": true}, {""side"": ""BUY"", ""price"": ""3995.79"", ""qty"": ""0.025"", ""reduceOnly"": false}]","[{""price"": ""4039.35"", ""qty"": ""0.048"", ""clientOrderId"": ""TP_AUTO_TP_1759012483396""}, {""price"": ""0"", ""qty"": ""0"", ""clientOrderId"": ""x-Cb7ytekJ110d4efe26e4873e06cd0b""}]",3825.90,v1,ETHUSDT
2025-09-27T22:37:44.115912+00:00,"{'tipo': 'SOPORTE', 'precio': 3881.64, 'volumen': 103.799}",4023.47,0.048,4027.265,0.03866174,"[{""side"": ""BUY"", ""price"": ""4017.10"", ""qty"": ""0.024"", ""reduceOnly"": false}, {""side"": ""SELL"", ""price"": ""4039.35"", ""qty"": ""0.048"", ""reduceOnly"": true}, {""side"": ""SELL"", ""price"": ""0"", ""qty"": ""0"", ""reduceOnly"": true}, {""side"": ""BUY"", ""price"": ""4011.06"", ""qty"": ""0.024"", ""reduceOnly"": false}, {""side"": ""BUY"", ""price"": ""4014.08"", ""qty"": ""0.024"", ""reduceOnly"": false}, {""side"": ""BUY"", ""price"": ""4020.11"", ""qty"": ""0.024"", ""reduceOnly"": false}]","[{""price"": ""4039.35"", ""qty"": ""0.048"", ""clientOrderId"": ""TP_AUTO_TP_1759012663198""}, {""price"": ""0"", ""qty"": ""0"", ""clientOrderId"": ""x-Cb7ytekJed2b8697d54622ba31b878""}]",3825.90,v1,ETHUSDT
2025-09-27T22:40:40.479415+00:00,DUMP,4025.4,0.048,4027.265,0.03866174,"[{""side"": ""BUY"", ""price"": ""4017.10"", ""qty"": ""0.024"", ""reduceOnly"": false}, {""side"": ""SELL"", ""price"": ""4039.35"", ""qty"": ""0.048"", ""reduceOnly"": true}, {""side"": ""SELL"", ""price"": ""0"", ""qty"": ""0"", ""reduceOnly"": true}, {""side"": ""BUY"", ""price"": ""4011.06"", ""qty"": ""0.024"", ""reduceOnly"": false}, {""side"": ""BUY"", ""price"": ""4014.08"", ""qty"": ""0.024"", ""reduceOnly"": false}, {""side"": ""BUY"", ""price"": ""4020.11"", ""qty"": ""0.024"", ""reduceOnly"": false}]","[{""price"": ""4039.35"", ""qty"": ""0.048"", ""clientOrderId"": ""TP_AUTO_TP_1759012663198""}, {""price"": ""0"", ""qty"": ""0"", ""clientOrderId"": ""x-Cb7ytekJed2b8697d54622ba31b878""}]",3825.90,v1,ETHUSDT
2025-09-27T22:40:43.832140+00:00,DUMP,4025.41,0.048,4027.265,0.03866174,"[{""side"": ""SELL"", ""price"": ""4039.35"", ""qty"": ""0.048"", ""reduceOnly"": true}, {""side"": ""SELL"", ""price"": ""0"", ""qty"": ""0"", ""reduceOnly"": true}, {""side"": ""BUY"", ""price"": ""3995.21"", ""qty"": ""0.025"", ""reduceOnly"": false}, {""side"": ""BUY"", ""price"": ""4015.34"", ""qty"": ""0.024"", ""reduceOnly"": false}, {""side"": ""BUY"", ""price"": ""4005.27"", ""qty"": ""0.024"", ""reduceOnly"": false}]","[{""price"": ""4039.35"", ""qty"": ""0.048"", ""clientOrderId"": ""TP_AUTO_TP_1759012842877""}, {""price"": ""0"", ""qty"": ""0"", ""clientOrderId"": ""x-Cb7ytekJ13ecb4ac9b28f7b416af50""}]",3825.90,v1,ETHUSDT
2025-09-27T22:43:40.488479+00:00,"{'tipo': 'SOPORTE', 'precio': 3941.95, 'volumen': 2449.146}",4022.4,0.048,4027.265,0.03866174,"[{""side"": ""SELL"", ""price"": ""4039.35"", ""qty"": ""0.048"", ""reduceOnly"": true}, {""side"": ""SELL"", ""price"": ""0"", ""qty"": ""0"", ""reduceOnly"": true}, {""side"": ""BUY"", ""price"": ""3995.21"", ""qty"": ""0.025"", ""reduceOnly"": false}, {""side"": ""BUY"", ""price"": ""4015.34"", ""qty"": ""0.024"", ""reduceOnly"": false}, {""side"": ""BUY"", ""price"": ""4005.27"", ""qty"": ""0.024"", ""reduceOnly"": false}]","[{""price"": ""4039.35"", ""qty"": ""0.048"", ""clientOrderId"": ""TP_AUTO_TP_1759012842877""}, {""price"": ""0"", ""qty"": ""0"", ""clientOrderId"": ""x-Cb7ytekJ13ecb4ac9b28f7b416af50""}]",3825.90,v1,ETHUSDT
2025-09-27T22:43:44.064250+00:00,DUMP,4022.14,0.048,4027.265,0.03866174,"[{""side"": ""BUY"", ""price"": ""4010.33"", ""qty"": ""0.024"", ""reduceOnly"": false}, {""side"": ""BUY"", ""price"": ""4013.35"", ""qty"": ""0.024"", ""reduceOnly"": false}, {""side"": ""BUY"", ""price"": ""4019.38"", ""qty"": ""0.024"", ""reduceOnly"": false}, {""side"": ""SELL"", ""price"": ""4039.35"", ""qty"": ""0.048"", ""reduceOnly"": true}, {""side"": ""SELL"", ""price"": ""0"", ""qty"": ""0"", ""reduceOnly"": true}, {""side"": ""BUY"", ""price"": ""4016.37"", ""qty"": ""0.024"", ""reduceOnly"": false}]","[{""price"": ""4039.35"", ""qty"": ""0.048"", ""clientOrderId"": ""TP_AUTO_TP_1759013023137""}, {""price"": ""0"", ""qty"": ""0"", ""clientOrderId"": ""x-Cb7ytekJ3c6e00e1f675b5ec5342d7""}]",3825.90,v1,ETHUSDT
2025-09-27T22:44:44.054557+00:00,DUMP,4019.45,0.07200000000000001,4024.6366666666663,0.05795476,"[{""side"": ""BUY"", ""price"": ""4010.33"", ""qty"": ""0.024"", ""reduceOnly"": false}, {""side"": ""SELL"", ""price"": ""4036.71"", ""qty"": ""0.072"", ""reduceOnly"": true}, {""side"": ""BUY"", ""price"": ""4013.35"", ""qty"": ""0.024"", ""reduceOnly"": false}, {""side"": ""SELL"", ""price"": ""0"", ""qty"": ""0"", ""reduceOnly"": true}, {""side"": ""SELL"", ""price"": ""0"", ""qty"": ""0"", ""reduceOnly"": true}, {""side"": ""BUY"", ""price"": ""4016.37"", ""qty"": ""0.024"", ""reduceOnly"": false}]","[{""price"": ""4036.71"", ""qty"": ""0.072"", ""clientOrderId"": ""TP_AUTO_TP_1759013083117""}, {""price"": ""0"", ""qty"": ""0"", ""clientOrderId"": ""x-Cb7ytekJ3c6e00e1f675b5ec5342d7""}, {""price"": ""0"", ""qty"": ""0"", ""clientOrderId"": ""x-Cb7ytekJ72225cab244091ec2b170c""}]",3825.90,v1,ETHUSDT
2025-09-27T22:46:40.556198+00:00,"{'tipo': 'SOPORTE', 'precio': 3977.89, 'volumen': 113.07900000000001}",4018.5,0.07200000000000001,4024.6366666666663,0.05795476,"[{""side"": ""BUY"", ""price"": ""4010.33"", ""qty"": ""0.024"", ""reduceOnly"": false}, {""side"": ""SELL"", ""price"": ""4036.71"", ""qty"": ""0.072"", ""reduceOnly"": true}, {""side"": ""BUY"", ""price"": ""4013.35"", ""qty"": ""0.024"", ""reduceOnly"": false}, {""side"": ""SELL"", ""price"": ""0"", ""qty"": ""0"", ""reduceOnly"": true}, {""side"": ""SELL"", ""price"": ""0"", ""qty"": ""0"", ""reduceOnly"": true}, {""side"": ""BUY"", ""price"": ""4016.37"", ""qty"": ""0.024"", ""reduceOnly"": false}]","[{""price"": ""4036.71"", ""qty"": ""0.072"", ""clientOrderId"": ""TP_AUTO_TP_1759013083117""}, {""price"": ""0"", ""qty"": ""0"", ""clientOrderId"": ""x-Cb7ytekJ3c6e00e1f675b5ec5342d7""}, {""price"": ""0"", ""qty"": ""0"", ""clientOrderId"": ""x-Cb7ytekJ72225cab244091ec2b170c""}]",3825.90,v1,ETHUSDT
2025-09-27T22:46:44.255996+00:00,"{'tipo': 'SOPORTE', 'precio': 3977.89, 'volumen': 113.07900000000001}",4018.5,0.07200000000000001,4024.6366666666663,0.05795476,"[{""side"": ""SELL"", ""price"": ""4036.71"", ""qty"": ""0.072"", ""reduceOnly"": true}, {""side"": ""BUY"", ""price"": ""4012.47"", ""qty"": ""0.024"", ""reduceOnly"": false}, {""side"": ""BUY"", ""price"": ""4009.46"", ""qty"": ""0.024"", ""reduceOnly"": false}, {""side"": ""SELL"", ""price"": ""0"", ""qty"": ""0"", ""reduceOnly"": true}, {""side"": ""BUY"", ""price"": ""4015.49"", ""qty"": ""0.024"", ""reduceOnly"": false}, {""side"": ""BUY"", ""price"": ""4006.44"", ""qty"": ""0.024"", ""reduceOnly"": false}]","[{""price"": ""4036.71"", ""qty"": ""0.072"", ""clientOrderId"": ""TP_AUTO_TP_1759013203342""}, {""price"": ""0"", ""qty"": ""0"", ""clientOrderId"": ""x-Cb7ytekJ2a81aa4d1e4ae44395a3a4""}]",3823.40,v1,ETHUSDT
2025-09-27T22:49:23.573707+00:00,DUMP,4015.37,0.096,4022.35,0.07722911,"[{""side"": ""SELL"", ""price"": ""4034.42"", ""qty"": ""0.096"", ""reduceOnly"": true}, {""side"": ""BUY"", ""price"": ""4012.47"", ""qty"": ""0.024"", ""reduceOnly"": false}, {""side"": ""BUY"", ""price"": ""4009.46"", ""qty"": ""0.024"", ""reduceOnly"": false}, {""side"": ""SELL"", ""price"": ""0"", ""qty"": ""0"", ""reduceOnly"": true}, {""side"": ""SELL"", ""price"": ""0"", ""qty"": ""0"", ""reduceOnly"": true}, {""side"": ""BUY"", ""price"": ""4006.44"", ""qty"": ""0.024"", ""reduceOnly"": false}]","[{""price"": ""4034.42"", ""qty"": ""0.096"", ""clientOrderId"": ""TP_AUTO_TP_1759013362596""}, {""price"": ""0"", ""qty"": ""0"", ""clientOrderId"": ""x-Cb7ytekJ2a81aa4d1e4ae44395a3a4""}, {""price"": ""0"", ""qty"": ""0"", ""clientOrderId"": ""x-Cb7ytekJ94627993ec6810eecce37a""}]",3823.40,v1,ETHUSDT
2025-09-27T22:49:40.554883+00:00,"{'tipo': 'SOPORTE', 'precio': 3000.0, 'volumen': 1593.367}",4013.66,0.096,4022.35,0.07722911,"[{""side"": ""SELL"", ""price"": ""4034.42"", ""qty"": ""0.096"", ""reduceOnly"": true}, {""side"": ""BUY"", ""price"": ""4012.47"", ""qty"": ""0.024"", ""reduceOnly"": false}, {""side"": ""BUY"", ""price"": ""4009.46"", ""qty"": ""0.024"", ""reduceOnly"": false}, {""side"": ""SELL"", ""price"": ""0"", ""qty"": ""0"", ""reduceOnly"": true}, {""side"": ""SELL"", ""price"": ""0"", ""qty"": ""0"", ""reduceOnly"": true}, {""side"": ""BUY"", ""price"": ""4006.44"", ""qty"": ""0.024"", ""reduceOnly"": false}]","[{""price"": ""4034.42"", ""qty"": ""0.096"", ""clientOrderId"": ""TP_AUTO_TP_1759013362596""}, {""price"": ""0"", ""qty"": ""0"", ""clientOrderId"": ""x-Cb7ytekJ2a81aa4d1e4ae44395a3a4""}, {""price"": ""0"", ""qty"": ""0"", ""clientOrderId"": ""x-Cb7ytekJ94627993ec6810eecce37a""}]",3823.40,v1,ETHUSDT
2025-09-27T22:49:44.131551+00:00,"{'tipo': 'SOPORTE', 'precio': 3000.0, 'volumen': 1593.367}",4013.78,0.096,4022.35,0.07722911,"[{""side"": ""BUY"", ""price"": ""4004.63"", ""qty"": ""0.024"", ""reduceOnly"": false}, {""side"": ""SELL"", ""price"": ""4034.42"", ""qty"": ""0.096"", ""reduceOnly"": true}, {""side"": ""BUY"", ""price"": ""4007.64"", ""qty"": ""0.024"", ""reduceOnly"": false}, {""side"": ""BUY"", ""price"": ""4010.65"", ""qty"": ""0.024"", ""reduceOnly"": false}, {""side"": ""SELL"", ""price"": ""0"", ""qty"": ""0"", ""reduceOnly"": true}, {""side"": ""BUY"", ""price"": ""4001.62"", ""qty"": ""0.024"", ""reduceOnly"": false}]","[{""price"": ""4034.42"", ""qty"": ""0.096"", ""clientOrderId"": ""TP_AUTO_TP_1759013383208""}, {""price"": ""0"", ""qty"": ""0"", ""clientOrderId"": ""x-Cb7ytekJad12510bc10317d95e802a""}]",3821.23,v1,ETHUSDT
2025-09-27T22:52:40.572815+00:00,"{'tipo': 'SOPORTE', 'precio': 200.0, 'volumen': 1631.396}",4020.1,0.096,4022.35,0.07722911,"[{""side"": ""BUY"", ""price"": ""4004.63"", ""qty"": ""0.024"", ""reduceOnly"": false}, {""side"": ""SELL"", ""price"": ""4034.42"", ""qty"": ""0.096"", ""reduceOnly"": true}, {""side"": ""BUY"", ""price"": ""4007.64"", ""qty"": ""0.024"", ""reduceOnly"": false}, {""side"": ""BUY"", ""price"": ""4010.65"", ""qty"": ""0.024"", ""reduceOnly"": false}, {""side"": ""SELL"", ""price"": ""0"", ""qty"": ""0"", ""reduceOnly"": true}, {""side"": ""BUY"", ""price"": ""4001.62"", ""qty"": ""0.024"", ""reduceOnly"": false}]","[{""price"": ""4034.42"", ""qty"": ""0.096"", ""clientOrderId"": ""TP_AUTO_TP_1759013383208""}, {""price"": ""0"", ""qty"": ""0"", ""clientOrderId"": ""x-Cb7ytekJad12510bc10317d95e802a""}]",3821.23,v1,ETHUSDT
2025-09-27T22:52:44.172593+00:00,"{'tipo': 'SOPORTE', 'precio': 200.0, 'volumen': 1631.396}",4020.0,0.096,4022.35,0.07722911,"[{""side"": ""BUY"", ""price"": ""4017.08"", ""qty"": ""0.024"", ""reduceOnly"": false}, {""side"": ""BUY"", ""price"": ""4011.05"", ""qty"": ""0.024"", ""reduceOnly"": false}, {""side"": ""SELL"", ""price"": ""0"", ""qty"": ""0"", ""reduceOnly"": true}, {""side"": ""BUY"", ""price"": ""4008.04"", ""qty"": ""0.024"", ""reduceOnly"": false}, {""side"": ""SELL"", ""price"": ""4034.42"", ""qty"": ""0.096"", ""reduceOnly"": true}, {""side"": ""BUY"", ""price"": ""4014.07"", ""qty"": ""0.024"", ""reduceOnly"": false}]","[{""price"": ""0"", ""qty"": ""0"", ""clientOrderId"": ""x-Cb7ytekJ85a3396bc923d73a2fd827""}, {""price"": ""4034.42"", ""qty"": ""0.096"", ""clientOrderId"": ""TP_AUTO_TP_1759013563248""}]",3821.23,v1,ETHUSDT
2025-09-27T22:55:40.589001+00:00,"{'tipo': 'SOPORTE', 'precio': 200.0, 'volumen': 1679.762}",4018.63,0.096,4022.35,0.07722911,"[{""side"": ""BUY"", ""price"": ""4017.08"", ""qty"": ""0.024"", ""reduceOnly"": false}, {""side"": ""BUY"", ""price"": ""4011.05"", ""qty"": ""0.024"", ""reduceOnly"": false}, {""side"": ""SELL"", ""price"": ""0"", ""qty"": ""0"", ""reduceOnly"": true}, {""side"": ""BUY"", ""price"": ""4008.04"", ""qty"": ""0.024"", ""reduceOnly"": false}, {""side"": ""SELL"", ""price"": ""4034.42"", ""qty"": ""0.096"", ""reduceOnly"": true}, {""side"": ""BUY"", ""price"": ""4014.07"", ""qty"": ""0.024"", ""reduceOnly"": false}]","[{""price"": ""0"", ""qty"": ""0"", ""clientOrderId"": ""x-Cb7ytekJ85a3396bc923d73a2fd827""}, {""price"": ""4034.42"", ""qty"": ""0.096"", ""clientOrderId"": ""TP_AUTO_TP_1759013563248""}]",3821.23,v1,ETHUSDT
2025-09-27T22:55:44.222790+00:00,"{'tipo': 'SOPORTE', 'precio': 200.0, 'volumen': 1679.762}",4018.62,0.096,4022.35,0.07722911,"[{""side"": ""SELL"", ""price"": ""0"", ""qty"": ""0"", ""reduceOnly"": true}, {""side"": ""BUY"", ""price"": ""4012.60"", ""qty"": ""0.024"", ""reduceOnly"": false}, {""side"": ""SELL"", ""price"": ""4034.42"", ""qty"": ""0.096"", ""reduceOnly"": true}, {""side"": ""BUY"", ""price"": ""4009.59"", ""qty"": ""0.024"", ""reduceOnly"": false}, {""side"": ""BUY"", ""price"": ""4006.57"", ""qty"": ""0.024"", ""reduceOnly"": false}, {""side"": ""BUY"", ""price"": ""4015.62"", ""qty"": ""0.024"", ""reduceOnly"": false}]","[{""price"": ""0"", ""qty"": ""0"", ""clientOrderId"": ""x-Cb7ytekJ4ded6b019af5cd6847c6c7""}, {""price"": ""4034.42"", ""qty"": ""0.096"", ""clientOrderId"": ""TP_AUTO_TP_1759013743244""}]",3821.23,v1,ETHUSDT
2025-09-27T22:58:40.678807+00:00,"{'tipo': 'SOPORTE', 'precio': 3000.0, 'volumen': 2148.797}",4021.19,0.096,4022.35,0.07722911,"[{""side"": ""SELL"", ""price"": ""0"", ""qty"": ""0"", ""reduceOnly"": true}, {""side"": ""BUY"", ""price"": ""4012.60"", ""qty"": ""0.024"", ""reduceOnly"": false}, {""side"": ""SELL"", ""price"": ""4034.42"", ""qty"": ""0.096"", ""reduceOnly"": true}, {""side"": ""BUY"", ""price"": ""4009.59"", ""qty"": ""0.024"", ""reduceOnly"": false}, {""side"": ""BUY"", ""price"": ""4006.57"", ""qty"": ""0.024"", ""reduceOnly"": false}, {""side"": ""BUY"", ""price"": ""4015.62"", ""qty"": ""0.024"", ""reduceOnly"": false}]","[{""price"": ""0"", ""qty"": ""0"", ""clientOrderId"": ""x-Cb7ytekJ4ded6b019af5cd6847c6c7""}, {""price"": ""4034.42"", ""qty"": ""0.096"", ""clientOrderId"": ""TP_AUTO_TP_1759013743244""}]",3821.23,v1,ETHUSDT
2025-09-27T22:58:44.641744+00:00,DUMP,4021.2,0.096,4022.35,0.07722911,"[{""side"": ""BUY"", ""price"": ""4015.16"", ""qty"": ""0.024"", ""reduceOnly"": false}, {""side"": ""BUY"", ""price"": ""4012.14"", ""qty"": ""0.024"", ""reduceOnly"": false}, {""side"": ""SELL"", ""price"": ""4034.42"", ""qty"": ""0.096"", ""reduceOnly"": true}, {""side"": ""BUY"", ""price"": ""4018.17"", ""qty"": ""0.024"", ""reduceOnly"": false}, {""side"": ""BUY"", ""price"": ""4009.13"", ""qty"": ""0.024"", ""reduceOnly"": false}, {""side"": ""SELL"", ""price"": ""0"", ""qty"": ""0"", ""reduceOnly"": true}]","[{""price"": ""4034.42"", ""qty"": ""0.096"", ""clientOrderId"": ""TP_AUTO_TP_1759013923498""}, {""price"": ""0"", ""qty"": ""0"", ""clientOrderId"": ""x-Cb7ytekJc0217741a740e7e89b2d6""}]",3821.23,v1,ETHUSDT
2025-09-27T23:01:40.701322+00:00,"{'tipo': 'SOPORTE', 'precio': 3820.19, 'volumen': 107.914}",4021.36,0.096,4022.35,0.07722911,[],[],,v1,ETHUSDT
2025-09-27T23:01:43.990026+00:00,"{'tipo': 'SOPORTE', 'precio': 3820.19, 'volumen': 107.914}",4021.36,0.096,4022.35,0.07722911,"[{""side"": ""BUY"", ""price"": ""4009.30"", ""qty"": ""0.024"", ""reduceOnly"": false}, {""side"": ""BUY"", ""price"": ""4012.31"", ""qty"": ""0.024"", ""reduceOnly"": false}, {""side"": ""BUY"", ""price"": ""4015.33"", ""qty"": ""0.024"", ""reduceOnly"": false}, {""side"": ""SELL"", ""price"": ""0"", ""qty"": ""0"", ""reduceOnly"": true}, {""side"": ""SELL"", ""price"": ""4034.42"", ""qty"": ""0.096"", ""reduceOnly"": true}]","[{""price"": ""0"", ""qty"": ""0"", ""clientOrderId"": ""x-Cb7ytekJe79336c3b7ad231ad91f4""}, {""price"": ""4034.42"", ""qty"": ""0.096"", ""clientOrderId"": ""TP_AUTO_TP_1759014103071""}]",3821.23,v1,ETHUSDT
2025-09-27T23:04:40.895499+00:00,"{'tipo': 'SOPORTE', 'precio': 200.0, 'volumen': 1651.6499999999999}",4024.55,0.096,4022.35,0.07722911,"[{""side"": ""BUY"", ""price"": ""4009.30"", ""qty"": ""0.024"", ""reduceOnly"": false}, {""side"": ""BUY"", ""price"": ""4012.31"", ""qty"": ""0.024"", ""reduceOnly"": false}, {""side"": ""BUY"", ""price"": ""4015.33"", ""qty"": ""0.024"", ""reduceOnly"": false}, {""side"": ""SELL"", ""price"": ""0"", ""qty"": ""0"", ""reduceOnly"": true}, {""side"": ""SELL"", ""price"": ""4034.42"", ""qty"": ""0.096"", ""reduceOnly"": true}]","[{""price"": ""0"", ""qty"": ""0"", ""clientOrderId"": ""x-Cb7ytekJe79336c3b7ad231ad91f4""}, {""price"": ""4034.42"", ""qty"": ""0.096"", ""clientOrderId"": ""TP_AUTO_TP_1759014103071""}]",3821.23,v1,ETHUSDT
2025-09-27T23:04:43.911154+00:00,"{'tipo': 'SOPORTE', 'precio': 200.0, 'volumen': 1651.6499999999999}",4024.56,0.096,4022.35,0.07722911,"[{""side"": ""SELL"", ""price"": ""0"", ""qty"": ""0"", ""reduceOnly"": true}, {""side"": ""BUY"", ""price"": ""4015.49"", ""qty"": ""0.024"", ""reduceOnly"": false}, {""side"": ""SELL"", ""price"": ""4034.42"", ""qty"": ""0.096"", ""reduceOnly"": true}, {""side"": ""BUY"", ""price"": ""4012.48"", ""qty"": ""0.024"", ""reduceOnly"": false}]","[{""price"": ""0"", ""qty"": ""0"", ""clientOrderId"": ""x-Cb7ytekJf88206b7bf267a31e9b17b""}, {""price"": ""4034.42"", ""qty"": ""0.096"", ""clientOrderId"": ""TP_AUTO_TP_1759014282961""}]",3821.23,v1,ETHUSDT
2025-09-27T23:26:23.798486+00:00,"{'tipo': 'SOPORTE', 'precio': 3000.0, 'volumen': 1561.357}",4017.55,0.145,4019.60937931,0.0,"[{""side"": ""SELL"", ""price"": ""4031.67"", ""qty"": ""0.145"", ""reduceOnly"": true}, {""side"": ""SELL"", ""price"": ""0"", ""qty"": ""0"", ""reduceOnly"": true}]","[{""price"": ""4031.67"", ""qty"": ""0.145"", ""clientOrderId"": ""TP_AUTO_TP_1759015578690""}, {""price"": ""0"", ""qty"": ""0"", ""clientOrderId"": ""x-Cb7ytekJ39de1f154fc823f4c5e6cc""}]",3819.93,v1,ETHUSDT
2025-09-27T23:26:27.377101+00:00,"{'tipo': 'SOPORTE', 'precio': 3000.0, 'volumen': 1561.357}",4017.55,0.145,4019.60937931,0.0,"[{""side"": ""BUY"", ""price"": ""4011.52"", ""qty"": ""0.024"", ""reduceOnly"": false}, {""side"": ""SELL"", ""price"": ""0"", ""qty"": ""0"", ""reduceOnly"": true}, {""side"": ""BUY"", ""price"": ""4008.51"", ""qty"": ""0.024"", ""reduceOnly"": false}, {""side"": ""SELL"", ""price"": ""4031.67"", ""qty"": ""0.145"", ""reduceOnly"": true}, {""side"": ""BUY"", ""price"": ""4005.50"", ""qty"": ""0.024"", ""reduceOnly"": false}, {""side"": ""BUY"", ""price"": ""4014.54"", ""qty"": ""0.024"", ""reduceOnly"": false}]","[{""price"": ""0"", ""qty"": ""0"", ""clientOrderId"": ""x-Cb7ytekJ945efa5341cbb3bdc3a654""}, {""price"": ""4031.67"", ""qty"": ""0.145"", ""clientOrderId"": ""TP_AUTO_TP_1759015586456""}]",3818.63,v1,ETHUSDT
2025-09-27T23:29:23.780818+00:00,"{'tipo': 'SOPORTE', 'precio': 200.0, 'volumen': 1699.3539999999998}",4017.11,0.145,4019.60937931,0.0,"[{""side"": ""BUY"", ""price"": ""4011.52"", ""qty"": ""0.024"", ""reduceOnly"": false}, {""side"": ""SELL"", ""price"": ""0"", ""qty"": ""0"", ""reduceOnly"": true}, {""side"": ""BUY"", ""price"": ""4008.51"", ""qty"": ""0.024"", ""reduceOnly"": false}, {""side"": ""SELL"", ""price"": ""4031.67"", ""qty"": ""0.145"", ""reduceOnly"": true}, {""side"": ""BUY"", ""price"": ""4005.50"", ""qty"": ""0.024"", ""reduceOnly"": false}, {""side"": ""BUY"", ""price"": ""4014.54"", ""qty"": ""0.024"", ""reduceOnly"": false}]","[{""price"": ""0"", ""qty"": ""0"", ""clientOrderId"": ""x-Cb7ytekJ945efa5341cbb3bdc3a654""}, {""price"": ""4031.67"", ""qty"": ""0.145"", ""clientOrderId"": ""TP_AUTO_TP_1759015586456""}]",3818.63,v1,ETHUSDT
2025-09-27T23:29:27.396306+00:00,"{'tipo': 'SOPORTE', 'precio': 200.0, 'volumen': 1699.3539999999998}",4017.1,0.145,4019.60937931,0.0,"[{""side"": ""SELL"", ""price"": ""0"", ""qty"": ""0"", ""reduceOnly"": true}, {""side"": ""BUY"", ""price"": ""4014.10"", ""qty"": ""0.024"", ""reduceOnly"": false}, {""side"": ""SELL"", ""price"": ""4031.67"", ""qty"": ""0.145"", ""reduceOnly"": true}, {""side"": ""BUY"", ""price"": ""4011.08"", ""qty"": ""0.024"", ""reduceOnly"": false}, {""side"": ""BUY"", ""price"": ""4005.06"", ""qty"": ""0.024"", ""reduceOnly"": false}, {""side"": ""BUY"", ""price"": ""4008.07"", ""qty"": ""0.024"", ""reduceOnly"": false}]","[{""price"": ""0"", ""qty"": ""0"", ""clientOrderId"": ""x-Cb7ytekJcb567ff72c2f6115d4915e""}, {""price"": ""4031.67"", ""qty"": ""0.145"", ""clientOrderId"": ""TP_AUTO_TP_1759015766470""}]",3818.63,v1,ETHUSDT
2025-09-27T23:32:23.789012+00:00,"{'tipo': 'SOPORTE', 'precio': 200.0, 'volumen': 1553.6260000000002}",4016.47,0.145,4019.60937931,0.0,"[{""side"": ""SELL"", ""price"": ""0"", ""qty"": ""0"", ""reduceOnly"": true}, {""side"": ""BUY"", ""price"": ""4014.10"", ""qty"": ""0.024"", ""reduceOnly"": false}, {""side"": ""SELL"", ""price"": ""4031.67"", ""qty"": ""0.145"", ""reduceOnly"": true}, {""side"": ""BUY"", ""price"": ""4011.08"", ""qty"": ""0.024"", ""reduceOnly"": false}, {""side"": ""BUY"", ""price"": ""4005.06"", ""qty"": ""0.024"", ""reduceOnly"": false}, {""side"": ""BUY"", ""price"": ""4008.07"", ""qty"": ""0.024"", ""reduceOnly"": false}]","[{""price"": ""0"", ""qty"": ""0"", ""clientOrderId"": ""x-Cb7ytekJcb567ff72c2f6115d4915e""}, {""price"": ""4031.67"", ""qty"": ""0.145"", ""clientOrderId"": ""TP_AUTO_TP_1759015766470""}]",3818.63,v1,ETHUSDT
2025-09-27T23:32:27.446807+00:00,"{'tipo': 'SOPORTE', 'precio': 200.0, 'volumen': 1553.6260000000002}",4016.47,0.145,4019.60937931,0.0,"[{""side"": ""BUY"", ""price"": ""4010.45"", ""qty"": ""0.024"", ""reduceOnly"": false}, {""side"": ""BUY"", ""price"": ""4004.42"", ""qty"": ""0.024"", ""reduceOnly"": false}, {""side"": ""BUY"", ""price"": ""4007.43"", ""qty"": ""0.024"", ""reduceOnly"": false}, {""side"": ""SELL"", ""price"": ""4031.67"", ""qty"": ""0.145"", ""reduceOnly"": true}, {""side"": ""BUY"", ""price"": ""4013.46"", ""qty"": ""0.024"", ""reduceOnly"": false}, {""side"": ""SELL"", ""price"": ""0"", ""qty"": ""0"", ""reduceOnly"": true}]","[{""price"": ""4031.67"", ""qty"": ""0.145"", ""clientOrderId"": ""TP_AUTO_TP_1759015946501""}, {""price"": ""0"", ""qty"": ""0"", ""clientOrderId"": ""x-Cb7ytekJ6168545900122b722b6243""}]",3818.63,v1,ETHUSDT
2025-09-27T23:35:23.848288+00:00,"{'tipo': 'SOPORTE', 'precio': 4008.75, 'volumen': 108.15899999999999}",4018.16,0.145,4019.60937931,0.0,"[{""side"": ""BUY"", ""price"": ""4010.45"", ""qty"": ""0.024"", ""reduceOnly"": false}, {""side"": ""BUY"", ""price"": ""4004.42"", ""qty"": ""0.024"", ""reduceOnly"": false}, {""side"": ""BUY"", ""price"": ""4007.43"", ""qty"": ""0.024"", ""reduceOnly"": false}, {""side"": ""SELL"", ""price"": ""4031.67"", ""qty"": ""0.145"", ""reduceOnly"": true}, {""side"": ""BUY"", ""price"": ""4013.46"", ""qty"": ""0.024"", ""reduceOnly"": false}, {""side"": ""SELL"", ""price"": ""0"", ""qty"": ""0"", ""reduceOnly"": true}]","[{""price"": ""4031.67"", ""qty"": ""0.145"", ""clientOrderId"": ""TP_AUTO_TP_1759015946501""}, {""price"": ""0"", ""qty"": ""0"", ""clientOrderId"": ""x-Cb7ytekJ6168545900122b722b6243""}]",3818.63,v1,ETHUSDT
2025-09-27T23:35:27.445181+00:00,"{'tipo': 'SOPORTE', 'precio': 4008.75, 'volumen': 108.15899999999999}",4018.15,0.145,4019.60937931,0.0,"[{""side"": ""SELL"", ""price"": ""0"", ""qty"": ""0"", ""reduceOnly"": true}, {""side"": ""BUY"", ""price"": ""4006.11"", ""qty"": ""0.024"", ""reduceOnly"": false}, {""side"": ""BUY"", ""price"": ""4015.15"", ""qty"": ""0.024"", ""reduceOnly"": false}, {""side"": ""SELL"", ""price"": ""4031.67"", ""qty"": ""0.145"", ""reduceOnly"": true}, {""side"": ""BUY"", ""price"": ""4009.12"", ""qty"": ""0.024"", ""reduceOnly"": false}, {""side"": ""BUY"", ""price"": ""4012.13"", ""qty"": ""0.024"", ""reduceOnly"": false}]","[{""price"": ""0"", ""qty"": ""0"", ""clientOrderId"": ""x-Cb7ytekJc6f346a77e34d0480935a3""}, {""price"": ""4031.67"", ""qty"": ""0.145"", ""clientOrderId"": ""TP_AUTO_TP_1759016126526""}]",3818.63,v1,ETHUSDT
2025-09-27T23:38:24.008660+00:00,"{'tipo': 'SOPORTE', 'precio': 200.0, 'volumen': 202.355}",4016.51,0.145,4019.60937931,0.0,"[{""side"": ""SELL"", ""price"": ""0"", ""qty"": ""0"", ""reduceOnly"": true}, {""side"": ""BUY"", ""price"": ""4006.11"", ""qty"": ""0.024"", ""reduceOnly"": false}, {""side"": ""BUY"", ""price"": ""4015.15"", ""qty"": ""0.024"", ""reduceOnly"": false}, {""side"": ""SELL"", ""price"": ""4031.67"", ""qty"": ""0.145"", ""reduceOnly"": true}, {""side"": ""BUY"", ""price"": ""4009.12"", ""qty"": ""0.024"", ""reduceOnly"": false}, {""side"": ""BUY"", ""price"": ""4012.13"", ""qty"": ""0.024"", ""reduceOnly"": false}]","[{""price"": ""0"", ""qty"": ""0"", ""clientOrderId"": ""x-Cb7ytekJc6f346a77e34d0480935a3""}, {""price"": ""4031.67"", ""qty"": ""0.145"", ""clientOrderId"": ""TP_AUTO_TP_1759016126526""}]",3818.63,v1,ETHUSDT
2025-09-27T23:38:27.555432+00:00,"{'tipo': 'SOPORTE', 'precio': 200.0, 'volumen': 202.355}",4017.22,0.145,4019.60937931,0.0,"[{""side"": ""BUY"", ""price"": ""4013.50"", ""qty"": ""0.024"", ""reduceOnly"": false}, {""side"": ""BUY"", ""price"": ""4004.46"", ""qty"": ""0.024"", ""reduceOnly"": false}, {""side"": ""SELL"", ""price"": ""4031.67"", ""qty"": ""0.145"", ""reduceOnly"": true}, {""side"": ""SELL"", ""price"": ""0"", ""qty"": ""0"", ""reduceOnly"": true}, {""side"": ""BUY"", ""price"": ""4010.49"", ""qty"": ""0.024"", ""reduceOnly"": false}, {""side"": ""BUY"", ""price"": ""4007.47"", ""qty"": ""0.024"", ""reduceOnly"": false}]","[{""price"": ""4031.67"", ""qty"": ""0.145"", ""clientOrderId"": ""TP_AUTO_TP_1759016306644""}, {""price"": ""0"", ""qty"": ""0"", ""clientOrderId"": ""x-Cb7ytekJe519eca9c17e11c8b38584""}]",3818.63,v1,ETHUSDT
2025-09-27T23:41:24.005720+00:00,"{'tipo': 'SOPORTE', 'precio': 200.0, 'volumen': 1705.2069999999997}",4013.87,0.145,4019.60937931,0.0,"[{""side"": ""BUY"", ""price"": ""4013.50"", ""qty"": ""0.024"", ""reduceOnly"": false}, {""side"": ""BUY"", ""price"": ""4004.46"", ""qty"": ""0.024"", ""reduceOnly"": false}, {""side"": ""SELL"", ""price"": ""4031.67"", ""qty"": ""0.145"", ""reduceOnly"": true}, {""side"": ""SELL"", ""price"": ""0"", ""qty"": ""0"", ""reduceOnly"": true}, {""side"": ""BUY"", ""price"": ""4010.49"", ""qty"": ""0.024"", ""reduceOnly"": false}, {""side"": ""BUY"", ""price"": ""4007.47"", ""qty"": ""0.024"", ""reduceOnly"": false}]","[{""price"": ""4031.67"", ""qty"": ""0.145"", ""clientOrderId"": ""TP_AUTO_TP_1759016306644""}, {""price"": ""0"", ""qty"": ""0"", ""clientOrderId"": ""x-Cb7ytekJe519eca9c17e11c8b38584""}]",3818.63,v1,ETHUSDT
2025-09-27T23:41:27.553197+00:00,"{'tipo': 'SOPORTE', 'precio': 200.0, 'volumen': 1705.2069999999997}",4013.87,0.145,4019.60937931,0.0,"[{""side"": ""BUY"", ""price"": ""4001.83"", ""qty"": ""0.024"", ""reduceOnly"": false}, {""side"": ""SELL"", ""price"": ""0"", ""qty"": ""0"", ""reduceOnly"": true}, {""side"": ""BUY"", ""price"": ""4007.85"", ""qty"": ""0.024"", ""reduceOnly"": false}, {""side"": ""SELL"", ""price"": ""4031.67"", ""qty"": ""0.145"", ""reduceOnly"": true}, {""side"": ""BUY"", ""price"": ""4004.84"", ""qty"": ""0.024"", ""reduceOnly"": false}, {""side"": ""BUY"", ""price"": ""4010.86"", ""qty"": ""0.024"", ""reduceOnly"": false}]","[{""price"": ""0"", ""qty"": ""0"", ""clientOrderId"": ""x-Cb7ytekJ8f8c70dcf32afbe0f21bc3""}, {""price"": ""4031.67"", ""qty"": ""0.145"", ""clientOrderId"": ""TP_AUTO_TP_1759016486640""}]",3818.63,v1,ETHUSDT
2025-09-27T23:43:22.735718+00:00,,4014.71,0.145,4019.60937931,0.0,"[{""side"": ""BUY"", ""price"": ""4001.83"", ""qty"": ""0.024"", ""reduceOnly"": false}, {""side"": ""SELL"", ""price"": ""0"", ""qty"": ""0"", ""reduceOnly"": true}, {""side"": ""BUY"", ""price"": ""4007.85"", ""qty"": ""0.024"", ""reduceOnly"": false}, {""side"": ""SELL"", ""price"": ""4031.67"", ""qty"": ""0.145"", ""reduceOnly"": true}, {""side"": ""BUY"", ""price"": ""4004.84"", ""qty"": ""0.024"", ""reduceOnly"": false}, {""side"": ""BUY"", ""price"": ""4010.86"", ""qty"": ""0.024"", ""reduceOnly"": false}]","[{""price"": ""0"", ""qty"": ""0"", ""clientOrderId"": ""x-Cb7ytekJ8f8c70dcf32afbe0f21bc3""}, {""price"": ""4031.67"", ""qty"": ""0.145"", ""clientOrderId"": ""TP_AUTO_TP_1759016486640""}]",3818.63,v1,ETHUSDT
2025-09-27T23:43:25.980395+00:00,"{'tipo': 'SOPORTE', 'precio': 3962.4, 'volumen': 1477.1370000000002}",4014.7,0.145,4019.60937931,0.0,"[{""side"": ""BUY"", ""price"": ""4001.66"", ""qty"": ""0.024"", ""reduceOnly"": false}, {""side"": ""BUY"", ""price"": ""3995.14"", ""qty"": ""0.025"", ""reduceOnly"": false}, {""side"": ""SELL"", ""price"": ""4031.67"", ""qty"": ""0.145"", ""reduceOnly"": true}, {""side"": ""SELL"", ""price"": ""0"", ""qty"": ""0"", ""reduceOnly"": true}, {""side"": ""BUY"", ""price"": ""4008.19"", ""qty"": ""0.024"", ""reduceOnly"": false}]","[{""price"": ""4031.67"", ""qty"": ""0.145"", ""clientOrderId"": ""TP_AUTO_TP_1759016605066""}, {""price"": ""0"", ""qty"": ""0"", ""clientOrderId"": ""x-Cb7ytekJec251d620d97c36ec52e0e""}]",3818.63,v1,ETHUSDT
2025-09-27T23:44:23.148422+00:00,,4015.63,0.145,4019.60937931,0.0,"[{""side"": ""BUY"", ""price"": ""4001.66"", ""qty"": ""0.024"", ""reduceOnly"": false}, {""side"": ""BUY"", ""price"": ""3995.14"", ""qty"": ""0.025"", ""reduceOnly"": false}, {""side"": ""SELL"", ""price"": ""4031.67"", ""qty"": ""0.145"", ""reduceOnly"": true}, {""side"": ""SELL"", ""price"": ""0"", ""qty"": ""0"", ""reduceOnly"": true}, {""side"": ""BUY"", ""price"": ""4008.19"", ""qty"": ""0.024"", ""reduceOnly"": false}]","[{""price"": ""4031.67"", ""qty"": ""0.145"", ""clientOrderId"": ""TP_AUTO_TP_1759016605066""}, {""price"": ""0"", ""qty"": ""0"", ""clientOrderId"": ""x-Cb7ytekJec251d620d97c36ec52e0e""}]",3818.63,v1,ETHUSDT
2025-09-27T23:44:26.446066+00:00,"{'tipo': 'SOPORTE', 'precio': 200.0, 'volumen': 994.941}",4015.64,0.145,4019.60937931,0.0,"[{""side"": ""SELL"", ""price"": ""0"", ""qty"": ""0"", ""reduceOnly"": true}, {""side"": ""SELL"", ""price"": ""4031.67"", ""qty"": ""0.145"", ""reduceOnly"": true}, {""side"": ""BUY"", ""price"": ""4002.58"", ""qty"": ""0.024"", ""reduceOnly"": false}, {""side"": ""BUY"", ""price"": ""3996.05"", ""qty"": ""0.025"", ""reduceOnly"": false}, {""side"": ""BUY"", ""price"": ""4009.10"", ""qty"": ""0.024"", ""reduceOnly"": false}]","[{""price"": ""0"", ""qty"": ""0"", ""clientOrderId"": ""x-Cb7ytekJbb3855b30f1c8fa9289214""}, {""price"": ""4031.67"", ""qty"": ""0.145"", ""clientOrderId"": ""TP_AUTO_TP_1759016665513""}]",3818.63,v1,ETHUSDT
2025-09-27T23:44:53.241819+00:00,"{'tipo': 'SOPORTE', 'precio': 3955.71, 'volumen': 106.742}",4016.25,0.145,4019.60937931,0.0,"[{""side"": ""SELL"", ""price"": ""0"", ""qty"": ""0"", ""reduceOnly"": true}, {""side"": ""SELL"", ""price"": ""4031.67"", ""qty"": ""0.145"", ""reduceOnly"": true}, {""side"": ""BUY"", ""price"": ""4002.58"", ""qty"": ""0.024"", ""reduceOnly"": false}, {""side"": ""BUY"", ""price"": ""3996.05"", ""qty"": ""0.025"", ""reduceOnly"": false}, {""side"": ""BUY"", ""price"": ""4009.10"", ""qty"": ""0.024"", ""reduceOnly"": false}]","[{""price"": ""0"", ""qty"": ""0"", ""clientOrderId"": ""x-Cb7ytekJbb3855b30f1c8fa9289214""}, {""price"": ""4031.67"", ""qty"": ""0.145"", ""clientOrderId"": ""TP_AUTO_TP_1759016665513""}]",3818.63,v1,ETHUSDT
2025-09-27T23:44:56.806596+00:00,"{'tipo': 'SOPORTE', 'precio': 3955.71, 'volumen': 106.742}",4016.25,0.145,4019.60937931,0.0,"[{""side"": ""BUY"", ""price"": ""4013.24"", ""qty"": ""0.024"", ""reduceOnly"": false}, {""side"": ""BUY"", ""price"": ""4010.23"", ""qty"": ""0.024"", ""reduceOnly"": false}, {""side"": ""SELL"", ""price"": ""4031.67"", ""qty"": ""0.145"", ""reduceOnly"": true}, {""side"": ""BUY"", ""price"": ""4004.20"", ""qty"": ""0.024"", ""reduceOnly"": false}, {""side"": ""SELL"", ""price"": ""0"", ""qty"": ""0"", ""reduceOnly"": true}, {""side"": ""BUY"", ""price"": ""4007.21"", ""qty"": ""0.024"", ""reduceOnly"": false}]","[{""price"": ""4031.67"", ""qty"": ""0.145"", ""clientOrderId"": ""TP_AUTO_TP_1759016695890""}, {""price"": ""0"", ""qty"": ""0"", ""clientOrderId"": ""x-Cb7ytekJ9eabd8dae59b8aaa40bca7""}]",3818.63,v1,ETHUSDT
2025-09-27T23:45:23.235078+00:00,"{'tipo': 'SOPORTE', 'precio': 3000.0, 'volumen': 2810.901}",4015.52,0.145,4019.60937931,0.0,"[{""side"": ""BUY"", ""price"": ""4013.24"", ""qty"": ""0.024"", ""reduceOnly"": false}, {""side"": ""BUY"", ""price"": ""4010.23"", ""qty"": ""0.024"", ""reduceOnly"": false}, {""side"": ""SELL"", ""price"": ""4031.67"", ""qty"": ""0.145"", ""reduceOnly"": true}, {""side"": ""BUY"", ""price"": ""4004.20"", ""qty"": ""0.024"", ""reduceOnly"": false}, {""side"": ""SELL"", ""price"": ""0"", ""qty"": ""0"", ""reduceOnly"": true}, {""side"": ""BUY"", ""price"": ""4007.21"", ""qty"": ""0.024"", ""reduceOnly"": false}]","[{""price"": ""4031.67"", ""qty"": ""0.145"", ""clientOrderId"": ""TP_AUTO_TP_1759016695890""}, {""price"": ""0"", ""qty"": ""0"", ""clientOrderId"": ""x-Cb7ytekJ9eabd8dae59b8aaa40bca7""}]",3818.63,v1,ETHUSDT
2025-09-27T23:45:26.783108+00:00,"{'tipo': 'SOPORTE', 'precio': 3000.0, 'volumen': 2810.901}",4015.27,0.145,4019.60937931,0.0,"[{""side"": ""BUY"", ""price"": ""4009.50"", ""qty"": ""0.024"", ""reduceOnly"": false}, {""side"": ""SELL"", ""price"": ""0"", ""qty"": ""0"", ""reduceOnly"": true}, {""side"": ""BUY"", ""price"": ""4012.51"", ""qty"": ""0.024"", ""reduceOnly"": false}, {""side"": ""BUY"", ""price"": ""4006.49"", ""qty"": ""0.024"", ""reduceOnly"": false}, {""side"": ""BUY"", ""price"": ""4003.47"", ""qty"": ""0.024"", ""reduceOnly"": false}, {""side"": ""SELL"", ""price"": ""4031.67"", ""qty"": ""0.145"", ""reduceOnly"": true}]","[{""price"": ""0"", ""qty"": ""0"", ""clientOrderId"": ""x-Cb7ytekJd20e209c161f006de1f50b""}, {""price"": ""4031.67"", ""qty"": ""0.145"", ""clientOrderId"": ""TP_AUTO_TP_1759016725861""}]",3818.63,v1,ETHUSDT
2025-09-27T23:45:53.327127+00:00,"{'tipo': 'SOPORTE', 'precio': 200.0, 'volumen': 1569.885}",4014.72,0.145,4019.60937931,0.0,"[{""side"": ""BUY"", ""price"": ""4009.50"", ""qty"": ""0.024"", ""reduceOnly"": false}, {""side"": ""SELL"", ""price"": ""0"", ""qty"": ""0"", ""reduceOnly"": true}, {""side"": ""BUY"", ""price"": ""4012.51"", ""qty"": ""0.024"", ""reduceOnly"": false}, {""side"": ""BUY"", ""price"": ""4006.49"", ""qty"": ""0.024"", ""reduceOnly"": false}, {""side"": ""BUY"", ""price"": ""4003.47"", ""qty"": ""0.024"", ""reduceOnly"": false}, {""side"": ""SELL"", ""price"": ""4031.67"", ""qty"": ""0.145"", ""reduceOnly"": true}]","[{""price"": ""0"", ""qty"": ""0"", ""clientOrderId"": ""x-Cb7ytekJd20e209c161f006de1f50b""}, {""price"": ""4031.67"", ""qty"": ""0.145"", ""clientOrderId"": ""TP_AUTO_TP_1759016725861""}]",3818.63,v1,ETHUSDT
2025-09-27T23:45:56.848027+00:00,"{'tipo': 'SOPORTE', 'precio': 200.0, 'volumen': 1569.885}",4014.72,0.145,4019.60937931,0.0,"[{""side"": ""BUY"", ""price"": ""4002.68"", ""qty"": ""0.024"", ""reduceOnly"": false}, {""side"": ""BUY"", ""price"": ""4008.70"", ""qty"": ""0.024"", ""reduceOnly"": false}, {""side"": ""BUY"", ""price"": ""4005.69"", ""qty"": ""0.024"", ""reduceOnly"": false}, {""side"": ""BUY"", ""price"": ""4011.71"", ""qty"": ""0.024"", ""reduceOnly"": false}, {""side"": ""SELL"", ""price"": ""4031.67"", ""qty"": ""0.145"", ""reduceOnly"": true}, {""side"": ""SELL"", ""price"": ""0"", ""qty"": ""0"", ""reduceOnly"": true}]","[{""price"": ""4031.67"", ""qty"": ""0.145"", ""clientOrderId"": ""TP_AUTO_TP_1759016755932""}, {""price"": ""0"", ""qty"": ""0"", ""clientOrderId"": ""x-Cb7ytekJ67168f96ffd239113fb17f""}]",3818.63,v1,ETHUSDT
2025-09-27T23:46:23.366746+00:00,"{'tipo': 'SOPORTE', 'precio': 200.0, 'volumen': 1568.6459999999997}",4015.4,0.145,4019.60937931,0.0,"[{""side"": ""BUY"", ""price"": ""4002.68"", ""qty"": ""0.024"", ""reduceOnly"": false}, {""side"": ""BUY"", ""price"": ""4008.70"", ""qty"": ""0.024"", ""reduceOnly"": false}, {""side"": ""BUY"", ""price"": ""4005.69"", ""qty"": ""0.024"", ""reduceOnly"": false}, {""side"": ""BUY"", ""price"": ""4011.71"", ""qty"": ""0.024"", ""reduceOnly"": false}, {""side"": ""SELL"", ""price"": ""4031.67"", ""qty"": ""0.145"", ""reduceOnly"": true}, {""side"": ""SELL"", ""price"": ""0"", ""qty"": ""0"", ""reduceOnly"": true}]","[{""price"": ""4031.67"", ""qty"": ""0.145"", ""clientOrderId"": ""TP_AUTO_TP_1759016755932""}, {""price"": ""0"", ""qty"": ""0"", ""clientOrderId"": ""x-Cb7ytekJ67168f96ffd239113fb17f""}]",3818.63,v1,ETHUSDT
2025-09-27T23:46:26.968352+00:00,"{'tipo': 'SOPORTE', 'precio': 200.0, 'volumen': 1568.6459999999997}",4015.25,0.145,4019.60937931,0.0,"[{""side"": ""BUY"", ""price"": ""4006.37"", ""qty"": ""0.024"", ""reduceOnly"": false}, {""side"": ""SELL"", ""price"": ""4031.67"", ""qty"": ""0.145"", ""reduceOnly"": true}, {""side"": ""BUY"", ""price"": ""4003.35"", ""qty"": ""0.024"", ""reduceOnly"": false}, {""side"": ""SELL"", ""price"": ""0"", ""qty"": ""0"", ""reduceOnly"": true}, {""side"": ""BUY"", ""price"": ""4012.39"", ""qty"": ""0.024"", ""reduceOnly"": false}, {""side"": ""BUY"", ""price"": ""4009.38"", ""qty"": ""0.024"", ""reduceOnly"": false}]","[{""price"": ""4031.67"", ""qty"": ""0.145"", ""clientOrderId"": ""TP_AUTO_TP_1759016786051""}, {""price"": ""0"", ""qty"": ""0"", ""clientOrderId"": ""x-Cb7ytekJ295fa21320a253256a3c27""}]",3818.63,v1,ETHUSDT
2025-09-27T23:46:53.395241+00:00,"{'tipo': 'SOPORTE', 'precio': 200.0, 'volumen': 110.09400000000001}",4015.36,0.145,4019.60937931,0.0,"[{""side"": ""BUY"", ""price"": ""4006.37"", ""qty"": ""0.024"", ""reduceOnly"": false}, {""side"": ""SELL"", ""price"": ""4031.67"", ""qty"": ""0.145"", ""reduceOnly"": true}, {""side"": ""BUY"", ""price"": ""4003.35"", ""qty"": ""0.024"", ""reduceOnly"": false}, {""side"": ""SELL"", ""price"": ""0"", ""qty"": ""0"", ""reduceOnly"": true}, {""side"": ""BUY"", ""price"": ""4012.39"", ""qty"": ""0.024"", ""reduceOnly"": false}, {""side"": ""BUY"", ""price"": ""4009.38"", ""qty"": ""0.024"", ""reduceOnly"": false}]","[{""price"": ""4031.67"", ""qty"": ""0.145"", ""clientOrderId"": ""TP_AUTO_TP_1759016786051""}, {""price"": ""0"", ""qty"": ""0"", ""clientOrderId"": ""x-Cb7ytekJ295fa21320a253256a3c27""}]",3818.63,v1,ETHUSDT
2025-09-27T23:46:57.621236+00:00,"{'tipo': 'SOPORTE', 'precio': 200.0, 'volumen': 110.09400000000001}",4015.36,0.145,4019.60937931,0.0,"[{""side"": ""BUY"", ""price"": ""4009.34"", ""qty"": ""0.024"", ""reduceOnly"": false}, {""side"": ""BUY"", ""price"": ""4003.31"", ""qty"": ""0.024"", ""reduceOnly"": false}, {""side"": ""SELL"", ""price"": ""0"", ""qty"": ""0"", ""reduceOnly"": true}, {""side"": ""BUY"", ""price"": ""4006.33"", ""qty"": ""0.024"", ""reduceOnly"": false}, {""side"": ""BUY"", ""price"": ""4012.35"", ""qty"": ""0.024"", ""reduceOnly"": false}, {""side"": ""SELL"", ""price"": ""4031.67"", ""qty"": ""0.145"", ""reduceOnly"": true}]","[{""price"": ""0"", ""qty"": ""0"", ""clientOrderId"": ""x-Cb7ytekJa35800620b234d7beecf23""}, {""price"": ""4031.67"", ""qty"": ""0.145"", ""clientOrderId"": ""TP_AUTO_TP_1759016816029""}]",3818.63,v1,ETHUSDT
2025-09-27T23:47:23.475259+00:00,"{'tipo': 'SOPORTE', 'precio': 200.0, 'volumen': 625.327}",4016.54,0.145,4019.60937931,0.0,"[{""side"": ""BUY"", ""price"": ""4009.34"", ""qty"": ""0.024"", ""reduceOnly"": false}, {""side"": ""BUY"", ""price"": ""4003.31"", ""qty"": ""0.024"", ""reduceOnly"": false}, {""side"": ""SELL"", ""price"": ""0"", ""qty"": ""0"", ""reduceOnly"": true}, {""side"": ""BUY"", ""price"": ""4006.33"", ""qty"": ""0.024"", ""reduceOnly"": false}, {""side"": ""BUY"", ""price"": ""4012.35"", ""qty"": ""0.024"", ""reduceOnly"": false}, {""side"": ""SELL"", ""price"": ""4031.67"", ""qty"": ""0.145"", ""reduceOnly"": true}]","[{""price"": ""0"", ""qty"": ""0"", ""clientOrderId"": ""x-Cb7ytekJa35800620b234d7beecf23""}, {""price"": ""4031.67"", ""qty"": ""0.145"", ""clientOrderId"": ""TP_AUTO_TP_1759016816029""}]",3818.63,v1,ETHUSDT
2025-09-27T23:47:27.498580+00:00,"{'tipo': 'SOPORTE', 'precio': 3000.0, 'volumen': 1575.6519999999998}",4016.55,0.145,4019.60937931,0.0,"[{""side"": ""SELL"", ""price"": ""0"", ""qty"": ""0"", ""reduceOnly"": true}, {""side"": ""BUY"", ""price"": ""4004.49"", ""qty"": ""0.024"", ""reduceOnly"": false}, {""side"": ""BUY"", ""price"": ""4013.53"", ""qty"": ""0.024"", ""reduceOnly"": false}, {""side"": ""BUY"", ""price"": ""4010.52"", ""qty"": ""0.024"", ""reduceOnly"": false}, {""side"": ""SELL"", ""price"": ""4031.67"", ""qty"": ""0.145"", ""reduceOnly"": true}, {""side"": ""BUY"", ""price"": ""4007.50"", ""qty"": ""0.024"", ""reduceOnly"": false}]","[{""price"": ""0"", ""qty"": ""0"", ""clientOrderId"": ""x-Cb7ytekJbae59d8c4dd0902a151274""}, {""price"": ""4031.67"", ""qty"": ""0.145"", ""clientOrderId"": ""TP_AUTO_TP_1759016846569""}]",3818.63,v1,ETHUSDT
2025-09-27T23:47:53.486608+00:00,"{'tipo': 'SOPORTE', 'precio': 3000.0, 'volumen': 1685.18}",4015.46,0.145,4019.60937931,0.0,"[{""side"": ""SELL"", ""price"": ""0"", ""qty"": ""0"", ""reduceOnly"": true}, {""side"": ""BUY"", ""price"": ""4004.49"", ""qty"": ""0.024"", ""reduceOnly"": false}, {""side"": ""BUY"", ""price"": ""4013.53"", ""qty"": ""0.024"", ""reduceOnly"": false}, {""side"": ""BUY"", ""price"": ""4010.52"", ""qty"": ""0.024"", ""reduceOnly"": false}, {""side"": ""SELL"", ""price"": ""4031.67"", ""qty"": ""0.145"", ""reduceOnly"": true}, {""side"": ""BUY"", ""price"": ""4007.50"", ""qty"": ""0.024"", ""reduceOnly"": false}]","[{""price"": ""0"", ""qty"": ""0"", ""clientOrderId"": ""x-Cb7ytekJbae59d8c4dd0902a151274""}, {""price"": ""4031.67"", ""qty"": ""0.145"", ""clientOrderId"": ""TP_AUTO_TP_1759016846569""}]",3818.63,v1,ETHUSDT
2025-09-27T23:47:57.055351+00:00,"{'tipo': 'SOPORTE', 'precio': 3000.0, 'volumen': 1685.18}",0.0,0.145,4019.60937931,0.0,"[{""side"": ""SELL"", ""price"": ""4031.67"", ""qty"": ""0.145"", ""reduceOnly"": true}, {""side"": ""SELL"", ""price"": ""0"", ""qty"": ""0"", ""reduceOnly"": true}, {""side"": ""BUY"", ""price"": ""4009.44"", ""qty"": ""0.024"", ""reduceOnly"": false}, {""side"": ""BUY"", ""price"": ""4003.41"", ""qty"": ""0.024"", ""reduceOnly"": false}, {""side"": ""BUY"", ""price"": ""4006.43"", ""qty"": ""0.024"", ""reduceOnly"": false}, {""side"": ""BUY"", ""price"": ""4012.45"", ""qty"": ""0.024"", ""reduceOnly"": false}]","[{""price"": ""4031.67"", ""qty"": ""0.145"", ""clientOrderId"": ""TP_AUTO_TP_1759016876141""}, {""price"": ""0"", ""qty"": ""0"", ""clientOrderId"": ""x-Cb7ytekJ882d8a4cf714dd6c966199""}]",3818.63,v1,ETHUSDT
2025-09-27T23:48:23.560354+00:00,"{'tipo': 'SOPORTE', 'precio': 4014.59, 'volumen': 109.409}",4015.8,0.145,4019.60937931,0.0,"[{""side"": ""SELL"", ""price"": ""4031.67"", ""qty"": ""0.145"", ""reduceOnly"": true}, {""side"": ""SELL"", ""price"": ""0"", ""qty"": ""0"", ""reduceOnly"": true}, {""side"": ""BUY"", ""price"": ""4009.44"", ""qty"": ""0.024"", ""reduceOnly"": false}, {""side"": ""BUY"", ""price"": ""4003.41"", ""qty"": ""0.024"", ""reduceOnly"": false}, {""side"": ""BUY"", ""price"": ""4006.43"", ""qty"": ""0.024"", ""reduceOnly"": false}, {""side"": ""BUY"", ""price"": ""4012.45"", ""qty"": ""0.024"", ""reduceOnly"": false}]","[{""price"": ""4031.67"", ""qty"": ""0.145"", ""clientOrderId"": ""TP_AUTO_TP_1759016876141""}, {""price"": ""0"", ""qty"": ""0"", ""clientOrderId"": ""x-Cb7ytekJ882d8a4cf714dd6c966199""}]",3818.63,v1,ETHUSDT
2025-09-27T23:48:27.129264+00:00,"{'tipo': 'SOPORTE', 'precio': 4014.59, 'volumen': 109.409}",0.0,0.145,4019.60937931,0.0,"[{""side"": ""BUY"", ""price"": ""4009.78"", ""qty"": ""0.024"", ""reduceOnly"": false}, {""side"": ""SELL"", ""price"": ""4031.67"", ""qty"": ""0.145"", ""reduceOnly"": true}, {""side"": ""BUY"", ""price"": ""4006.76"", ""qty"": ""0.024"", ""reduceOnly"": false}, {""side"": ""BUY"", ""price"": ""4003.75"", ""qty"": ""0.024"", ""reduceOnly"": false}, {""side"": ""SELL"", ""price"": ""0"", ""qty"": ""0"", ""reduceOnly"": true}, {""side"": ""BUY"", ""price"": ""4012.79"", ""qty"": ""0.024"", ""reduceOnly"": false}]","[{""price"": ""4031.67"", ""qty"": ""0.145"", ""clientOrderId"": ""TP_AUTO_TP_1759016906211""}, {""price"": ""0"", ""qty"": ""0"", ""clientOrderId"": ""x-Cb7ytekJd6f5ee0d0de17e933a9054""}]",3818.63,v1,ETHUSDT
2025-09-27T23:48:53.579437+00:00,"{'tipo': 'SOPORTE', 'precio': 200.0, 'volumen': 1546.609}",4015.39,0.145,4019.60937931,0.0,"[{""side"": ""BUY"", ""price"": ""4009.78"", ""qty"": ""0.024"", ""reduceOnly"": false}, {""side"": ""SELL"", ""price"": ""4031.67"", ""qty"": ""0.145"", ""reduceOnly"": true}, {""side"": ""BUY"", ""price"": ""4006.76"", ""qty"": ""0.024"", ""reduceOnly"": false}, {""side"": ""BUY"", ""price"": ""4003.75"", ""qty"": ""0.024"", ""reduceOnly"": false}, {""side"": ""SELL"", ""price"": ""0"", ""qty"": ""0"", ""reduceOnly"": true}, {""side"": ""BUY"", ""price"": ""4012.79"", ""qty"": ""0.024"", ""reduceOnly"": false}]","[{""price"": ""4031.67"", ""qty"": ""0.145"", ""clientOrderId"": ""TP_AUTO_TP_1759016906211""}, {""price"": ""0"", ""qty"": ""0"", ""clientOrderId"": ""x-Cb7ytekJd6f5ee0d0de17e933a9054""}]",3818.63,v1,ETHUSDT
2025-09-27T23:48:57.142299+00:00,"{'tipo': 'SOPORTE', 'precio': 200.0, 'volumen': 1546.609}",0.0,0.145,4019.60937931,0.0,"[{""side"": ""BUY"", ""price"": ""4012.38"", ""qty"": ""0.024"", ""reduceOnly"": false}, {""side"": ""BUY"", ""price"": ""4006.36"", ""qty"": ""0.024"", ""reduceOnly"": false}, {""side"": ""BUY"", ""price"": ""4009.37"", ""qty"": ""0.024"", ""reduceOnly"": false}, {""side"": ""SELL"", ""price"": ""0"", ""qty"": ""0"", ""reduceOnly"": true}, {""side"": ""BUY"", ""price"": ""4003.34"", ""qty"": ""0.024"", ""reduceOnly"": false}, {""side"": ""SELL"", ""price"": ""4031.67"", ""qty"": ""0.145"", ""reduceOnly"": true}]","[{""price"": ""0"", ""qty"": ""0"", ""clientOrderId"": ""x-Cb7ytekJf6c35a88a768ecb06b8211""}, {""price"": ""4031.67"", ""qty"": ""0.145"", ""clientOrderId"": ""TP_AUTO_TP_1759016936223""}]",3818.63,v1,ETHUSDT
2025-09-27T23:49:23.745323+00:00,"{'tipo': 'SOPORTE', 'precio': 200.0, 'volumen': 779.858}",4015.59,0.145,4019.60937931,0.0,"[{""side"": ""BUY"", ""price"": ""4012.38"", ""qty"": ""0.024"", ""reduceOnly"": false}, {""side"": ""BUY"", ""price"": ""4006.36"", ""qty"": ""0.024"", ""reduceOnly"": false}, {""side"": ""BUY"", ""price"": ""4009.37"", ""qty"": ""0.024"", ""reduceOnly"": false}, {""side"": ""SELL"", ""price"": ""0"", ""qty"": ""0"", ""reduceOnly"": true}, {""side"": ""BUY"", ""price"": ""4003.34"", ""qty"": ""0.024"", ""reduceOnly"": false}, {""side"": ""SELL"", ""price"": ""4031.67"", ""qty"": ""0.145"", ""reduceOnly"": true}]","[{""price"": ""0"", ""qty"": ""0"", ""clientOrderId"": ""x-Cb7ytekJf6c35a88a768ecb06b8211""}, {""price"": ""4031.67"", ""qty"": ""0.145"", ""clientOrderId"": ""TP_AUTO_TP_1759016936223""}]",3818.63,v1,ETHUSDT
2025-09-27T23:49:27.363579+00:00,"{'tipo': 'SOPORTE', 'precio': 200.0, 'volumen': 779.858}",4015.59,0.145,4019.60937931,0.0,"[{""side"": ""BUY"", ""price"": ""4009.57"", ""qty"": ""0.024"", ""reduceOnly"": false}, {""side"": ""BUY"", ""price"": ""4006.55"", ""qty"": ""0.024"", ""reduceOnly"": false}, {""side"": ""BUY"", ""price"": ""4003.54"", ""qty"": ""0.024"", ""reduceOnly"": false}, {""side"": ""BUY"", ""price"": ""4012.58"", ""qty"": ""0.024"", ""reduceOnly"": false}, {""side"": ""SELL"", ""price"": ""0"", ""qty"": ""0"", ""reduceOnly"": true}, {""side"": ""SELL"", ""price"": ""4031.67"", ""qty"": ""0.145"", ""reduceOnly"": true}]","[{""price"": ""0"", ""qty"": ""0"", ""clientOrderId"": ""x-Cb7ytekJba2df7d424a707bb79e5d1""}, {""price"": ""4031.67"", ""qty"": ""0.145"", ""clientOrderId"": ""TP_AUTO_TP_1759016966449""}]",3818.63,v1,ETHUSDT
2025-09-27T23:49:53.661889+00:00,DUMP,4015.0,0.145,4019.60937931,0.0,"[{""side"": ""BUY"", ""price"": ""4009.57"", ""qty"": ""0.024"", ""reduceOnly"": false}, {""side"": ""BUY"", ""price"": ""4006.55"", ""qty"": ""0.024"", ""reduceOnly"": false}, {""side"": ""BUY"", ""price"": ""4003.54"", ""qty"": ""0.024"", ""reduceOnly"": false}, {""side"": ""BUY"", ""price"": ""4012.58"", ""qty"": ""0.024"", ""reduceOnly"": false}, {""side"": ""SELL"", ""price"": ""0"", ""qty"": ""0"", ""reduceOnly"": true}, {""side"": ""SELL"", ""price"": ""4031.67"", ""qty"": ""0.145"", ""reduceOnly"": true}]","[{""price"": ""0"", ""qty"": ""0"", ""clientOrderId"": ""x-Cb7ytekJba2df7d424a707bb79e5d1""}, {""price"": ""4031.67"", ""qty"": ""0.145"", ""clientOrderId"": ""TP_AUTO_TP_1759016966449""}]",3818.63,v1,ETHUSDT
2025-09-27T23:49:56.877587+00:00,DUMP,0.0,0.145,4019.60937931,0.0,"[{""side"": ""BUY"", ""price"": ""3984.89"", ""qty"": ""0.025"", ""reduceOnly"": false}, {""side"": ""SELL"", ""price"": ""0"", ""qty"": ""0"", ""reduceOnly"": true}, {""side"": ""BUY"", ""price"": ""3994.93"", ""qty"": ""0.025"", ""reduceOnly"": false}, {""side"": ""SELL"", ""price"": ""4031.67"", ""qty"": ""0.145"", ""reduceOnly"": true}, {""side"": ""BUY"", ""price"": ""4004.96"", ""qty"": ""0.024"", ""reduceOnly"": false}]","[{""price"": ""0"", ""qty"": ""0"", ""clientOrderId"": ""x-Cb7ytekJa94a186a1a7522f4c6f124""}, {""price"": ""4031.67"", ""qty"": ""0.145"", ""clientOrderId"": ""TP_AUTO_TP_1759016995958""}]",3818.63,v1,ETHUSDT
2025-09-27T23:50:23.697390+00:00,"{'tipo': 'SOPORTE', 'precio': 200.0, 'volumen': 196.314}",4015.32,0.145,4019.60937931,0.0,"[{""side"": ""BUY"", ""price"": ""3984.89"", ""qty"": ""0.025"", ""reduceOnly"": false}, {""side"": ""SELL"", ""price"": ""0"", ""qty"": ""0"", ""reduceOnly"": true}, {""side"": ""BUY"", ""price"": ""3994.93"", ""qty"": ""0.025"", ""reduceOnly"": false}, {""side"": ""SELL"", ""price"": ""4031.67"", ""qty"": ""0.145"", ""reduceOnly"": true}, {""side"": ""BUY"", ""price"": ""4004.96"", ""qty"": ""0.024"", ""reduceOnly"": false}]","[{""price"": ""0"", ""qty"": ""0"", ""clientOrderId"": ""x-Cb7ytekJa94a186a1a7522f4c6f124""}, {""price"": ""4031.67"", ""qty"": ""0.145"", ""clientOrderId"": ""TP_AUTO_TP_1759016995958""}]",3818.63,v1,ETHUSDT
2025-09-27T23:50:27.245154+00:00,"{'tipo': 'SOPORTE', 'precio': 200.0, 'volumen': 196.314}",4015.32,0.145,4019.60937931,0.0,"[{""side"": ""BUY"", ""price"": ""4003.27"", ""qty"": ""0.024"", ""reduceOnly"": false}, {""side"": ""BUY"", ""price"": ""4012.31"", ""qty"": ""0.024"", ""reduceOnly"": false}, {""side"": ""SELL"", ""price"": ""0"", ""qty"": ""0"", ""reduceOnly"": true}, {""side"": ""BUY"", ""price"": ""4006.29"", ""qty"": ""0.024"", ""reduceOnly"": false}, {""side"": ""BUY"", ""price"": ""4009.30"", ""qty"": ""0.024"", ""reduceOnly"": false}, {""side"": ""SELL"", ""price"": ""4031.67"", ""qty"": ""0.145"", ""reduceOnly"": true}]","[{""price"": ""0"", ""qty"": ""0"", ""clientOrderId"": ""x-Cb7ytekJb1780b965fc58fbb08e40f""}, {""price"": ""4031.67"", ""qty"": ""0.145"", ""clientOrderId"": ""TP_AUTO_TP_1759017026326""}]",3818.63,v1,ETHUSDT
2025-09-27T23:50:53.750466+00:00,"{'tipo': 'SOPORTE', 'precio': 200.0, 'volumen': 1649.6219999999998}",4015.32,0.145,4019.60937931,0.0,"[{""side"": ""BUY"", ""price"": ""4003.27"", ""qty"": ""0.024"", ""reduceOnly"": false}, {""side"": ""BUY"", ""price"": ""4012.31"", ""qty"": ""0.024"", ""reduceOnly"": false}, {""side"": ""SELL"", ""price"": ""0"", ""qty"": ""0"", ""reduceOnly"": true}, {""side"": ""BUY"", ""price"": ""4006.29"", ""qty"": ""0.024"", ""reduceOnly"": false}, {""side"": ""BUY"", ""price"": ""4009.30"", ""qty"": ""0.024"", ""reduceOnly"": false}, {""side"": ""SELL"", ""price"": ""4031.67"", ""qty"": ""0.145"", ""reduceOnly"": true}]","[{""price"": ""0"", ""qty"": ""0"", ""clientOrderId"": ""x-Cb7ytekJb1780b965fc58fbb08e40f""}, {""price"": ""4031.67"", ""qty"": ""0.145"", ""clientOrderId"": ""TP_AUTO_TP_1759017026326""}]",3818.63,v1,ETHUSDT
2025-09-27T23:50:57.351301+00:00,"{'tipo': 'SOPORTE', 'precio': 3613.79, 'volumen': 402.192}",4015.32,0.145,4019.60937931,0.0,"[{""side"": ""BUY"", ""price"": ""4009.30"", ""qty"": ""0.024"", ""reduceOnly"": false}, {""side"": ""BUY"", ""price"": ""4003.27"", ""qty"": ""0.024"", ""reduceOnly"": false}, {""side"": ""SELL"", ""price"": ""0"", ""qty"": ""0"", ""reduceOnly"": true}, {""side"": ""BUY"", ""price"": ""4012.31"", ""qty"": ""0.024"", ""reduceOnly"": false}, {""side"": ""SELL"", ""price"": ""4031.67"", ""qty"": ""0.145"", ""reduceOnly"": true}, {""side"": ""BUY"", ""price"": ""4006.29"", ""qty"": ""0.024"", ""reduceOnly"": false}]","[{""price"": ""0"", ""qty"": ""0"", ""clientOrderId"": ""x-Cb7ytekJ7705b9f69426e124337870""}, {""price"": ""4031.67"", ""qty"": ""0.145"", ""clientOrderId"": ""TP_AUTO_TP_1759017056396""}]",3818.63,v1,ETHUSDT
2025-09-27T23:51:23.808005+00:00,DUMP,4017.55,0.145,4019.60937931,0.0,"[{""side"": ""BUY"", ""price"": ""4009.30"", ""qty"": ""0.024"", ""reduceOnly"": false}, {""side"": ""BUY"", ""price"": ""4003.27"", ""qty"": ""0.024"", ""reduceOnly"": false}, {""side"": ""SELL"", ""price"": ""0"", ""qty"": ""0"", ""reduceOnly"": true}, {""side"": ""BUY"", ""price"": ""4012.31"", ""qty"": ""0.024"", ""reduceOnly"": false}, {""side"": ""SELL"", ""price"": ""4031.67"", ""qty"": ""0.145"", ""reduceOnly"": true}, {""side"": ""BUY"", ""price"": ""4006.29"", ""qty"": ""0.024"", ""reduceOnly"": false}]","[{""price"": ""0"", ""qty"": ""0"", ""clientOrderId"": ""x-Cb7ytekJ7705b9f69426e124337870""}, {""price"": ""4031.67"", ""qty"": ""0.145"", ""clientOrderId"": ""TP_AUTO_TP_1759017056396""}]",3818.63,v1,ETHUSDT
2025-09-27T23:51:27.079679+00:00,DUMP,4018.79,0.145,4019.60937931,0.0,"[{""side"": ""BUY"", ""price"": ""3987.42"", ""qty"": ""0.025"", ""reduceOnly"": false}, {""side"": ""BUY"", ""price"": ""4007.51"", ""qty"": ""0.024"", ""reduceOnly"": false}, {""side"": ""SELL"", ""price"": ""0"", ""qty"": ""0"", ""reduceOnly"": true}, {""side"": ""SELL"", ""price"": ""4031.67"", ""qty"": ""0.145"", ""reduceOnly"": true}, {""side"": ""BUY"", ""price"": ""3997.46"", ""qty"": ""0.025"", ""reduceOnly"": false}]","[{""price"": ""0"", ""qty"": ""0"", ""clientOrderId"": ""x-Cb7ytekJaba140a417817e9d00b608""}, {""price"": ""4031.67"", ""qty"": ""0.145"", ""clientOrderId"": ""TP_AUTO_TP_1759017086152""}]",3818.63,v1,ETHUSDT
2025-09-27T23:51:53.814992+00:00,"{'tipo': 'SOPORTE', 'precio': 200.0, 'volumen': 1573.844}",4018.48,0.145,4019.60937931,0.0,"[{""side"": ""BUY"", ""price"": ""3987.42"", ""qty"": ""0.025"", ""reduceOnly"": false}, {""side"": ""BUY"", ""price"": ""4007.51"", ""qty"": ""0.024"", ""reduceOnly"": false}, {""side"": ""SELL"", ""price"": ""0"", ""qty"": ""0"", ""reduceOnly"": true}, {""side"": ""SELL"", ""price"": ""4031.67"", ""qty"": ""0.145"", ""reduceOnly"": true}, {""side"": ""BUY"", ""price"": ""3997.46"", ""qty"": ""0.025"", ""reduceOnly"": false}]","[{""price"": ""0"", ""qty"": ""0"", ""clientOrderId"": ""x-Cb7ytekJaba140a417817e9d00b608""}, {""price"": ""4031.67"", ""qty"": ""0.145"", ""clientOrderId"": ""TP_AUTO_TP_1759017086152""}]",3818.63,v1,ETHUSDT
2025-09-27T23:51:57.368849+00:00,"{'tipo': 'SOPORTE', 'precio': 200.0, 'volumen': 1573.844}",4018.48,0.145,4019.60937931,0.0,"[{""side"": ""SELL"", ""price"": ""0"", ""qty"": ""0"", ""reduceOnly"": true}, {""side"": ""BUY"", ""price"": ""4009.44"", ""qty"": ""0.024"", ""reduceOnly"": false}, {""side"": ""SELL"", ""price"": ""4031.67"", ""qty"": ""0.145"", ""reduceOnly"": true}, {""side"": ""BUY"", ""price"": ""4006.42"", ""qty"": ""0.024"", ""reduceOnly"": false}, {""side"": ""BUY"", ""price"": ""4015.47"", ""qty"": ""0.024"", ""reduceOnly"": false}, {""side"": ""BUY"", ""price"": ""4012.45"", ""qty"": ""0.024"", ""reduceOnly"": false}]","[{""price"": ""0"", ""qty"": ""0"", ""clientOrderId"": ""x-Cb7ytekJ9c940015e80d8e2030551f""}, {""price"": ""4031.67"", ""qty"": ""0.145"", ""clientOrderId"": ""TP_AUTO_TP_1759017116451""}]",3818.63,v1,ETHUSDT
2025-09-27T23:52:23.835936+00:00,"{'tipo': 'SOPORTE', 'precio': 200.0, 'volumen': 1775.7009999999998}",4018.49,0.145,4019.60937931,0.0,"[{""side"": ""SELL"", ""price"": ""0"", ""qty"": ""0"", ""reduceOnly"": true}, {""side"": ""BUY"", ""price"": ""4009.44"", ""qty"": ""0.024"", ""reduceOnly"": false}, {""side"": ""SELL"", ""price"": ""4031.67"", ""qty"": ""0.145"", ""reduceOnly"": true}, {""side"": ""BUY"", ""price"": ""4006.42"", ""qty"": ""0.024"", ""reduceOnly"": false}, {""side"": ""BUY"", ""price"": ""4015.47"", ""qty"": ""0.024"", ""reduceOnly"": false}, {""side"": ""BUY"", ""price"": ""4012.45"", ""qty"": ""0.024"", ""reduceOnly"": false}]","[{""price"": ""0"", ""qty"": ""0"", ""clientOrderId"": ""x-Cb7ytekJ9c940015e80d8e2030551f""}, {""price"": ""4031.67"", ""qty"": ""0.145"", ""clientOrderId"": ""TP_AUTO_TP_1759017116451""}]",3818.63,v1,ETHUSDT
2025-09-27T23:52:27.381699+00:00,"{'tipo': 'SOPORTE', 'precio': 200.0, 'volumen': 1775.7009999999998}",4018.49,0.145,4019.60937931,0.0,"[{""side"": ""BUY"", ""price"": ""4006.43"", ""qty"": ""0.024"", ""reduceOnly"": false}, {""side"": ""BUY"", ""price"": ""4015.48"", ""qty"": ""0.024"", ""reduceOnly"": false}, {""side"": ""SELL"", ""price"": ""4031.67"", ""qty"": ""0.145"", ""reduceOnly"": true}, {""side"": ""BUY"", ""price"": ""4009.45"", ""qty"": ""0.024"", ""reduceOnly"": false}, {""side"": ""SELL"", ""price"": ""0"", ""qty"": ""0"", ""reduceOnly"": true}, {""side"": ""BUY"", ""price"": ""4012.46"", ""qty"": ""0.024"", ""reduceOnly"": false}]","[{""price"": ""4031.67"", ""qty"": ""0.145"", ""clientOrderId"": ""TP_AUTO_TP_1759017146472""}, {""price"": ""0"", ""qty"": ""0"", ""clientOrderId"": ""x-Cb7ytekJ9b91f30d05c4ec4e14e9c2""}]",3818.63,v1,ETHUSDT
2025-09-27T23:52:54.106394+00:00,"{'tipo': 'SOPORTE', 'precio': 3000.0, 'volumen': 1598.872}",4019.34,0.145,4019.60937931,0.0,"[{""side"": ""BUY"", ""price"": ""4006.43"", ""qty"": ""0.024"", ""reduceOnly"": false}, {""side"": ""BUY"", ""price"": ""4015.48"", ""qty"": ""0.024"", ""reduceOnly"": false}, {""side"": ""SELL"", ""price"": ""4031.67"", ""qty"": ""0.145"", ""reduceOnly"": true}, {""side"": ""BUY"", ""price"": ""4009.45"", ""qty"": ""0.024"", ""reduceOnly"": false}, {""side"": ""SELL"", ""price"": ""0"", ""qty"": ""0"", ""reduceOnly"": true}, {""side"": ""BUY"", ""price"": ""4012.46"", ""qty"": ""0.024"", ""reduceOnly"": false}]","[{""price"": ""4031.67"", ""qty"": ""0.145"", ""clientOrderId"": ""TP_AUTO_TP_1759017146472""}, {""price"": ""0"", ""qty"": ""0"", ""clientOrderId"": ""x-Cb7ytekJ9b91f30d05c4ec4e14e9c2""}]",3818.63,v1,ETHUSDT
2025-09-27T23:52:57.417857+00:00,"{'tipo': 'SOPORTE', 'precio': 3000.0, 'volumen': 1650.7019999999998}",4019.35,0.145,4019.60937931,0.0,"[{""side"": ""BUY"", ""price"": ""4013.31"", ""qty"": ""0.024"", ""reduceOnly"": false}, {""side"": ""BUY"", ""price"": ""4010.30"", ""qty"": ""0.024"", ""reduceOnly"": false}, {""side"": ""SELL"", ""price"": ""0"", ""qty"": ""0"", ""reduceOnly"": true}, {""side"": ""BUY"", ""price"": ""4007.28"", ""qty"": ""0.024"", ""reduceOnly"": false}, {""side"": ""SELL"", ""price"": ""4031.67"", ""qty"": ""0.145"", ""reduceOnly"": true}]","[{""price"": ""0"", ""qty"": ""0"", ""clientOrderId"": ""x-Cb7ytekJ6478a8bf3c12d4d9d4447f""}, {""price"": ""4031.67"", ""qty"": ""0.145"", ""clientOrderId"": ""TP_AUTO_TP_1759017176501""}]",3818.63,v1,ETHUSDT
2025-09-27T23:53:23.933896+00:00,"{'tipo': 'SOPORTE', 'precio': 200.0, 'volumen': 1546.543}",4017.21,0.145,4019.60937931,0.0,"[{""side"": ""BUY"", ""price"": ""4013.31"", ""qty"": ""0.024"", ""reduceOnly"": false}, {""side"": ""BUY"", ""price"": ""4010.30"", ""qty"": ""0.024"", ""reduceOnly"": false}, {""side"": ""SELL"", ""price"": ""0"", ""qty"": ""0"", ""reduceOnly"": true}, {""side"": ""BUY"", ""price"": ""4007.28"", ""qty"": ""0.024"", ""reduceOnly"": false}, {""side"": ""SELL"", ""price"": ""4031.67"", ""qty"": ""0.145"", ""reduceOnly"": true}]","[{""price"": ""0"", ""qty"": ""0"", ""clientOrderId"": ""x-Cb7ytekJ6478a8bf3c12d4d9d4447f""}, {""price"": ""4031.67"", ""qty"": ""0.145"", ""clientOrderId"": ""TP_AUTO_TP_1759017176501""}]",3818.63,v1,ETHUSDT
2025-09-27T23:53:27.556799+00:00,"{'tipo': 'SOPORTE', 'precio': 200.0, 'volumen': 1546.543}",4017.2,0.145,4019.60937931,0.0,"[{""side"": ""SELL"", ""price"": ""0"", ""qty"": ""0"", ""reduceOnly"": true}, {""side"": ""SELL"", ""price"": ""4031.67"", ""qty"": ""0.145"", ""reduceOnly"": true}, {""side"": ""BUY"", ""price"": ""4014.20"", ""qty"": ""0.024"", ""reduceOnly"": false}, {""side"": ""BUY"", ""price"": ""4005.16"", ""qty"": ""0.024"", ""reduceOnly"": false}, {""side"": ""BUY"", ""price"": ""4008.17"", ""qty"": ""0.024"", ""reduceOnly"": false}, {""side"": ""BUY"", ""price"": ""4011.18"", ""qty"": ""0.024"", ""reduceOnly"": false}]","[{""price"": ""0"", ""qty"": ""0"", ""clientOrderId"": ""x-Cb7ytekJ4e52b5a29fd6359999af5a""}, {""price"": ""4031.67"", ""qty"": ""0.145"", ""clientOrderId"": ""TP_AUTO_TP_1759017206630""}]",3818.63,v1,ETHUSDT
2025-09-27T23:53:53.968119+00:00,"{'tipo': 'SOPORTE', 'precio': 200.0, 'volumen': 1679.9869999999999}",4017.21,0.145,4019.60937931,0.0,"[{""side"": ""SELL"", ""price"": ""0"", ""qty"": ""0"", ""reduceOnly"": true}, {""side"": ""SELL"", ""price"": ""4031.67"", ""qty"": ""0.145"", ""reduceOnly"": true}, {""side"": ""BUY"", ""price"": ""4014.20"", ""qty"": ""0.024"", ""reduceOnly"": false}, {""side"": ""BUY"", ""price"": ""4005.16"", ""qty"": ""0.024"", ""reduceOnly"": false}, {""side"": ""BUY"", ""price"": ""4008.17"", ""qty"": ""0.024"", ""reduceOnly"": false}, {""side"": ""BUY"", ""price"": ""4011.18"", ""qty"": ""0.024"", ""reduceOnly"": false}]","[{""price"": ""0"", ""qty"": ""0"", ""clientOrderId"": ""x-Cb7ytekJ4e52b5a29fd6359999af5a""}, {""price"": ""4031.67"", ""qty"": ""0.145"", ""clientOrderId"": ""TP_AUTO_TP_1759017206630""}]",3818.63,v1,ETHUSDT
2025-09-27T23:53:57.807814+00:00,"{'tipo': 'SOPORTE', 'precio': 200.0, 'volumen': 1679.9869999999999}",4017.21,0.145,4019.60937931,0.0,"[{""side"": ""SELL"", ""price"": ""4031.67"", ""qty"": ""0.145"", ""reduceOnly"": true}, {""side"": ""BUY"", ""price"": ""4011.18"", ""qty"": ""0.024"", ""reduceOnly"": false}, {""side"": ""BUY"", ""price"": ""4014.20"", ""qty"": ""0.024"", ""reduceOnly"": false}, {""side"": ""SELL"", ""price"": ""0"", ""qty"": ""0"", ""reduceOnly"": true}, {""side"": ""BUY"", ""price"": ""4008.17"", ""qty"": ""0.024"", ""reduceOnly"": false}, {""side"": ""BUY"", ""price"": ""4005.16"", ""qty"": ""0.024"", ""reduceOnly"": false}]","[{""price"": ""4031.67"", ""qty"": ""0.145"", ""clientOrderId"": ""TP_AUTO_TP_1759017236854""}, {""price"": ""0"", ""qty"": ""0"", ""clientOrderId"": ""x-Cb7ytekJ5c95d63f2cbef71b928651""}]",3818.63,v1,ETHUSDT
2025-09-27T23:54:24.016814+00:00,"{'tipo': 'SOPORTE', 'precio': 3000.0, 'volumen': 1736.54}",4015.6,0.145,4019.60937931,0.0,"[{""side"": ""SELL"", ""price"": ""4031.67"", ""qty"": ""0.145"", ""reduceOnly"": true}, {""side"": ""BUY"", ""price"": ""4011.18"", ""qty"": ""0.024"", ""reduceOnly"": false}, {""side"": ""BUY"", ""price"": ""4014.20"", ""qty"": ""0.024"", ""reduceOnly"": false}, {""side"": ""SELL"", ""price"": ""0"", ""qty"": ""0"", ""reduceOnly"": true}, {""side"": ""BUY"", ""price"": ""4008.17"", ""qty"": ""0.024"", ""reduceOnly"": false}, {""side"": ""BUY"", ""price"": ""4005.16"", ""qty"": ""0.024"", ""reduceOnly"": false}]","[{""price"": ""4031.67"", ""qty"": ""0.145"", ""clientOrderId"": ""TP_AUTO_TP_1759017236854""}, {""price"": ""0"", ""qty"": ""0"", ""clientOrderId"": ""x-Cb7ytekJ5c95d63f2cbef71b928651""}]",3818.63,v1,ETHUSDT
2025-09-27T23:54:28.658831+00:00,"{'tipo': 'SOPORTE', 'precio': 3000.0, 'volumen': 1736.54}",4015.6,0.145,4019.60937931,0.0,"[{""side"": ""SELL"", ""price"": ""0"", ""qty"": ""0"", ""reduceOnly"": true}, {""side"": ""BUY"", ""price"": ""4006.56"", ""qty"": ""0.024"", ""reduceOnly"": false}, {""side"": ""SELL"", ""price"": ""4031.67"", ""qty"": ""0.145"", ""reduceOnly"": true}, {""side"": ""BUY"", ""price"": ""4009.58"", ""qty"": ""0.024"", ""reduceOnly"": false}, {""side"": ""BUY"", ""price"": ""4003.55"", ""qty"": ""0.024"", ""reduceOnly"": false}, {""side"": ""BUY"", ""price"": ""4012.59"", ""qty"": ""0.024"", ""reduceOnly"": false}]","[{""price"": ""0"", ""qty"": ""0"", ""clientOrderId"": ""x-Cb7ytekJ1a83d537d54518b2670f05""}, {""price"": ""4031.67"", ""qty"": ""0.145"", ""clientOrderId"": ""TP_AUTO_TP_1759017267704""}]",3818.63,v1,ETHUSDT
2025-09-27T23:54:54.049988+00:00,"{'tipo': 'SOPORTE', 'precio': 4008.89, 'volumen': 598.307}",4015.18,0.145,4019.60937931,0.0,"[{""side"": ""SELL"", ""price"": ""0"", ""qty"": ""0"", ""reduceOnly"": true}, {""side"": ""BUY"", ""price"": ""4006.56"", ""qty"": ""0.024"", ""reduceOnly"": false}, {""side"": ""SELL"", ""price"": ""4031.67"", ""qty"": ""0.145"", ""reduceOnly"": true}, {""side"": ""BUY"", ""price"": ""4009.58"", ""qty"": ""0.024"", ""reduceOnly"": false}, {""side"": ""BUY"", ""price"": ""4003.55"", ""qty"": ""0.024"", ""reduceOnly"": false}, {""side"": ""BUY"", ""price"": ""4012.59"", ""qty"": ""0.024"", ""reduceOnly"": false}]","[{""price"": ""0"", ""qty"": ""0"", ""clientOrderId"": ""x-Cb7ytekJ1a83d537d54518b2670f05""}, {""price"": ""4031.67"", ""qty"": ""0.145"", ""clientOrderId"": ""TP_AUTO_TP_1759017267704""}]",3818.63,v1,ETHUSDT
2025-09-27T23:54:57.619852+00:00,"{'tipo': 'SOPORTE', 'precio': 4008.89, 'volumen': 598.307}",4015.18,0.145,4019.60937931,0.0,"[{""side"": ""BUY"", ""price"": ""4012.17"", ""qty"": ""0.024"", ""reduceOnly"": false}, {""side"": ""BUY"", ""price"": ""4009.16"", ""qty"": ""0.024"", ""reduceOnly"": false}, {""side"": ""SELL"", ""price"": ""0"", ""qty"": ""0"", ""reduceOnly"": true}, {""side"": ""SELL"", ""price"": ""4031.67"", ""qty"": ""0.145"", ""reduceOnly"": true}, {""side"": ""BUY"", ""price"": ""4003.13"", ""qty"": ""0.024"", ""reduceOnly"": false}, {""side"": ""BUY"", ""price"": ""4006.15"", ""qty"": ""0.024"", ""reduceOnly"": false}]","[{""price"": ""0"", ""qty"": ""0"", ""clientOrderId"": ""x-Cb7ytekJ44f8483352d1bb5c3c5450""}, {""price"": ""4031.67"", ""qty"": ""0.145"", ""clientOrderId"": ""TP_AUTO_TP_1759017296684""}]",3818.63,v1,ETHUSDT
2025-09-27T23:55:24.130935+00:00,"{'tipo': 'SOPORTE', 'precio': 3814.31, 'volumen': 2770.645}",4015.17,0.145,4019.60937931,0.0,"[{""side"": ""BUY"", ""price"": ""4012.17"", ""qty"": ""0.024"", ""reduceOnly"": false}, {""side"": ""BUY"", ""price"": ""4009.16"", ""qty"": ""0.024"", ""reduceOnly"": false}, {""side"": ""SELL"", ""price"": ""0"", ""qty"": ""0"", ""reduceOnly"": true}, {""side"": ""SELL"", ""price"": ""4031.67"", ""qty"": ""0.145"", ""reduceOnly"": true}, {""side"": ""BUY"", ""price"": ""4003.13"", ""qty"": ""0.024"", ""reduceOnly"": false}, {""side"": ""BUY"", ""price"": ""4006.15"", ""qty"": ""0.024"", ""reduceOnly"": false}]","[{""price"": ""0"", ""qty"": ""0"", ""clientOrderId"": ""x-Cb7ytekJ44f8483352d1bb5c3c5450""}, {""price"": ""4031.67"", ""qty"": ""0.145"", ""clientOrderId"": ""TP_AUTO_TP_1759017296684""}]",3818.63,v1,ETHUSDT
2025-09-27T23:55:27.919517+00:00,"{'tipo': 'SOPORTE', 'precio': 3814.31, 'volumen': 2770.645}",4015.18,0.145,4019.60937931,0.0,"[{""side"": ""SELL"", ""price"": ""0"", ""qty"": ""0"", ""reduceOnly"": true}, {""side"": ""BUY"", ""price"": ""4012.16"", ""qty"": ""0.024"", ""reduceOnly"": false}, {""side"": ""SELL"", ""price"": ""4031.67"", ""qty"": ""0.145"", ""reduceOnly"": true}, {""side"": ""BUY"", ""price"": ""4006.14"", ""qty"": ""0.024"", ""reduceOnly"": false}, {""side"": ""BUY"", ""price"": ""4003.12"", ""qty"": ""0.024"", ""reduceOnly"": false}, {""side"": ""BUY"", ""price"": ""4009.15"", ""qty"": ""0.024"", ""reduceOnly"": false}]","[{""price"": ""0"", ""qty"": ""0"", ""clientOrderId"": ""x-Cb7ytekJf93d5c6999031248b7907e""}, {""price"": ""4031.67"", ""qty"": ""0.145"", ""clientOrderId"": ""TP_AUTO_TP_1759017326825""}]",3818.63,v1,ETHUSDT
2025-09-27T23:55:54.139434+00:00,DUMP,4013.26,0.145,4019.60937931,0.0,"[{""side"": ""SELL"", ""price"": ""0"", ""qty"": ""0"", ""reduceOnly"": true}, {""side"": ""BUY"", ""price"": ""4012.16"", ""qty"": ""0.024"", ""reduceOnly"": false}, {""side"": ""SELL"", ""price"": ""4031.67"", ""qty"": ""0.145"", ""reduceOnly"": true}, {""side"": ""BUY"", ""price"": ""4006.14"", ""qty"": ""0.024"", ""reduceOnly"": false}, {""side"": ""BUY"", ""price"": ""4003.12"", ""qty"": ""0.024"", ""reduceOnly"": false}, {""side"": ""BUY"", ""price"": ""4009.15"", ""qty"": ""0.024"", ""reduceOnly"": false}]","[{""price"": ""0"", ""qty"": ""0"", ""clientOrderId"": ""x-Cb7ytekJf93d5c6999031248b7907e""}, {""price"": ""4031.67"", ""qty"": ""0.145"", ""clientOrderId"": ""TP_AUTO_TP_1759017326825""}]",3818.63,v1,ETHUSDT
2025-09-27T23:55:57.361249+00:00,DUMP,4013.26,0.145,4019.60937931,0.0,"[{""side"": ""BUY"", ""price"": ""3983.16"", ""qty"": ""0.025"", ""reduceOnly"": false}, {""side"": ""SELL"", ""price"": ""0"", ""qty"": ""0"", ""reduceOnly"": true}, {""side"": ""BUY"", ""price"": ""4003.23"", ""qty"": ""0.024"", ""reduceOnly"": false}, {""side"": ""SELL"", ""price"": ""4031.67"", ""qty"": ""0.145"", ""reduceOnly"": true}, {""side"": ""BUY"", ""price"": ""3993.19"", ""qty"": ""0.025"", ""reduceOnly"": false}]","[{""price"": ""0"", ""qty"": ""0"", ""clientOrderId"": ""x-Cb7ytekJ9f8c3200601fc5da3326b5""}, {""price"": ""4031.67"", ""qty"": ""0.145"", ""clientOrderId"": ""TP_AUTO_TP_1759017356448""}]",3818.63,v1,ETHUSDT
2025-09-27T23:56:24.169794+00:00,"{'tipo': 'SOPORTE', 'precio': 200.0, 'volumen': 116.207}",4013.25,0.145,4019.60937931,0.0,"[{""side"": ""BUY"", ""price"": ""3983.16"", ""qty"": ""0.025"", ""reduceOnly"": false}, {""side"": ""SELL"", ""price"": ""0"", ""qty"": ""0"", ""reduceOnly"": true}, {""side"": ""BUY"", ""price"": ""4003.23"", ""qty"": ""0.024"", ""reduceOnly"": false}, {""side"": ""SELL"", ""price"": ""4031.67"", ""qty"": ""0.145"", ""reduceOnly"": true}, {""side"": ""BUY"", ""price"": ""3993.19"", ""qty"": ""0.025"", ""reduceOnly"": false}]","[{""price"": ""0"", ""qty"": ""0"", ""clientOrderId"": ""x-Cb7ytekJ9f8c3200601fc5da3326b5""}, {""price"": ""4031.67"", ""qty"": ""0.145"", ""clientOrderId"": ""TP_AUTO_TP_1759017356448""}]",3818.63,v1,ETHUSDT
2025-09-27T23:56:27.780251+00:00,"{'tipo': 'SOPORTE', 'precio': 200.0, 'volumen': 116.207}",4013.25,0.145,4019.60937931,0.0,"[{""side"": ""BUY"", ""price"": ""4007.23"", ""qty"": ""0.024"", ""reduceOnly"": false}, {""side"": ""BUY"", ""price"": ""4004.22"", ""qty"": ""0.024"", ""reduceOnly"": false}, {""side"": ""BUY"", ""price"": ""4001.21"", ""qty"": ""0.024"", ""reduceOnly"": false}, {""side"": ""SELL"", ""price"": ""4031.67"", ""qty"": ""0.145"", ""reduceOnly"": true}, {""side"": ""SELL"", ""price"": ""0"", ""qty"": ""0"", ""reduceOnly"": true}, {""side"": ""BUY"", ""price"": ""4010.24"", ""qty"": ""0.024"", ""reduceOnly"": false}]","[{""price"": ""4031.67"", ""qty"": ""0.145"", ""clientOrderId"": ""TP_AUTO_TP_1759017386857""}, {""price"": ""0"", ""qty"": ""0"", ""clientOrderId"": ""x-Cb7ytekJ45ef65bb5bc8989c71e78a""}]",3818.63,v1,ETHUSDT
2025-09-27T23:56:54.197967+00:00,"{'tipo': 'SOPORTE', 'precio': 200.0, 'volumen': 2335.333}",4013.54,0.145,4019.60937931,0.0,"[{""side"": ""BUY"", ""price"": ""4007.23"", ""qty"": ""0.024"", ""reduceOnly"": false}, {""side"": ""BUY"", ""price"": ""4004.22"", ""qty"": ""0.024"", ""reduceOnly"": false}, {""side"": ""BUY"", ""price"": ""4001.21"", ""qty"": ""0.024"", ""reduceOnly"": false}, {""side"": ""SELL"", ""price"": ""4031.67"", ""qty"": ""0.145"", ""reduceOnly"": true}, {""side"": ""SELL"", ""price"": ""0"", ""qty"": ""0"", ""reduceOnly"": true}, {""side"": ""BUY"", ""price"": ""4010.24"", ""qty"": ""0.024"", ""reduceOnly"": false}]","[{""price"": ""4031.67"", ""qty"": ""0.145"", ""clientOrderId"": ""TP_AUTO_TP_1759017386857""}, {""price"": ""0"", ""qty"": ""0"", ""clientOrderId"": ""x-Cb7ytekJ45ef65bb5bc8989c71e78a""}]",3818.63,v1,ETHUSDT
2025-09-27T23:56:57.756033+00:00,"{'tipo': 'SOPORTE', 'precio': 200.0, 'volumen': 2335.333}",4013.54,0.145,4019.60937931,0.0,"[{""side"": ""BUY"", ""price"": ""4004.51"", ""qty"": ""0.024"", ""reduceOnly"": false}, {""side"": ""SELL"", ""price"": ""0"", ""qty"": ""0"", ""reduceOnly"": true}, {""side"": ""BUY"", ""price"": ""4007.52"", ""qty"": ""0.024"", ""reduceOnly"": false}, {""side"": ""SELL"", ""price"": ""4031.67"", ""qty"": ""0.145"", ""reduceOnly"": true}, {""side"": ""BUY"", ""price"": ""4001.50"", ""qty"": ""0.024"", ""reduceOnly"": false}, {""side"": ""BUY"", ""price"": ""4010.53"", ""qty"": ""0.024"", ""reduceOnly"": false}]","[{""price"": ""0"", ""qty"": ""0"", ""clientOrderId"": ""x-Cb7ytekJddcd0d3b5a87fa0a35c147""}, {""price"": ""4031.67"", ""qty"": ""0.145"", ""clientOrderId"": ""TP_AUTO_TP_1759017416850""}]",3818.63,v1,ETHUSDT
2025-09-27T23:57:24.196080+00:00,"{'tipo': 'SOPORTE', 'precio': 3000.0, 'volumen': 1549.2489999999998}",4013.68,0.145,4019.60937931,0.0,"[{""side"": ""BUY"", ""price"": ""4004.51"", ""qty"": ""0.024"", ""reduceOnly"": false}, {""side"": ""SELL"", ""price"": ""0"", ""qty"": ""0"", ""reduceOnly"": true}, {""side"": ""BUY"", ""price"": ""4007.52"", ""qty"": ""0.024"", ""reduceOnly"": false}, {""side"": ""SELL"", ""price"": ""4031.67"", ""qty"": ""0.145"", ""reduceOnly"": true}, {""side"": ""BUY"", ""price"": ""4001.50"", ""qty"": ""0.024"", ""reduceOnly"": false}, {""side"": ""BUY"", ""price"": ""4010.53"", ""qty"": ""0.024"", ""reduceOnly"": false}]","[{""price"": ""0"", ""qty"": ""0"", ""clientOrderId"": ""x-Cb7ytekJddcd0d3b5a87fa0a35c147""}, {""price"": ""4031.67"", ""qty"": ""0.145"", ""clientOrderId"": ""TP_AUTO_TP_1759017416850""}]",3818.63,v1,ETHUSDT
2025-09-27T23:57:27.730842+00:00,"{'tipo': 'SOPORTE', 'precio': 3000.0, 'volumen': 1549.2489999999998}",4013.27,0.145,4019.60937931,0.0,"[{""side"": ""BUY"", ""price"": ""4004.65"", ""qty"": ""0.024"", ""reduceOnly"": false}, {""side"": ""BUY"", ""price"": ""4001.64"", ""qty"": ""0.024"", ""reduceOnly"": false}, {""side"": ""BUY"", ""price"": ""4010.67"", ""qty"": ""0.024"", ""reduceOnly"": false}, {""side"": ""SELL"", ""price"": ""4031.67"", ""qty"": ""0.145"", ""reduceOnly"": true}, {""side"": ""SELL"", ""price"": ""0"", ""qty"": ""0"", ""reduceOnly"": true}, {""side"": ""BUY"", ""price"": ""4007.66"", ""qty"": ""0.024"", ""reduceOnly"": false}]","[{""price"": ""4031.67"", ""qty"": ""0.145"", ""clientOrderId"": ""TP_AUTO_TP_1759017446820""}, {""price"": ""0"", ""qty"": ""0"", ""clientOrderId"": ""x-Cb7ytekJ1645da4b74dc2e35ad0f49""}]",3818.63,v1,ETHUSDT
2025-09-27T23:57:54.218251+00:00,DUMP,4014.4,0.145,4019.60937931,0.0,"[{""side"": ""BUY"", ""price"": ""4004.65"", ""qty"": ""0.024"", ""reduceOnly"": false}, {""side"": ""BUY"", ""price"": ""4001.64"", ""qty"": ""0.024"", ""reduceOnly"": false}, {""side"": ""BUY"", ""price"": ""4010.67"", ""qty"": ""0.024"", ""reduceOnly"": false}, {""side"": ""SELL"", ""price"": ""4031.67"", ""qty"": ""0.145"", ""reduceOnly"": true}, {""side"": ""SELL"", ""price"": ""0"", ""qty"": ""0"", ""reduceOnly"": true}, {""side"": ""BUY"", ""price"": ""4007.66"", ""qty"": ""0.024"", ""reduceOnly"": false}]","[{""price"": ""4031.67"", ""qty"": ""0.145"", ""clientOrderId"": ""TP_AUTO_TP_1759017446820""}, {""price"": ""0"", ""qty"": ""0"", ""clientOrderId"": ""x-Cb7ytekJ1645da4b74dc2e35ad0f49""}]",3818.63,v1,ETHUSDT
2025-09-27T23:57:57.597610+00:00,DUMP,4014.4,0.145,4019.60937931,0.0,"[{""side"": ""BUY"", ""price"": ""3984.29"", ""qty"": ""0.025"", ""reduceOnly"": false}, {""side"": ""BUY"", ""price"": ""3994.33"", ""qty"": ""0.025"", ""reduceOnly"": false}, {""side"": ""BUY"", ""price"": ""4004.36"", ""qty"": ""0.024"", ""reduceOnly"": false}, {""side"": ""SELL"", ""price"": ""0"", ""qty"": ""0"", ""reduceOnly"": true}, {""side"": ""SELL"", ""price"": ""4031.67"", ""qty"": ""0.145"", ""reduceOnly"": true}]","[{""price"": ""0"", ""qty"": ""0"", ""clientOrderId"": ""x-Cb7ytekJ33fb3a69c3285770580da1""}, {""price"": ""4031.67"", ""qty"": ""0.145"", ""clientOrderId"": ""TP_AUTO_TP_1759017476602""}]",3818.63,v1,ETHUSDT
2025-09-27T23:58:24.238896+00:00,"{'tipo': 'SOPORTE', 'precio': 200.0, 'volumen': 774.884}",4015.04,0.145,4019.60937931,0.0,"[{""side"": ""BUY"", ""price"": ""3984.29"", ""qty"": ""0.025"", ""reduceOnly"": false}, {""side"": ""BUY"", ""price"": ""3994.33"", ""qty"": ""0.025"", ""reduceOnly"": false}, {""side"": ""BUY"", ""price"": ""4004.36"", ""qty"": ""0.024"", ""reduceOnly"": false}, {""side"": ""SELL"", ""price"": ""0"", ""qty"": ""0"", ""reduceOnly"": true}, {""side"": ""SELL"", ""price"": ""4031.67"", ""qty"": ""0.145"", ""reduceOnly"": true}]","[{""price"": ""0"", ""qty"": ""0"", ""clientOrderId"": ""x-Cb7ytekJ33fb3a69c3285770580da1""}, {""price"": ""4031.67"", ""qty"": ""0.145"", ""clientOrderId"": ""TP_AUTO_TP_1759017476602""}]",3818.63,v1,ETHUSDT
2025-09-27T23:58:27.844661+00:00,"{'tipo': 'SOPORTE', 'precio': 200.0, 'volumen': 774.884}",4015.04,0.145,4019.60937931,0.0,"[{""side"": ""BUY"", ""price"": ""4006.01"", ""qty"": ""0.024"", ""reduceOnly"": false}, {""side"": ""SELL"", ""price"": ""0"", ""qty"": ""0"", ""reduceOnly"": true}, {""side"": ""BUY"", ""price"": ""4012.03"", ""qty"": ""0.024"", ""reduceOnly"": false}, {""side"": ""BUY"", ""price"": ""4002.99"", ""qty"": ""0.024"", ""reduceOnly"": false}, {""side"": ""BUY"", ""price"": ""4009.02"", ""qty"": ""0.024"", ""reduceOnly"": false}, {""side"": ""SELL"", ""price"": ""4031.67"", ""qty"": ""0.145"", ""reduceOnly"": true}]","[{""price"": ""0"", ""qty"": ""0"", ""clientOrderId"": ""x-Cb7ytekJfc2ef8793f238c0d7161e2""}, {""price"": ""4031.67"", ""qty"": ""0.145"", ""clientOrderId"": ""TP_AUTO_TP_1759017506912""}]",3818.63,v1,ETHUSDT
2025-09-27T23:58:54.284802+00:00,"{'tipo': 'SOPORTE', 'precio': 3000.0, 'volumen': 1561.672}",4015.36,0.145,4019.60937931,0.0,"[{""side"": ""BUY"", ""price"": ""4006.01"", ""qty"": ""0.024"", ""reduceOnly"": false}, {""side"": ""SELL"", ""price"": ""0"", ""qty"": ""0"", ""reduceOnly"": true}, {""side"": ""BUY"", ""price"": ""4012.03"", ""qty"": ""0.024"", ""reduceOnly"": false}, {""side"": ""BUY"", ""price"": ""4002.99"", ""qty"": ""0.024"", ""reduceOnly"": false}, {""side"": ""BUY"", ""price"": ""4009.02"", ""qty"": ""0.024"", ""reduceOnly"": false}, {""side"": ""SELL"", ""price"": ""4031.67"", ""qty"": ""0.145"", ""reduceOnly"": true}]","[{""price"": ""0"", ""qty"": ""0"", ""clientOrderId"": ""x-Cb7ytekJfc2ef8793f238c0d7161e2""}, {""price"": ""4031.67"", ""qty"": ""0.145"", ""clientOrderId"": ""TP_AUTO_TP_1759017506912""}]",3818.63,v1,ETHUSDT
2025-09-27T23:58:57.898585+00:00,"{'tipo': 'SOPORTE', 'precio': 3000.0, 'volumen': 1561.672}",4015.36,0.145,4019.60937931,0.0,"[{""side"": ""SELL"", ""price"": ""0"", ""qty"": ""0"", ""reduceOnly"": true}, {""side"": ""BUY"", ""price"": ""4012.35"", ""qty"": ""0.024"", ""reduceOnly"": false}, {""side"": ""BUY"", ""price"": ""4003.31"", ""qty"": ""0.024"", ""reduceOnly"": false}, {""side"": ""BUY"", ""price"": ""4006.33"", ""qty"": ""0.024"", ""reduceOnly"": false}, {""side"": ""BUY"", ""price"": ""4009.34"", ""qty"": ""0.024"", ""reduceOnly"": false}, {""side"": ""SELL"", ""price"": ""4031.67"", ""qty"": ""0.145"", ""reduceOnly"": true}]","[{""price"": ""0"", ""qty"": ""0"", ""clientOrderId"": ""x-Cb7ytekJ9f2f3dea1e446d78f5acad""}, {""price"": ""4031.67"", ""qty"": ""0.145"", ""clientOrderId"": ""TP_AUTO_TP_1759017536981""}]",3818.63,v1,ETHUSDT
2025-09-27T23:59:24.290260+00:00,"{'tipo': 'SOPORTE', 'precio': 200.0, 'volumen': 1369.5600000000002}",4016.21,0.145,4019.60937931,0.0,"[{""side"": ""SELL"", ""price"": ""0"", ""qty"": ""0"", ""reduceOnly"": true}, {""side"": ""BUY"", ""price"": ""4012.35"", ""qty"": ""0.024"", ""reduceOnly"": false}, {""side"": ""BUY"", ""price"": ""4003.31"", ""qty"": ""0.024"", ""reduceOnly"": false}, {""side"": ""BUY"", ""price"": ""4006.33"", ""qty"": ""0.024"", ""reduceOnly"": false}, {""side"": ""BUY"", ""price"": ""4009.34"", ""qty"": ""0.024"", ""reduceOnly"": false}, {""side"": ""SELL"", ""price"": ""4031.67"", ""qty"": ""0.145"", ""reduceOnly"": true}]","[{""price"": ""0"", ""qty"": ""0"", ""clientOrderId"": ""x-Cb7ytekJ9f2f3dea1e446d78f5acad""}, {""price"": ""4031.67"", ""qty"": ""0.145"", ""clientOrderId"": ""TP_AUTO_TP_1759017536981""}]",3818.63,v1,ETHUSDT
2025-09-27T23:59:27.924535+00:00,"{'tipo': 'SOPORTE', 'precio': 200.0, 'volumen': 1369.5600000000002}",4016.22,0.145,4019.60937931,0.0,"[{""side"": ""SELL"", ""price"": ""0"", ""qty"": ""0"", ""reduceOnly"": true}, {""side"": ""BUY"", ""price"": ""4004.16"", ""qty"": ""0.024"", ""reduceOnly"": false}, {""side"": ""BUY"", ""price"": ""4007.17"", ""qty"": ""0.024"", ""reduceOnly"": false}, {""side"": ""BUY"", ""price"": ""4013.20"", ""qty"": ""0.024"", ""reduceOnly"": false}, {""side"": ""SELL"", ""price"": ""4031.67"", ""qty"": ""0.145"", ""reduceOnly"": true}, {""side"": ""BUY"", ""price"": ""4010.19"", ""qty"": ""0.024"", ""reduceOnly"": false}]","[{""price"": ""0"", ""qty"": ""0"", ""clientOrderId"": ""x-Cb7ytekJ208e57ae68a5d9631794ad""}, {""price"": ""4031.67"", ""qty"": ""0.145"", ""clientOrderId"": ""TP_AUTO_TP_1759017566985""}]",3818.63,v1,ETHUSDT
2025-09-27T23:59:54.357528+00:00,"{'tipo': 'SOPORTE', 'precio': 200.0, 'volumen': 731.1750000000001}",4016.6,0.145,4019.60937931,0.0,"[{""side"": ""SELL"", ""price"": ""0"", ""qty"": ""0"", ""reduceOnly"": true}, {""side"": ""BUY"", ""price"": ""4004.16"", ""qty"": ""0.024"", ""reduceOnly"": false}, {""side"": ""BUY"", ""price"": ""4007.17"", ""qty"": ""0.024"", ""reduceOnly"": false}, {""side"": ""BUY"", ""price"": ""4013.20"", ""qty"": ""0.024"", ""reduceOnly"": false}, {""side"": ""SELL"", ""price"": ""4031.67"", ""qty"": ""0.145"", ""reduceOnly"": true}, {""side"": ""BUY"", ""price"": ""4010.19"", ""qty"": ""0.024"", ""reduceOnly"": false}]","[{""price"": ""0"", ""qty"": ""0"", ""clientOrderId"": ""x-Cb7ytekJ208e57ae68a5d9631794ad""}, {""price"": ""4031.67"", ""qty"": ""0.145"", ""clientOrderId"": ""TP_AUTO_TP_1759017566985""}]",3818.63,v1,ETHUSDT
2025-09-27T23:59:57.920294+00:00,"{'tipo': 'SOPORTE', 'precio': 200.0, 'volumen': 731.1750000000001}",4016.6,0.145,4019.60937931,0.0,"[{""side"": ""SELL"", ""price"": ""4031.67"", ""qty"": ""0.145"", ""reduceOnly"": true}, {""side"": ""BUY"", ""price"": ""4007.56"", ""qty"": ""0.024"", ""reduceOnly"": false}, {""side"": ""BUY"", ""price"": ""4010.58"", ""qty"": ""0.024"", ""reduceOnly"": false}, {""side"": ""BUY"", ""price"": ""4013.59"", ""qty"": ""0.024"", ""reduceOnly"": false}, {""side"": ""SELL"", ""price"": ""0"", ""qty"": ""0"", ""reduceOnly"": true}, {""side"": ""BUY"", ""price"": ""4004.55"", ""qty"": ""0.024"", ""reduceOnly"": false}]","[{""price"": ""4031.67"", ""qty"": ""0.145"", ""clientOrderId"": ""TP_AUTO_TP_1759017597000""}, {""price"": ""0"", ""qty"": ""0"", ""clientOrderId"": ""x-Cb7ytekJ2645a649290a65895c64a2""}]",3818.63,v1,ETHUSDT
2025-09-28T00:00:24.483422+00:00,"{'tipo': 'SOPORTE', 'precio': 200.0, 'volumen': 1546.705}",4016.68,0.145,4019.60937931,0.0,"[{""side"": ""SELL"", ""price"": ""4031.67"", ""qty"": ""0.145"", ""reduceOnly"": true}, {""side"": ""BUY"", ""price"": ""4007.56"", ""qty"": ""0.024"", ""reduceOnly"": false}, {""side"": ""BUY"", ""price"": ""4010.58"", ""qty"": ""0.024"", ""reduceOnly"": false}, {""side"": ""BUY"", ""price"": ""4013.59"", ""qty"": ""0.024"", ""reduceOnly"": false}, {""side"": ""SELL"", ""price"": ""0"", ""qty"": ""0"", ""reduceOnly"": true}, {""side"": ""BUY"", ""price"": ""4004.55"", ""qty"": ""0.024"", ""reduceOnly"": false}]","[{""price"": ""4031.67"", ""qty"": ""0.145"", ""clientOrderId"": ""TP_AUTO_TP_1759017597000""}, {""price"": ""0"", ""qty"": ""0"", ""clientOrderId"": ""x-Cb7ytekJ2645a649290a65895c64a2""}]",3818.63,v1,ETHUSDT
2025-09-28T00:00:28.747582+00:00,"{'tipo': 'SOPORTE', 'precio': 200.0, 'volumen': 1546.705}",4016.69,0.145,4019.60937931,0.0,"[{""side"": ""SELL"", ""price"": ""4031.67"", ""qty"": ""0.145"", ""reduceOnly"": true}, {""side"": ""BUY"", ""price"": ""4013.67"", ""qty"": ""0.024"", ""reduceOnly"": false}, {""side"": ""BUY"", ""price"": ""4004.63"", ""qty"": ""0.024"", ""reduceOnly"": false}, {""side"": ""BUY"", ""price"": ""4010.65"", ""qty"": ""0.024"", ""reduceOnly"": false}, {""side"": ""BUY"", ""price"": ""4007.64"", ""qty"": ""0.024"", ""reduceOnly"": false}, {""side"": ""SELL"", ""price"": ""0"", ""qty"": ""0"", ""reduceOnly"": true}]","[{""price"": ""4031.67"", ""qty"": ""0.145"", ""clientOrderId"": ""TP_AUTO_TP_1759017627829""}, {""price"": ""0"", ""qty"": ""0"", ""clientOrderId"": ""x-Cb7ytekJ3f9047d549df8f1c9050""}]",3818.63,v1,ETHUSDT
2025-09-28T00:00:54.427463+00:00,"{'tipo': 'SOPORTE', 'precio': 200.0, 'volumen': 1569.2869999999998}",4016.0,0.145,4019.60937931,0.0,"[{""side"": ""SELL"", ""price"": ""4031.67"", ""qty"": ""0.145"", ""reduceOnly"": true}, {""side"": ""BUY"", ""price"": ""4013.67"", ""qty"": ""0.024"", ""reduceOnly"": false}, {""side"": ""BUY"", ""price"": ""4004.63"", ""qty"": ""0.024"", ""reduceOnly"": false}, {""side"": ""BUY"", ""price"": ""4010.65"", ""qty"": ""0.024"", ""reduceOnly"": false}, {""side"": ""BUY"", ""price"": ""4007.64"", ""qty"": ""0.024"", ""reduceOnly"": false}, {""side"": ""SELL"", ""price"": ""0"", ""qty"": ""0"", ""reduceOnly"": true}]","[{""price"": ""4031.67"", ""qty"": ""0.145"", ""clientOrderId"": ""TP_AUTO_TP_1759017627829""}, {""price"": ""0"", ""qty"": ""0"", ""clientOrderId"": ""x-Cb7ytekJ3f9047d549df8f1c9050""}]",3818.63,v1,ETHUSDT
2025-09-28T00:00:58.041286+00:00,"{'tipo': 'SOPORTE', 'precio': 200.0, 'volumen': 1569.2869999999998}",4016.01,0.145,4019.60937931,0.0,"[{""side"": ""SELL"", ""price"": ""0"", ""qty"": ""0"", ""reduceOnly"": true}, {""side"": ""BUY"", ""price"": ""4003.95"", ""qty"": ""0.024"", ""reduceOnly"": false}, {""side"": ""BUY"", ""price"": ""4012.99"", ""qty"": ""0.024"", ""reduceOnly"": false}, {""side"": ""BUY"", ""price"": ""4009.98"", ""qty"": ""0.024"", ""reduceOnly"": false}, {""side"": ""BUY"", ""price"": ""4006.96"", ""qty"": ""0.024"", ""reduceOnly"": false}, {""side"": ""SELL"", ""price"": ""4031.67"", ""qty"": ""0.145"", ""reduceOnly"": true}]","[{""price"": ""0"", ""qty"": ""0"", ""clientOrderId"": ""x-Cb7ytekJ6198ed90d8e11bec100372""}, {""price"": ""4031.67"", ""qty"": ""0.145"", ""clientOrderId"": ""TP_AUTO_TP_1759017657093""}]",3818.63,v1,ETHUSDT
2025-09-28T00:01:24.483589+00:00,"{'tipo': 'SOPORTE', 'precio': 200.0, 'volumen': 1557.8539999999998}",4016.44,0.145,4019.60937931,0.0,"[{""side"": ""SELL"", ""price"": ""0"", ""qty"": ""0"", ""reduceOnly"": true}, {""side"": ""BUY"", ""price"": ""4003.95"", ""qty"": ""0.024"", ""reduceOnly"": false}, {""side"": ""BUY"", ""price"": ""4012.99"", ""qty"": ""0.024"", ""reduceOnly"": false}, {""side"": ""BUY"", ""price"": ""4009.98"", ""qty"": ""0.024"", ""reduceOnly"": false}, {""side"": ""BUY"", ""price"": ""4006.96"", ""qty"": ""0.024"", ""reduceOnly"": false}, {""side"": ""SELL"", ""price"": ""4031.67"", ""qty"": ""0.145"", ""reduceOnly"": true}]","[{""price"": ""0"", ""qty"": ""0"", ""clientOrderId"": ""x-Cb7ytekJ6198ed90d8e11bec100372""}, {""price"": ""4031.67"", ""qty"": ""0.145"", ""clientOrderId"": ""TP_AUTO_TP_1759017657093""}]",3818.63,v1,ETHUSDT
2025-09-28T00:01:28.062936+00:00,"{'tipo': 'SOPORTE', 'precio': 200.0, 'volumen': 1557.8539999999998}",4016.44,0.145,4019.60937931,0.0,"[{""side"": ""BUY"", ""price"": ""4007.40"", ""qty"": ""0.024"", ""reduceOnly"": false}, {""side"": ""BUY"", ""price"": ""4010.42"", ""qty"": ""0.024"", ""reduceOnly"": false}, {""side"": ""BUY"", ""price"": ""4004.39"", ""qty"": ""0.024"", ""reduceOnly"": false}, {""side"": ""SELL"", ""price"": ""0"", ""qty"": ""0"", ""reduceOnly"": true}, {""side"": ""BUY"", ""price"": ""4013.43"", ""qty"": ""0.024"", ""reduceOnly"": false}, {""side"": ""SELL"", ""price"": ""4031.67"", ""qty"": ""0.145"", ""reduceOnly"": true}]","[{""price"": ""0"", ""qty"": ""0"", ""clientOrderId"": ""x-Cb7ytekJcb6e613b0428115436fb2f""}, {""price"": ""4031.67"", ""qty"": ""0.145"", ""clientOrderId"": ""TP_AUTO_TP_1759017687150""}]",3818.63,v1,ETHUSDT
2025-09-28T00:01:55.162130+00:00,"{'tipo': 'SOPORTE', 'precio': 200.0, 'volumen': 1571.3929999999998}",4015.98,0.145,4019.60937931,0.0,"[{""side"": ""BUY"", ""price"": ""4007.40"", ""qty"": ""0.024"", ""reduceOnly"": false}, {""side"": ""BUY"", ""price"": ""4010.42"", ""qty"": ""0.024"", ""reduceOnly"": false}, {""side"": ""BUY"", ""price"": ""4004.39"", ""qty"": ""0.024"", ""reduceOnly"": false}, {""side"": ""SELL"", ""price"": ""0"", ""qty"": ""0"", ""reduceOnly"": true}, {""side"": ""BUY"", ""price"": ""4013.43"", ""qty"": ""0.024"", ""reduceOnly"": false}, {""side"": ""SELL"", ""price"": ""4031.67"", ""qty"": ""0.145"", ""reduceOnly"": true}]","[{""price"": ""0"", ""qty"": ""0"", ""clientOrderId"": ""x-Cb7ytekJcb6e613b0428115436fb2f""}, {""price"": ""4031.67"", ""qty"": ""0.145"", ""clientOrderId"": ""TP_AUTO_TP_1759017687150""}]",3818.63,v1,ETHUSDT
2025-09-28T00:01:58.740894+00:00,"{'tipo': 'SOPORTE', 'precio': 200.0, 'volumen': 1571.3929999999998}",4015.98,0.145,4019.60937931,0.0,"[{""side"": ""SELL"", ""price"": ""0"", ""qty"": ""0"", ""reduceOnly"": true}, {""side"": ""BUY"", ""price"": ""4006.94"", ""qty"": ""0.024"", ""reduceOnly"": false}, {""side"": ""BUY"", ""price"": ""4009.96"", ""qty"": ""0.024"", ""reduceOnly"": false}, {""side"": ""SELL"", ""price"": ""4031.67"", ""qty"": ""0.145"", ""reduceOnly"": true}, {""side"": ""BUY"", ""price"": ""4003.93"", ""qty"": ""0.024"", ""reduceOnly"": false}, {""side"": ""BUY"", ""price"": ""4012.97"", ""qty"": ""0.024"", ""reduceOnly"": false}]","[{""price"": ""0"", ""qty"": ""0"", ""clientOrderId"": ""x-Cb7ytekJc2440636b9c364ead28e60""}, {""price"": ""4031.67"", ""qty"": ""0.145"", ""clientOrderId"": ""TP_AUTO_TP_1759017717816""}]",3818.63,v1,ETHUSDT
2025-09-28T00:02:25.218578+00:00,"{'tipo': 'SOPORTE', 'precio': 3000.0, 'volumen': 1632.2529999999997}",4016.85,0.145,4019.60937931,0.0,"[{""side"": ""SELL"", ""price"": ""0"", ""qty"": ""0"", ""reduceOnly"": true}, {""side"": ""BUY"", ""price"": ""4006.94"", ""qty"": ""0.024"", ""reduceOnly"": false}, {""side"": ""BUY"", ""price"": ""4009.96"", ""qty"": ""0.024"", ""reduceOnly"": false}, {""side"": ""SELL"", ""price"": ""4031.67"", ""qty"": ""0.145"", ""reduceOnly"": true}, {""side"": ""BUY"", ""price"": ""4003.93"", ""qty"": ""0.024"", ""reduceOnly"": false}, {""side"": ""BUY"", ""price"": ""4012.97"", ""qty"": ""0.024"", ""reduceOnly"": false}]","[{""price"": ""0"", ""qty"": ""0"", ""clientOrderId"": ""x-Cb7ytekJc2440636b9c364ead28e60""}, {""price"": ""4031.67"", ""qty"": ""0.145"", ""clientOrderId"": ""TP_AUTO_TP_1759017717816""}]",3818.63,v1,ETHUSDT
2025-09-28T00:02:28.801350+00:00,"{'tipo': 'SOPORTE', 'precio': 3000.0, 'volumen': 1632.2529999999997}",4016.85,0.145,4019.60937931,0.0,"[{""side"": ""SELL"", ""price"": ""0"", ""qty"": ""0"", ""reduceOnly"": true}, {""side"": ""BUY"", ""price"": ""4007.81"", ""qty"": ""0.024"", ""reduceOnly"": false}, {""side"": ""SELL"", ""price"": ""4031.67"", ""qty"": ""0.145"", ""reduceOnly"": true}, {""side"": ""BUY"", ""price"": ""4013.84"", ""qty"": ""0.024"", ""reduceOnly"": false}, {""side"": ""BUY"", ""price"": ""4010.82"", ""qty"": ""0.024"", ""reduceOnly"": false}, {""side"": ""BUY"", ""price"": ""4004.80"", ""qty"": ""0.024"", ""reduceOnly"": false}]","[{""price"": ""0"", ""qty"": ""0"", ""clientOrderId"": ""x-Cb7ytekJ343c43998786d083569003""}, {""price"": ""4031.67"", ""qty"": ""0.145"", ""clientOrderId"": ""TP_AUTO_TP_1759017747885""}]",3818.63,v1,ETHUSDT
2025-09-28T00:02:55.267998+00:00,"{'tipo': 'SOPORTE', 'precio': 200.0, 'volumen': 1547.9679999999998}",4016.85,0.145,4019.60937931,0.0,"[{""side"": ""SELL"", ""price"": ""0"", ""qty"": ""0"", ""reduceOnly"": true}, {""side"": ""BUY"", ""price"": ""4007.81"", ""qty"": ""0.024"", ""reduceOnly"": false}, {""side"": ""SELL"", ""price"": ""4031.67"", ""qty"": ""0.145"", ""reduceOnly"": true}, {""side"": ""BUY"", ""price"": ""4013.84"", ""qty"": ""0.024"", ""reduceOnly"": false}, {""side"": ""BUY"", ""price"": ""4010.82"", ""qty"": ""0.024"", ""reduceOnly"": false}, {""side"": ""BUY"", ""price"": ""4004.80"", ""qty"": ""0.024"", ""reduceOnly"": false}]","[{""price"": ""0"", ""qty"": ""0"", ""clientOrderId"": ""x-Cb7ytekJ343c43998786d083569003""}, {""price"": ""4031.67"", ""qty"": ""0.145"", ""clientOrderId"": ""TP_AUTO_TP_1759017747885""}]",3818.63,v1,ETHUSDT
2025-09-28T00:02:58.831840+00:00,"{'tipo': 'SOPORTE', 'precio': 200.0, 'volumen': 1547.9679999999998}",4016.86,0.145,4019.60937931,0.0,"[{""side"": ""BUY"", ""price"": ""4013.84"", ""qty"": ""0.024"", ""reduceOnly"": false}, {""side"": ""BUY"", ""price"": ""4004.80"", ""qty"": ""0.024"", ""reduceOnly"": false}, {""side"": ""BUY"", ""price"": ""4010.82"", ""qty"": ""0.024"", ""reduceOnly"": false}, {""side"": ""SELL"", ""price"": ""0"", ""qty"": ""0"", ""reduceOnly"": true}, {""side"": ""BUY"", ""price"": ""4007.81"", ""qty"": ""0.024"", ""reduceOnly"": false}, {""side"": ""SELL"", ""price"": ""4031.67"", ""qty"": ""0.145"", ""reduceOnly"": true}]","[{""price"": ""0"", ""qty"": ""0"", ""clientOrderId"": ""x-Cb7ytekJ67937f765173294f86252c""}, {""price"": ""4031.67"", ""qty"": ""0.145"", ""clientOrderId"": ""TP_AUTO_TP_1759017777923""}]",3818.63,v1,ETHUSDT
2025-09-28T00:03:25.282767+00:00,"{'tipo': 'SOPORTE', 'precio': 200.0, 'volumen': 110.149}",4017.76,0.145,4019.60937931,0.0,"[{""side"": ""BUY"", ""price"": ""4013.84"", ""qty"": ""0.024"", ""reduceOnly"": false}, {""side"": ""BUY"", ""price"": ""4004.80"", ""qty"": ""0.024"", ""reduceOnly"": false}, {""side"": ""BUY"", ""price"": ""4010.82"", ""qty"": ""0.024"", ""reduceOnly"": false}, {""side"": ""SELL"", ""price"": ""0"", ""qty"": ""0"", ""reduceOnly"": true}, {""side"": ""BUY"", ""price"": ""4007.81"", ""qty"": ""0.024"", ""reduceOnly"": false}, {""side"": ""SELL"", ""price"": ""4031.67"", ""qty"": ""0.145"", ""reduceOnly"": true}]","[{""price"": ""0"", ""qty"": ""0"", ""clientOrderId"": ""x-Cb7ytekJ67937f765173294f86252c""}, {""price"": ""4031.67"", ""qty"": ""0.145"", ""clientOrderId"": ""TP_AUTO_TP_1759017777923""}]",3818.63,v1,ETHUSDT
2025-09-28T00:03:28.846716+00:00,"{'tipo': 'SOPORTE', 'precio': 200.0, 'volumen': 110.149}",4017.76,0.145,4019.60937931,0.0,"[{""side"": ""BUY"", ""price"": ""4014.75"", ""qty"": ""0.024"", ""reduceOnly"": false}, {""side"": ""SELL"", ""price"": ""0"", ""qty"": ""0"", ""reduceOnly"": true}, {""side"": ""BUY"", ""price"": ""4008.72"", ""qty"": ""0.024"", ""reduceOnly"": false}, {""side"": ""BUY"", ""price"": ""4005.71"", ""qty"": ""0.024"", ""reduceOnly"": false}, {""side"": ""SELL"", ""price"": ""4031.67"", ""qty"": ""0.145"", ""reduceOnly"": true}, {""side"": ""BUY"", ""price"": ""4011.73"", ""qty"": ""0.024"", ""reduceOnly"": false}]","[{""price"": ""0"", ""qty"": ""0"", ""clientOrderId"": ""x-Cb7ytekJ5e1f460819faabbfd920e0""}, {""price"": ""4031.67"", ""qty"": ""0.145"", ""clientOrderId"": ""TP_AUTO_TP_1759017807935""}]",3818.63,v1,ETHUSDT
2025-09-28T00:03:55.303922+00:00,"{'tipo': 'SOPORTE', 'precio': 200.0, 'volumen': 1600.8709999999999}",4018.57,0.145,4019.60937931,0.0,"[{""side"": ""BUY"", ""price"": ""4014.75"", ""qty"": ""0.024"", ""reduceOnly"": false}, {""side"": ""SELL"", ""price"": ""0"", ""qty"": ""0"", ""reduceOnly"": true}, {""side"": ""BUY"", ""price"": ""4008.72"", ""qty"": ""0.024"", ""reduceOnly"": false}, {""side"": ""BUY"", ""price"": ""4005.71"", ""qty"": ""0.024"", ""reduceOnly"": false}, {""side"": ""SELL"", ""price"": ""4031.67"", ""qty"": ""0.145"", ""reduceOnly"": true}, {""side"": ""BUY"", ""price"": ""4011.73"", ""qty"": ""0.024"", ""reduceOnly"": false}]","[{""price"": ""0"", ""qty"": ""0"", ""clientOrderId"": ""x-Cb7ytekJ5e1f460819faabbfd920e0""}, {""price"": ""4031.67"", ""qty"": ""0.145"", ""clientOrderId"": ""TP_AUTO_TP_1759017807935""}]",3818.63,v1,ETHUSDT
2025-09-28T00:03:58.905237+00:00,DUMP,4018.37,0.145,4019.60937931,0.0,"[{""side"": ""BUY"", ""price"": ""4012.54"", ""qty"": ""0.024"", ""reduceOnly"": false}, {""side"": ""BUY"", ""price"": ""4015.56"", ""qty"": ""0.024"", ""reduceOnly"": false}, {""side"": ""BUY"", ""price"": ""4009.53"", ""qty"": ""0.024"", ""reduceOnly"": false}, {""side"": ""BUY"", ""price"": ""4006.51"", ""qty"": ""0.024"", ""reduceOnly"": false}, {""side"": ""SELL"", ""price"": ""4031.67"", ""qty"": ""0.145"", ""reduceOnly"": true}, {""side"": ""SELL"", ""price"": ""0"", ""qty"": ""0"", ""reduceOnly"": true}]","[{""price"": ""4031.67"", ""qty"": ""0.145"", ""clientOrderId"": ""TP_AUTO_TP_1759017837987""}, {""price"": ""0"", ""qty"": ""0"", ""clientOrderId"": ""x-Cb7ytekJb1052964c37d6ab1472146""}]",3818.63,v1,ETHUSDT
2025-09-28T00:04:25.333704+00:00,"{'tipo': 'SOPORTE', 'precio': 200.0, 'volumen': 1552.9139999999998}",4019.76,0.145,4019.60937931,0.0,"[{""side"": ""BUY"", ""price"": ""4012.54"", ""qty"": ""0.024"", ""reduceOnly"": false}, {""side"": ""BUY"", ""price"": ""4015.56"", ""qty"": ""0.024"", ""reduceOnly"": false}, {""side"": ""BUY"", ""price"": ""4009.53"", ""qty"": ""0.024"", ""reduceOnly"": false}, {""side"": ""BUY"", ""price"": ""4006.51"", ""qty"": ""0.024"", ""reduceOnly"": false}, {""side"": ""SELL"", ""price"": ""4031.67"", ""qty"": ""0.145"", ""reduceOnly"": true}, {""side"": ""SELL"", ""price"": ""0"", ""qty"": ""0"", ""reduceOnly"": true}]","[{""price"": ""4031.67"", ""qty"": ""0.145"", ""clientOrderId"": ""TP_AUTO_TP_1759017837987""}, {""price"": ""0"", ""qty"": ""0"", ""clientOrderId"": ""x-Cb7ytekJb1052964c37d6ab1472146""}]",3818.63,v1,ETHUSDT
2025-09-28T00:04:28.568401+00:00,"{'tipo': 'SOPORTE', 'precio': 200.0, 'volumen': 1552.9139999999998}",4019.75,0.145,4019.60937931,0.0,"[{""side"": ""SELL"", ""price"": ""0"", ""qty"": ""0"", ""reduceOnly"": true}, {""side"": ""BUY"", ""price"": ""4010.72"", ""qty"": ""0.024"", ""reduceOnly"": false}, {""side"": ""BUY"", ""price"": ""4013.73"", ""qty"": ""0.024"", ""reduceOnly"": false}, {""side"": ""SELL"", ""price"": ""4031.67"", ""qty"": ""0.145"", ""reduceOnly"": true}, {""side"": ""BUY"", ""price"": ""4007.70"", ""qty"": ""0.024"", ""reduceOnly"": false}]","[{""price"": ""0"", ""qty"": ""0"", ""clientOrderId"": ""x-Cb7ytekJ3b079feef83b3c4698a6a1""}, {""price"": ""4031.67"", ""qty"": ""0.145"", ""clientOrderId"": ""TP_AUTO_TP_1759017867653""}]",3818.63,v1,ETHUSDT
2025-09-28T00:04:55.379910+00:00,"{'tipo': 'SOPORTE', 'precio': 200.0, 'volumen': 1546.9399999999998}",4020.39,0.145,4019.60937931,0.0,"[{""side"": ""SELL"", ""price"": ""0"", ""qty"": ""0"", ""reduceOnly"": true}, {""side"": ""BUY"", ""price"": ""4010.72"", ""qty"": ""0.024"", ""reduceOnly"": false}, {""side"": ""BUY"", ""price"": ""4013.73"", ""qty"": ""0.024"", ""reduceOnly"": false}, {""side"": ""SELL"", ""price"": ""4031.67"", ""qty"": ""0.145"", ""reduceOnly"": true}, {""side"": ""BUY"", ""price"": ""4007.70"", ""qty"": ""0.024"", ""reduceOnly"": false}]","[{""price"": ""0"", ""qty"": ""0"", ""clientOrderId"": ""x-Cb7ytekJ3b079feef83b3c4698a6a1""}, {""price"": ""4031.67"", ""qty"": ""0.145"", ""clientOrderId"": ""TP_AUTO_TP_1759017867653""}]",3818.63,v1,ETHUSDT
2025-09-28T00:04:58.692120+00:00,"{'tipo': 'SOPORTE', 'precio': 3000.0, 'volumen': 1560.9619999999998}",4020.4,0.145,4019.60937931,0.0,"[{""side"": ""SELL"", ""price"": ""4031.67"", ""qty"": ""0.145"", ""reduceOnly"": true}, {""side"": ""BUY"", ""price"": ""4008.33"", ""qty"": ""0.024"", ""reduceOnly"": false}, {""side"": ""BUY"", ""price"": ""4014.36"", ""qty"": ""0.024"", ""reduceOnly"": false}, {""side"": ""SELL"", ""price"": ""0"", ""qty"": ""0"", ""reduceOnly"": true}, {""side"": ""BUY"", ""price"": ""4011.34"", ""qty"": ""0.024"", ""reduceOnly"": false}]","[{""price"": ""4031.67"", ""qty"": ""0.145"", ""clientOrderId"": ""TP_AUTO_TP_1759017897739""}, {""price"": ""0"", ""qty"": ""0"", ""clientOrderId"": ""x-Cb7ytekJ6a4855e144e8c243dc9653""}]",3818.63,v1,ETHUSDT
2025-09-28T00:05:25.402691+00:00,"{'tipo': 'SOPORTE', 'precio': 3000.0, 'volumen': 1591.4579999999999}",4019.81,0.145,4019.60937931,0.0,"[{""side"": ""SELL"", ""price"": ""4031.67"", ""qty"": ""0.145"", ""reduceOnly"": true}, {""side"": ""BUY"", ""price"": ""4008.33"", ""qty"": ""0.024"", ""reduceOnly"": false}, {""side"": ""BUY"", ""price"": ""4014.36"", ""qty"": ""0.024"", ""reduceOnly"": false}, {""side"": ""SELL"", ""price"": ""0"", ""qty"": ""0"", ""reduceOnly"": true}, {""side"": ""BUY"", ""price"": ""4011.34"", ""qty"": ""0.024"", ""reduceOnly"": false}]","[{""price"": ""4031.67"", ""qty"": ""0.145"", ""clientOrderId"": ""TP_AUTO_TP_1759017897739""}, {""price"": ""0"", ""qty"": ""0"", ""clientOrderId"": ""x-Cb7ytekJ6a4855e144e8c243dc9653""}]",3818.63,v1,ETHUSDT
2025-09-28T00:05:28.682402+00:00,"{'tipo': 'SOPORTE', 'precio': 3000.0, 'volumen': 1591.4579999999999}",4019.94,0.145,4019.60937931,0.0,"[{""side"": ""BUY"", ""price"": ""4013.78"", ""qty"": ""0.024"", ""reduceOnly"": false}, {""side"": ""BUY"", ""price"": ""4010.77"", ""qty"": ""0.024"", ""reduceOnly"": false}, {""side"": ""SELL"", ""price"": ""0"", ""qty"": ""0"", ""reduceOnly"": true}, {""side"": ""BUY"", ""price"": ""4007.75"", ""qty"": ""0.024"", ""reduceOnly"": false}, {""side"": ""SELL"", ""price"": ""4031.67"", ""qty"": ""0.145"", ""reduceOnly"": true}]","[{""price"": ""0"", ""qty"": ""0"", ""clientOrderId"": ""x-Cb7ytekJ158dbe6270a88039281513""}, {""price"": ""4031.67"", ""qty"": ""0.145"", ""clientOrderId"": ""TP_AUTO_TP_1759017927760""}]",3818.63,v1,ETHUSDT
2025-09-28T00:05:55.721388+00:00,"{'tipo': 'SOPORTE', 'precio': 200.0, 'volumen': 329.71999999999997}",4017.88,0.145,4019.60937931,0.0,"[{""side"": ""BUY"", ""price"": ""4013.78"", ""qty"": ""0.024"", ""reduceOnly"": false}, {""side"": ""BUY"", ""price"": ""4010.77"", ""qty"": ""0.024"", ""reduceOnly"": false}, {""side"": ""SELL"", ""price"": ""0"", ""qty"": ""0"", ""reduceOnly"": true}, {""side"": ""BUY"", ""price"": ""4007.75"", ""qty"": ""0.024"", ""reduceOnly"": false}, {""side"": ""SELL"", ""price"": ""4031.67"", ""qty"": ""0.145"", ""reduceOnly"": true}]","[{""price"": ""0"", ""qty"": ""0"", ""clientOrderId"": ""x-Cb7ytekJ158dbe6270a88039281513""}, {""price"": ""4031.67"", ""qty"": ""0.145"", ""clientOrderId"": ""TP_AUTO_TP_1759017927760""}]",3818.63,v1,ETHUSDT
2025-09-28T00:05:59.311243+00:00,"{'tipo': 'SOPORTE', 'precio': 200.0, 'volumen': 329.71999999999997}",4017.87,0.145,4019.60937931,0.0,"[{""side"": ""BUY"", ""price"": ""4008.84"", ""qty"": ""0.024"", ""reduceOnly"": false}, {""side"": ""BUY"", ""price"": ""4005.83"", ""qty"": ""0.024"", ""reduceOnly"": false}, {""side"": ""SELL"", ""price"": ""4031.67"", ""qty"": ""0.145"", ""reduceOnly"": true}, {""side"": ""BUY"", ""price"": ""4014.87"", ""qty"": ""0.024"", ""reduceOnly"": false}, {""side"": ""BUY"", ""price"": ""4011.85"", ""qty"": ""0.024"", ""reduceOnly"": false}, {""side"": ""SELL"", ""price"": ""0"", ""qty"": ""0"", ""reduceOnly"": true}]","[{""price"": ""4031.67"", ""qty"": ""0.145"", ""clientOrderId"": ""TP_AUTO_TP_1759017958382""}, {""price"": ""0"", ""qty"": ""0"", ""clientOrderId"": ""x-Cb7ytekJ5bf86bc3d0125075c3746d""}]",3818.63,v1,ETHUSDT
2025-09-28T00:06:25.469790+00:00,"{'tipo': 'SOPORTE', 'precio': 200.0, 'volumen': 1637.4379999999999}",4016.91,0.145,4019.60937931,0.0,"[{""side"": ""BUY"", ""price"": ""4008.84"", ""qty"": ""0.024"", ""reduceOnly"": false}, {""side"": ""BUY"", ""price"": ""4005.83"", ""qty"": ""0.024"", ""reduceOnly"": false}, {""side"": ""SELL"", ""price"": ""4031.67"", ""qty"": ""0.145"", ""reduceOnly"": true}, {""side"": ""BUY"", ""price"": ""4014.87"", ""qty"": ""0.024"", ""reduceOnly"": false}, {""side"": ""BUY"", ""price"": ""4011.85"", ""qty"": ""0.024"", ""reduceOnly"": false}, {""side"": ""SELL"", ""price"": ""0"", ""qty"": ""0"", ""reduceOnly"": true}]","[{""price"": ""4031.67"", ""qty"": ""0.145"", ""clientOrderId"": ""TP_AUTO_TP_1759017958382""}, {""price"": ""0"", ""qty"": ""0"", ""clientOrderId"": ""x-Cb7ytekJ5bf86bc3d0125075c3746d""}]",3818.63,v1,ETHUSDT
2025-09-28T00:06:29.039552+00:00,DUMP,4016.92,0.145,4019.60937931,0.0,"[{""side"": ""BUY"", ""price"": ""4007.87"", ""qty"": ""0.024"", ""reduceOnly"": false}, {""side"": ""SELL"", ""price"": ""4031.67"", ""qty"": ""0.145"", ""reduceOnly"": true}, {""side"": ""BUY"", ""price"": ""4004.86"", ""qty"": ""0.024"", ""reduceOnly"": false}, {""side"": ""BUY"", ""price"": ""4013.90"", ""qty"": ""0.024"", ""reduceOnly"": false}, {""side"": ""BUY"", ""price"": ""4010.88"", ""qty"": ""0.024"", ""reduceOnly"": false}, {""side"": ""SELL"", ""price"": ""0"", ""qty"": ""0"", ""reduceOnly"": true}]","[{""price"": ""4031.67"", ""qty"": ""0.145"", ""clientOrderId"": ""TP_AUTO_TP_1759017988120""}, {""price"": ""0"", ""qty"": ""0"", ""clientOrderId"": ""x-Cb7ytekJ4372b038950cbf6001407f""}]",3818.63,v1,ETHUSDT
2025-09-28T00:06:55.484585+00:00,"{'tipo': 'SOPORTE', 'precio': 3613.5, 'volumen': 238.822}",4015.01,0.145,4019.60937931,0.0,"[{""side"": ""BUY"", ""price"": ""4007.87"", ""qty"": ""0.024"", ""reduceOnly"": false}, {""side"": ""SELL"", ""price"": ""4031.67"", ""qty"": ""0.145"", ""reduceOnly"": true}, {""side"": ""BUY"", ""price"": ""4004.86"", ""qty"": ""0.024"", ""reduceOnly"": false}, {""side"": ""BUY"", ""price"": ""4013.90"", ""qty"": ""0.024"", ""reduceOnly"": false}, {""side"": ""BUY"", ""price"": ""4010.88"", ""qty"": ""0.024"", ""reduceOnly"": false}, {""side"": ""SELL"", ""price"": ""0"", ""qty"": ""0"", ""reduceOnly"": true}]","[{""price"": ""4031.67"", ""qty"": ""0.145"", ""clientOrderId"": ""TP_AUTO_TP_1759017988120""}, {""price"": ""0"", ""qty"": ""0"", ""clientOrderId"": ""x-Cb7ytekJ4372b038950cbf6001407f""}]",3818.63,v1,ETHUSDT
2025-09-28T00:06:59.069366+00:00,"{'tipo': 'SOPORTE', 'precio': 3613.5, 'volumen': 238.822}",4015.01,0.145,4019.60937931,0.0,"[{""side"": ""BUY"", ""price"": ""4008.99"", ""qty"": ""0.024"", ""reduceOnly"": false}, {""side"": ""SELL"", ""price"": ""4031.67"", ""qty"": ""0.145"", ""reduceOnly"": true}, {""side"": ""SELL"", ""price"": ""0"", ""qty"": ""0"", ""reduceOnly"": true}, {""side"": ""BUY"", ""price"": ""4012"", ""qty"": ""0.024"", ""reduceOnly"": false}, {""side"": ""BUY"", ""price"": ""4005.98"", ""qty"": ""0.024"", ""reduceOnly"": false}, {""side"": ""BUY"", ""price"": ""4002.96"", ""qty"": ""0.024"", ""reduceOnly"": false}]","[{""price"": ""4031.67"", ""qty"": ""0.145"", ""clientOrderId"": ""TP_AUTO_TP_1759018018145""}, {""price"": ""0"", ""qty"": ""0"", ""clientOrderId"": ""x-Cb7ytekJ99f910c833d1d0e361fc9a""}]",3818.63,v1,ETHUSDT
2025-09-28T00:07:17.410630+00:00,"{'tipo': 'SOPORTE', 'precio': 200.0, 'volumen': 750.556}",4014.76,0.145,4019.60937931,0.0,"[{""side"": ""BUY"", ""price"": ""4008.99"", ""qty"": ""0.024"", ""reduceOnly"": false}, {""side"": ""SELL"", ""price"": ""4031.67"", ""qty"": ""0.145"", ""reduceOnly"": true}, {""side"": ""SELL"", ""price"": ""0"", ""qty"": ""0"", ""reduceOnly"": true}, {""side"": ""BUY"", ""price"": ""4012"", ""qty"": ""0.024"", ""reduceOnly"": false}, {""side"": ""BUY"", ""price"": ""4005.98"", ""qty"": ""0.024"", ""reduceOnly"": false}, {""side"": ""BUY"", ""price"": ""4002.96"", ""qty"": ""0.024"", ""reduceOnly"": false}]","[{""price"": ""4031.67"", ""qty"": ""0.145"", ""clientOrderId"": ""TP_AUTO_TP_1759018018145""}, {""price"": ""0"", ""qty"": ""0"", ""clientOrderId"": ""x-Cb7ytekJ99f910c833d1d0e361fc9a""}]",3818.63,v1,ETHUSDT
2025-09-28T00:07:21.051414+00:00,"{'tipo': 'SOPORTE', 'precio': 200.0, 'volumen': 750.556}",4014.76,0.145,4019.60937931,0.0,"[{""side"": ""SELL"", ""price"": ""0"", ""qty"": ""0"", ""reduceOnly"": true}, {""side"": ""BUY"", ""price"": ""4008.74"", ""qty"": ""0.024"", ""reduceOnly"": false}, {""side"": ""BUY"", ""price"": ""4002.72"", ""qty"": ""0.024"", ""reduceOnly"": false}, {""side"": ""BUY"", ""price"": ""4005.73"", ""qty"": ""0.024"", ""reduceOnly"": false}, {""side"": ""BUY"", ""price"": ""4011.75"", ""qty"": ""0.024"", ""reduceOnly"": false}, {""side"": ""SELL"", ""price"": ""4031.67"", ""qty"": ""0.145"", ""reduceOnly"": true}]","[{""price"": ""0"", ""qty"": ""0"", ""clientOrderId"": ""x-Cb7ytekJ5bd2efb926b11dc67cc9d7""}, {""price"": ""4031.67"", ""qty"": ""0.145"", ""clientOrderId"": ""TP_AUTO_TP_1759018040120""}]",3818.63,v1,ETHUSDT
2025-09-28T00:07:27.929204+00:00,DUMP,4012.0,0.16899999999999998,4018.4932544375743,0.0192564,"[{""side"": ""SELL"", ""price"": ""0"", ""qty"": ""0"", ""reduceOnly"": true}, {""side"": ""BUY"", ""price"": ""4008.74"", ""qty"": ""0.024"", ""reduceOnly"": false}, {""side"": ""SELL"", ""price"": ""4030.55"", ""qty"": ""0.168"", ""reduceOnly"": true}, {""side"": ""BUY"", ""price"": ""4002.72"", ""qty"": ""0.024"", ""reduceOnly"": false}, {""side"": ""BUY"", ""price"": ""4005.73"", ""qty"": ""0.024"", ""reduceOnly"": false}, {""side"": ""SELL"", ""price"": ""0"", ""qty"": ""0"", ""reduceOnly"": true}]","[{""price"": ""0"", ""qty"": ""0"", ""clientOrderId"": ""x-Cb7ytekJ5bd2efb926b11dc67cc9d7""}, {""price"": ""4030.55"", ""qty"": ""0.168"", ""clientOrderId"": ""TP_AUTO_TP_1759018046995""}, {""price"": ""0"", ""qty"": ""0"", ""clientOrderId"": ""x-Cb7ytekJf0a472aaebd63626e270dd""}]",3818.63,v1,ETHUSDT
2025-09-28T00:09:44.974967+00:00,"{'tipo': 'SOPORTE', 'precio': 200.0, 'volumen': 1602.676}",4009.15,0.19299999999999998,4017.280414507513,0.03849835,"[{""side"": ""SELL"", ""price"": ""0"", ""qty"": ""0"", ""reduceOnly"": true}, {""side"": ""SELL"", ""price"": ""4029.33"", ""qty"": ""0.192"", ""reduceOnly"": true}, {""side"": ""BUY"", ""price"": ""4002.72"", ""qty"": ""0.024"", ""reduceOnly"": false}, {""side"": ""BUY"", ""price"": ""4005.73"", ""qty"": ""0.024"", ""reduceOnly"": false}, {""side"": ""SELL"", ""price"": ""0"", ""qty"": ""0"", ""reduceOnly"": true}, {""side"": ""SELL"", ""price"": ""0"", ""qty"": ""0"", ""reduceOnly"": true}]","[{""price"": ""0"", ""qty"": ""0"", ""clientOrderId"": ""x-Cb7ytekJ5bd2efb926b11dc67cc9d7""}, {""price"": ""4029.33"", ""qty"": ""0.192"", ""clientOrderId"": ""TP_AUTO_TP_1759018184053""}, {""price"": ""0"", ""qty"": ""0"", ""clientOrderId"": ""x-Cb7ytekJf0a472aaebd63626e270dd""}, {""price"": ""0"", ""qty"": ""0"", ""clientOrderId"": ""x-Cb7ytekJ4ff1377f850ab18410a3b9""}]",3818.63,v1,ETHUSDT
2025-09-28T00:10:17.454370+00:00,"{'tipo': 'SOPORTE', 'precio': 3000.0, 'volumen': 1574.3680000000002}",4009.39,0.19299999999999998,4017.280414507513,0.03849835,"[{""side"": ""SELL"", ""price"": ""0"", ""qty"": ""0"", ""reduceOnly"": true}, {""side"": ""SELL"", ""price"": ""4029.33"", ""qty"": ""0.192"", ""reduceOnly"": true}, {""side"": ""BUY"", ""price"": ""4002.72"", ""qty"": ""0.024"", ""reduceOnly"": false}, {""side"": ""BUY"", ""price"": ""4005.73"", ""qty"": ""0.024"", ""reduceOnly"": false}, {""side"": ""SELL"", ""price"": ""0"", ""qty"": ""0"", ""reduceOnly"": true}, {""side"": ""SELL"", ""price"": ""0"", ""qty"": ""0"", ""reduceOnly"": true}]","[{""price"": ""0"", ""qty"": ""0"", ""clientOrderId"": ""x-Cb7ytekJ5bd2efb926b11dc67cc9d7""}, {""price"": ""4029.33"", ""qty"": ""0.192"", ""clientOrderId"": ""TP_AUTO_TP_1759018184053""}, {""price"": ""0"", ""qty"": ""0"", ""clientOrderId"": ""x-Cb7ytekJf0a472aaebd63626e270dd""}, {""price"": ""0"", ""qty"": ""0"", ""clientOrderId"": ""x-Cb7ytekJ4ff1377f850ab18410a3b9""}]",3818.63,v1,ETHUSDT
2025-09-28T00:10:21.293195+00:00,"{'tipo': 'SOPORTE', 'precio': 3000.0, 'volumen': 1574.3680000000002}",4009.59,0.19299999999999998,4017.280414507513,0.03849835,"[{""side"": ""BUY"", ""price"": ""4006.38"", ""qty"": ""0.024"", ""reduceOnly"": false}, {""side"": ""SELL"", ""price"": ""0"", ""qty"": ""0"", ""reduceOnly"": true}, {""side"": ""SELL"", ""price"": ""4029.33"", ""qty"": ""0.192"", ""reduceOnly"": true}, {""side"": ""BUY"", ""price"": ""4000.37"", ""qty"": ""0.024"", ""reduceOnly"": false}, {""side"": ""BUY"", ""price"": ""3997.36"", ""qty"": ""0.025"", ""reduceOnly"": false}, {""side"": ""BUY"", ""price"": ""4003.38"", ""qty"": ""0.024"", ""reduceOnly"": false}]","[{""price"": ""0"", ""qty"": ""0"", ""clientOrderId"": ""x-Cb7ytekJ5c117da75231d649c873c4""}, {""price"": ""4029.33"", ""qty"": ""0.192"", ""clientOrderId"": ""TP_AUTO_TP_1759018220229""}]",3816.42,v1,ETHUSDT
2025-09-28T00:12:10.052572+00:00,"{'tipo': 'SOPORTE', 'precio': 200.0, 'volumen': 1557.6080000000002}",4008.92,0.21699999999999997,4016.074838709447,0.057728970000000004,"[{""side"": ""SELL"", ""price"": ""0"", ""qty"": ""0"", ""reduceOnly"": true}, {""side"": ""SELL"", ""price"": ""4028.12"", ""qty"": ""0.216"", ""reduceOnly"": true}, {""side"": ""SELL"", ""price"": ""0"", ""qty"": ""0"", ""reduceOnly"": true}, {""side"": ""BUY"", ""price"": ""4000.37"", ""qty"": ""0.024"", ""reduceOnly"": false}, {""side"": ""BUY"", ""price"": ""3997.36"", ""qty"": ""0.025"", ""reduceOnly"": false}, {""side"": ""BUY"", ""price"": ""4003.38"", ""qty"": ""0.024"", ""reduceOnly"": false}]","[{""price"": ""0"", ""qty"": ""0"", ""clientOrderId"": ""x-Cb7ytekJ5c117da75231d649c873c4""}, {""price"": ""4028.12"", ""qty"": ""0.216"", ""clientOrderId"": ""TP_AUTO_TP_1759018328528""}, {""price"": ""0"", ""qty"": ""0"", ""clientOrderId"": ""x-Cb7ytekJ5dd5810150eaa0c6e49055""}]",3816.42,v1,ETHUSDT
2025-09-28T00:13:17.438623+00:00,"{'tipo': 'SOPORTE', 'precio': 200.0, 'volumen': 141.884}",4007.81,0.21699999999999997,4016.074838709447,0.057728970000000004,"[{""side"": ""SELL"", ""price"": ""0"", ""qty"": ""0"", ""reduceOnly"": true}, {""side"": ""SELL"", ""price"": ""4028.12"", ""qty"": ""0.216"", ""reduceOnly"": true}, {""side"": ""SELL"", ""price"": ""0"", ""qty"": ""0"", ""reduceOnly"": true}, {""side"": ""BUY"", ""price"": ""4000.37"", ""qty"": ""0.024"", ""reduceOnly"": false}, {""side"": ""BUY"", ""price"": ""3997.36"", ""qty"": ""0.025"", ""reduceOnly"": false}, {""side"": ""BUY"", ""price"": ""4003.38"", ""qty"": ""0.024"", ""reduceOnly"": false}]","[{""price"": ""0"", ""qty"": ""0"", ""clientOrderId"": ""x-Cb7ytekJ5c117da75231d649c873c4""}, {""price"": ""4028.12"", ""qty"": ""0.216"", ""clientOrderId"": ""TP_AUTO_TP_1759018328528""}, {""price"": ""0"", ""qty"": ""0"", ""clientOrderId"": ""x-Cb7ytekJ5dd5810150eaa0c6e49055""}]",3816.42,v1,ETHUSDT
2025-09-28T00:13:21.032398+00:00,"{'tipo': 'SOPORTE', 'precio': 200.0, 'volumen': 141.884}",4007.81,0.21699999999999997,4016.074838709447,0.057728970000000004,"[{""side"": ""BUY"", ""price"": ""3995.79"", ""qty"": ""0.025"", ""reduceOnly"": false}, {""side"": ""SELL"", ""price"": ""0"", ""qty"": ""0"", ""reduceOnly"": true}, {""side"": ""SELL"", ""price"": ""4028.12"", ""qty"": ""0.216"", ""reduceOnly"": true}, {""side"": ""BUY"", ""price"": ""4004.80"", ""qty"": ""0.024"", ""reduceOnly"": false}, {""side"": ""BUY"", ""price"": ""3998.79"", ""qty"": ""0.025"", ""reduceOnly"": false}, {""side"": ""BUY"", ""price"": ""4001.80"", ""qty"": ""0.024"", ""reduceOnly"": false}]","[{""price"": ""0"", ""qty"": ""0"", ""clientOrderId"": ""x-Cb7ytekJ81e8c112329ba0a30bb4eb""}, {""price"": ""4028.12"", ""qty"": ""0.216"", ""clientOrderId"": ""TP_AUTO_TP_1759018400094""}]",3815.27,v1,ETHUSDT
2025-09-28T00:16:17.487570+00:00,"{'tipo': 'SOPORTE', 'precio': 3809.31, 'volumen': 509.92699999999996}",4009.6,0.21699999999999997,4016.074838709447,0.057728970000000004,"[{""side"": ""BUY"", ""price"": ""3995.79"", ""qty"": ""0.025"", ""reduceOnly"": false}, {""side"": ""SELL"", ""price"": ""0"", ""qty"": ""0"", ""reduceOnly"": true}, {""side"": ""SELL"", ""price"": ""4028.12"", ""qty"": ""0.216"", ""reduceOnly"": true}, {""side"": ""BUY"", ""price"": ""4004.80"", ""qty"": ""0.024"", ""reduceOnly"": false}, {""side"": ""BUY"", ""price"": ""3998.79"", ""qty"": ""0.025"", ""reduceOnly"": false}, {""side"": ""BUY"", ""price"": ""4001.80"", ""qty"": ""0.024"", ""reduceOnly"": false}]","[{""price"": ""0"", ""qty"": ""0"", ""clientOrderId"": ""x-Cb7ytekJ81e8c112329ba0a30bb4eb""}, {""price"": ""4028.12"", ""qty"": ""0.216"", ""clientOrderId"": ""TP_AUTO_TP_1759018400094""}]",3815.27,v1,ETHUSDT
2025-09-28T00:16:21.049328+00:00,"{'tipo': 'SOPORTE', 'precio': 3809.31, 'volumen': 509.92699999999996}",4009.6,0.21699999999999997,4016.074838709447,0.057728970000000004,"[{""side"": ""SELL"", ""price"": ""4028.12"", ""qty"": ""0.216"", ""reduceOnly"": true}, {""side"": ""BUY"", ""price"": ""4000.58"", ""qty"": ""0.024"", ""reduceOnly"": false}, {""side"": ""BUY"", ""price"": ""3997.57"", ""qty"": ""0.025"", ""reduceOnly"": false}, {""side"": ""BUY"", ""price"": ""4006.59"", ""qty"": ""0.024"", ""reduceOnly"": false}, {""side"": ""BUY"", ""price"": ""4003.59"", ""qty"": ""0.024"", ""reduceOnly"": false}, {""side"": ""SELL"", ""price"": ""0"", ""qty"": ""0"", ""reduceOnly"": true}]","[{""price"": ""4028.12"", ""qty"": ""0.216"", ""clientOrderId"": ""TP_AUTO_TP_1759018580128""}, {""price"": ""0"", ""qty"": ""0"", ""clientOrderId"": ""x-Cb7ytekJ5dda2e1e1656e3690856fc""}]",3815.27,v1,ETHUSDT
2025-09-28T00:19:17.500699+00:00,"{'tipo': 'SOPORTE', 'precio': 3000.0, 'volumen': 1570.991}",4016.29,0.21699999999999997,4016.074838709447,0.057728970000000004,"[{""side"": ""SELL"", ""price"": ""4028.12"", ""qty"": ""0.216"", ""reduceOnly"": true}, {""side"": ""BUY"", ""price"": ""4000.58"", ""qty"": ""0.024"", ""reduceOnly"": false}, {""side"": ""BUY"", ""price"": ""3997.57"", ""qty"": ""0.025"", ""reduceOnly"": false}, {""side"": ""BUY"", ""price"": ""4006.59"", ""qty"": ""0.024"", ""reduceOnly"": false}, {""side"": ""BUY"", ""price"": ""4003.59"", ""qty"": ""0.024"", ""reduceOnly"": false}, {""side"": ""SELL"", ""price"": ""0"", ""qty"": ""0"", ""reduceOnly"": true}]","[{""price"": ""4028.12"", ""qty"": ""0.216"", ""clientOrderId"": ""TP_AUTO_TP_1759018580128""}, {""price"": ""0"", ""qty"": ""0"", ""clientOrderId"": ""x-Cb7ytekJ5dda2e1e1656e3690856fc""}]",3815.27,v1,ETHUSDT
2025-09-28T00:19:20.777222+00:00,"{'tipo': 'SOPORTE', 'precio': 3000.0, 'volumen': 1570.991}",4016.3,0.21699999999999997,4016.074838709447,0.057728970000000004,"[{""side"": ""SELL"", ""price"": ""0"", ""qty"": ""0"", ""reduceOnly"": true}, {""side"": ""BUY"", ""price"": ""4004.24"", ""qty"": ""0.024"", ""reduceOnly"": false}, {""side"": ""SELL"", ""price"": ""4028.12"", ""qty"": ""0.216"", ""reduceOnly"": true}, {""side"": ""BUY"", ""price"": ""4010.27"", ""qty"": ""0.024"", ""reduceOnly"": false}, {""side"": ""BUY"", ""price"": ""4007.25"", ""qty"": ""0.024"", ""reduceOnly"": false}]","[{""price"": ""0"", ""qty"": ""0"", ""clientOrderId"": ""x-Cb7ytekJ481d312de4c950dc68a7c7""}, {""price"": ""4028.12"", ""qty"": ""0.216"", ""clientOrderId"": ""TP_AUTO_TP_1759018759850""}]",3815.27,v1,ETHUSDT
2025-09-28T00:22:17.585133+00:00,"{'tipo': 'SOPORTE', 'precio': 200.0, 'volumen': 1563.9689999999998}",4017.95,0.21699999999999997,4016.074838709447,0.057728970000000004,"[{""side"": ""SELL"", ""price"": ""0"", ""qty"": ""0"", ""reduceOnly"": true}, {""side"": ""BUY"", ""price"": ""4004.24"", ""qty"": ""0.024"", ""reduceOnly"": false}, {""side"": ""SELL"", ""price"": ""4028.12"", ""qty"": ""0.216"", ""reduceOnly"": true}, {""side"": ""BUY"", ""price"": ""4010.27"", ""qty"": ""0.024"", ""reduceOnly"": false}, {""side"": ""BUY"", ""price"": ""4007.25"", ""qty"": ""0.024"", ""reduceOnly"": false}]","[{""price"": ""0"", ""qty"": ""0"", ""clientOrderId"": ""x-Cb7ytekJ481d312de4c950dc68a7c7""}, {""price"": ""4028.12"", ""qty"": ""0.216"", ""clientOrderId"": ""TP_AUTO_TP_1759018759850""}]",3815.27,v1,ETHUSDT
2025-09-28T00:22:20.817832+00:00,"{'tipo': 'SOPORTE', 'precio': 200.0, 'volumen': 1563.9689999999998}",4017.94,0.21699999999999997,4016.074838709447,0.057728970000000004,"[{""side"": ""BUY"", ""price"": ""4005.90"", ""qty"": ""0.024"", ""reduceOnly"": false}, {""side"": ""BUY"", ""price"": ""4011.92"", ""qty"": ""0.024"", ""reduceOnly"": false}, {""side"": ""SELL"", ""price"": ""0"", ""qty"": ""0"", ""reduceOnly"": true}, {""side"": ""SELL"", ""price"": ""4028.12"", ""qty"": ""0.216"", ""reduceOnly"": true}, {""side"": ""BUY"", ""price"": ""4008.91"", ""qty"": ""0.024"", ""reduceOnly"": false}]","[{""price"": ""0"", ""qty"": ""0"", ""clientOrderId"": ""x-Cb7ytekJ45512f349dbcbaf75e9528""}, {""price"": ""4028.12"", ""qty"": ""0.216"", ""clientOrderId"": ""TP_AUTO_TP_1759018939905""}]",3815.27,v1,ETHUSDT
2025-09-28T00:25:17.679434+00:00,"{'tipo': 'SOPORTE', 'precio': 200.0, 'volumen': 1546.392}",4021.81,0.21699999999999997,4016.074838709447,0.057728970000000004,"[{""side"": ""BUY"", ""price"": ""4005.90"", ""qty"": ""0.024"", ""reduceOnly"": false}, {""side"": ""BUY"", ""price"": ""4011.92"", ""qty"": ""0.024"", ""reduceOnly"": false}, {""side"": ""SELL"", ""price"": ""0"", ""qty"": ""0"", ""reduceOnly"": true}, {""side"": ""SELL"", ""price"": ""4028.12"", ""qty"": ""0.216"", ""reduceOnly"": true}, {""side"": ""BUY"", ""price"": ""4008.91"", ""qty"": ""0.024"", ""reduceOnly"": false}]","[{""price"": ""0"", ""qty"": ""0"", ""clientOrderId"": ""x-Cb7ytekJ45512f349dbcbaf75e9528""}, {""price"": ""4028.12"", ""qty"": ""0.216"", ""clientOrderId"": ""TP_AUTO_TP_1759018939905""}]",3815.27,v1,ETHUSDT
2025-09-28T00:25:20.329004+00:00,"{'tipo': 'SOPORTE', 'precio': 200.0, 'volumen': 1546.392}",4021.81,0.21699999999999997,4016.074838709447,0.057728970000000004,"[{""side"": ""SELL"", ""price"": ""4028.12"", ""qty"": ""0.216"", ""reduceOnly"": true}, {""side"": ""BUY"", ""price"": ""4009.74"", ""qty"": ""0.024"", ""reduceOnly"": false}, {""side"": ""SELL"", ""price"": ""0"", ""qty"": ""0"", ""reduceOnly"": true}]","[{""price"": ""4028.12"", ""qty"": ""0.216"", ""clientOrderId"": ""TP_AUTO_TP_1759019119415""}, {""price"": ""0"", ""qty"": ""0"", ""clientOrderId"": ""x-Cb7ytekJ11ce781b85c618becbb34b""}]",3815.27,v1,ETHUSDT
2025-09-28T00:28:17.706832+00:00,"{'tipo': 'SOPORTE', 'precio': 200.0, 'volumen': 296.492}",4028.64,0.21699999999999997,4016.074838709447,0.057728970000000004,"[{""side"": ""BUY"", ""price"": ""4009.74"", ""qty"": ""0.024"", ""reduceOnly"": false}, {""side"": ""SELL"", ""price"": ""0"", ""qty"": ""0"", ""reduceOnly"": true}]","[{""price"": ""0"", ""qty"": ""0"", ""clientOrderId"": ""x-Cb7ytekJ11ce781b85c618becbb34b""}]",3815.27,v1,ETHUSDT
2025-09-28T00:28:20.058454+00:00,"{'tipo': 'SOPORTE', 'precio': 200.0, 'volumen': 296.492}",4028.65,0.21699999999999997,4016.074838709447,0.057728970000000004,"[{""side"": ""SELL"", ""price"": ""0"", ""qty"": ""0"", ""reduceOnly"": true}]","[{""price"": ""0"", ""qty"": ""0"", ""clientOrderId"": ""x-Cb7ytekJ43c50f7720bbfeb9ba76b6""}]",3815.27,v1,ETHUSDT
2025-09-28T00:31:17.708271+00:00,"{'tipo': 'SOPORTE', 'precio': 200.0, 'volumen': 1547.803}",4027.14,0.21699999999999997,4016.074838709447,0.057728970000000004,"[{""side"": ""SELL"", ""price"": ""0"", ""qty"": ""0"", ""reduceOnly"": true}]","[{""price"": ""0"", ""qty"": ""0"", ""clientOrderId"": ""x-Cb7ytekJ43c50f7720bbfeb9ba76b6""}]",3815.27,v1,ETHUSDT
2025-09-28T00:31:20.042858+00:00,"{'tipo': 'SOPORTE', 'precio': 200.0, 'volumen': 1547.803}",4027.14,0.21699999999999997,4016.074838709447,0.057728970000000004,"[{""side"": ""SELL"", ""price"": ""0"", ""qty"": ""0"", ""reduceOnly"": true}]","[{""price"": ""0"", ""qty"": ""0"", ""clientOrderId"": ""x-Cb7ytekJc669f5655e27e65936b6af""}]",3815.27,v1,ETHUSDT
2025-09-28T00:34:17.993730+00:00,DUMP,4020.8,0.21699999999999997,4016.074838709447,0.057728970000000004,"[{""side"": ""SELL"", ""price"": ""0"", ""qty"": ""0"", ""reduceOnly"": true}]","[{""price"": ""0"", ""qty"": ""0"", ""clientOrderId"": ""x-Cb7ytekJc669f5655e27e65936b6af""}]",3815.27,v1,ETHUSDT
2025-09-28T00:34:21.290417+00:00,DUMP,4020.8,0.21699999999999997,4016.074838709447,0.057728970000000004,"[{""side"": ""BUY"", ""price"": ""3990.64"", ""qty"": ""0.025"", ""reduceOnly"": false}, {""side"": ""SELL"", ""price"": ""0"", ""qty"": ""0"", ""reduceOnly"": true}, {""side"": ""BUY"", ""price"": ""4000.70"", ""qty"": ""0.024"", ""reduceOnly"": false}, {""side"": ""BUY"", ""price"": ""4010.75"", ""qty"": ""0.024"", ""reduceOnly"": false}]","[{""price"": ""0"", ""qty"": ""0"", ""clientOrderId"": ""x-Cb7ytekJ844630b3cbd97714f4e5fc""}]",3815.27,v1,ETHUSDT
2025-09-28T00:37:17.776614+00:00,"{'tipo': 'SOPORTE', 'precio': 200.0, 'volumen': 1546.54}",4018.34,0.21699999999999997,4016.074838709447,0.057728970000000004,"[{""side"": ""BUY"", ""price"": ""3990.64"", ""qty"": ""0.025"", ""reduceOnly"": false}, {""side"": ""SELL"", ""price"": ""0"", ""qty"": ""0"", ""reduceOnly"": true}, {""side"": ""BUY"", ""price"": ""4000.70"", ""qty"": ""0.024"", ""reduceOnly"": false}, {""side"": ""BUY"", ""price"": ""4010.75"", ""qty"": ""0.024"", ""reduceOnly"": false}]","[{""price"": ""0"", ""qty"": ""0"", ""clientOrderId"": ""x-Cb7ytekJ844630b3cbd97714f4e5fc""}]",3815.27,v1,ETHUSDT
2025-09-28T00:37:20.750261+00:00,"{'tipo': 'SOPORTE', 'precio': 200.0, 'volumen': 1546.54}",4018.34,0.21699999999999997,4016.074838709447,0.057728970000000004,"[{""side"": ""BUY"", ""price"": ""4009.30"", ""qty"": ""0.024"", ""reduceOnly"": false}, {""side"": ""SELL"", ""price"": ""0"", ""qty"": ""0"", ""reduceOnly"": true}, {""side"": ""BUY"", ""price"": ""4006.28"", ""qty"": ""0.024"", ""reduceOnly"": false}]","[{""price"": ""0"", ""qty"": ""0"", ""clientOrderId"": ""x-Cb7ytekJ40d4a879f692e8328abbb7""}]",3815.27,v1,ETHUSDT
2025-09-28T00:38:59.559551+00:00,,200.0,0.0,0.0,0.0,"[{""side"": ""BUY"", ""price"": ""4009.30"", ""qty"": ""0.024"", ""reduceOnly"": false}, {""side"": ""SELL"", ""price"": ""0"", ""qty"": ""0"", ""reduceOnly"": true}, {""side"": ""BUY"", ""price"": ""4006.28"", ""qty"": ""0.024"", ""reduceOnly"": false}]","[{""price"": ""0"", ""qty"": ""0"", ""clientOrderId"": ""x-Cb7ytekJ40d4a879f692e8328abbb7""}]",3815.27,v1,ETHUSDT
2025-09-28T00:41:35.223406+00:00,,4021.88,0.0,0.0,0.0,[],[],,v1,ETHUSDT
2025-09-28T00:43:09.634496+00:00,,4022.99,0.0,0.0,0.0,"[{""side"": ""BUY"", ""price"": ""4015.34"", ""qty"": ""0.024"", ""reduceOnly"": false}, {""side"": ""BUY"", ""price"": ""4008.81"", ""qty"": ""0.024"", ""reduceOnly"": false}, {""side"": ""BUY"", ""price"": ""4002.27"", ""qty"": ""0.024"", ""reduceOnly"": false}]",[],,v1,ETHUSDT
2025-09-28T00:46:09.814607+00:00,"{'tipo': 'SOPORTE', 'precio': 3000.0, 'volumen': 1560.3120000000001}",4021.83,0.0,0.0,0.0,"[{""side"": ""BUY"", ""price"": ""4003.38"", ""qty"": ""0.024"", ""reduceOnly"": false}, {""side"": ""BUY"", ""price"": ""4009.92"", ""qty"": ""0.024"", ""reduceOnly"": false}, {""side"": ""BUY"", ""price"": ""4016.45"", ""qty"": ""0.024"", ""reduceOnly"": false}]",[],,v1,ETHUSDT
2025-09-28T00:47:12.780655+00:00,"{'tipo': 'SOPORTE', 'precio': 3000.0, 'volumen': 1561.854}",4018.92,0.024,4018.81,0.01929028,"[{""side"": ""SELL"", ""price"": ""0"", ""qty"": ""0"", ""reduceOnly"": true}, {""side"": ""BUY"", ""price"": ""4012.78"", ""qty"": ""0.024"", ""reduceOnly"": false}, {""side"": ""BUY"", ""price"": ""4009.76"", ""qty"": ""0.024"", ""reduceOnly"": false}, {""side"": ""BUY"", ""price"": ""4015.80"", ""qty"": ""0.024"", ""reduceOnly"": false}, {""side"": ""SELL"", ""price"": ""4030.87"", ""qty"": ""0.024"", ""reduceOnly"": true}]","[{""price"": ""0"", ""qty"": ""0"", ""clientOrderId"": ""x-Cb7ytekJ1c23654468d9a04f5cfb15""}, {""price"": ""4030.87"", ""qty"": ""0.024"", ""clientOrderId"": ""TP_AUTO_TP_1759020431766""}]",3817.87,v1,ETHUSDT
2025-09-28T00:48:29.788445+00:00,DUMP,4015.84,0.048,4017.3050000000003,0.038566119999999995,"[{""side"": ""SELL"", ""price"": ""0"", ""qty"": ""0"", ""reduceOnly"": true}, {""side"": ""SELL"", ""price"": ""4029.36"", ""qty"": ""0.048"", ""reduceOnly"": true}, {""side"": ""BUY"", ""price"": ""4012.78"", ""qty"": ""0.024"", ""reduceOnly"": false}, {""side"": ""SELL"", ""price"": ""0"", ""qty"": ""0"", ""reduceOnly"": true}, {""side"": ""BUY"", ""price"": ""4009.76"", ""qty"": ""0.024"", ""reduceOnly"": false}]","[{""price"": ""0"", ""qty"": ""0"", ""clientOrderId"": ""x-Cb7ytekJ1c23654468d9a04f5cfb15""}, {""price"": ""4029.36"", ""qty"": ""0.048"", ""clientOrderId"": ""TP_AUTO_TP_1759020508877""}, {""price"": ""0"", ""qty"": ""0"", ""clientOrderId"": ""x-Cb7ytekJe262d60aa26e8687e29812""}]",3817.87,v1,ETHUSDT
2025-09-28T00:49:09.804714+00:00,"{'tipo': 'SOPORTE', 'precio': 3000.0, 'volumen': 1558.7740000000001}",4015.87,0.048,4017.3050000000003,0.038566119999999995,"[{""side"": ""SELL"", ""price"": ""0"", ""qty"": ""0"", ""reduceOnly"": true}, {""side"": ""SELL"", ""price"": ""4029.36"", ""qty"": ""0.048"", ""reduceOnly"": true}, {""side"": ""BUY"", ""price"": ""4012.78"", ""qty"": ""0.024"", ""reduceOnly"": false}, {""side"": ""SELL"", ""price"": ""0"", ""qty"": ""0"", ""reduceOnly"": true}, {""side"": ""BUY"", ""price"": ""4009.76"", ""qty"": ""0.024"", ""reduceOnly"": false}]","[{""price"": ""0"", ""qty"": ""0"", ""clientOrderId"": ""x-Cb7ytekJ1c23654468d9a04f5cfb15""}, {""price"": ""4029.36"", ""qty"": ""0.048"", ""clientOrderId"": ""TP_AUTO_TP_1759020508877""}, {""price"": ""0"", ""qty"": ""0"", ""clientOrderId"": ""x-Cb7ytekJe262d60aa26e8687e29812""}]",3817.87,v1,ETHUSDT
2025-09-28T00:49:13.383491+00:00,"{'tipo': 'SOPORTE', 'precio': 3000.0, 'volumen': 1558.7740000000001}",3855.24,0.048,4017.3050000000003,0.038566119999999995,"[{""side"": ""BUY"", ""price"": ""4012.86"", ""qty"": ""0.024"", ""reduceOnly"": false}, {""side"": ""BUY"", ""price"": ""4006.83"", ""qty"": ""0.024"", ""reduceOnly"": false}, {""side"": ""SELL"", ""price"": ""4029.36"", ""qty"": ""0.048"", ""reduceOnly"": true}, {""side"": ""BUY"", ""price"": ""4003.82"", ""qty"": ""0.024"", ""reduceOnly"": false}, {""side"": ""BUY"", ""price"": ""4009.85"", ""qty"": ""0.024"", ""reduceOnly"": false}, {""side"": ""SELL"", ""price"": ""0"", ""qty"": ""0"", ""reduceOnly"": true}]","[{""price"": ""4029.36"", ""qty"": ""0.048"", ""clientOrderId"": ""TP_AUTO_TP_1759020552427""}, {""price"": ""0"", ""qty"": ""0"", ""clientOrderId"": ""x-Cb7ytekJc74d4d9b02de2b61bfcc94""}]",3816.44,v1,ETHUSDT
2025-09-28T00:51:46.046236+00:00,,4015.31,0.048,4017.305,0.0,"[{""side"": ""BUY"", ""price"": ""4012.86"", ""qty"": ""0.024"", ""reduceOnly"": false}, {""side"": ""BUY"", ""price"": ""4006.83"", ""qty"": ""0.024"", ""reduceOnly"": false}, {""side"": ""SELL"", ""price"": ""4029.36"", ""qty"": ""0.048"", ""reduceOnly"": true}, {""side"": ""BUY"", ""price"": ""4003.82"", ""qty"": ""0.024"", ""reduceOnly"": false}, {""side"": ""BUY"", ""price"": ""4009.85"", ""qty"": ""0.024"", ""reduceOnly"": false}, {""side"": ""SELL"", ""price"": ""0"", ""qty"": ""0"", ""reduceOnly"": true}]","[{""price"": ""4029.36"", ""qty"": ""0.048"", ""clientOrderId"": ""TP_AUTO_TP_1759020552427""}, {""price"": ""0"", ""qty"": ""0"", ""clientOrderId"": ""x-Cb7ytekJc74d4d9b02de2b61bfcc94""}]",3816.44,v1,ETHUSDT
2025-09-28T00:51:49.112896+00:00,"{'tipo': 'SOPORTE', 'precio': 3000.0, 'volumen': 1616.605}",3613.78,0.048,4017.305,0.0,"[{""side"": ""SELL"", ""price"": ""4029.36"", ""qty"": ""0.048"", ""reduceOnly"": true}, {""side"": ""SELL"", ""price"": ""0"", ""qty"": ""0"", ""reduceOnly"": true}, {""side"": ""BUY"", ""price"": ""4005.17"", ""qty"": ""0.024"", ""reduceOnly"": false}, {""side"": ""BUY"", ""price"": ""3995.03"", ""qty"": ""0.025"", ""reduceOnly"": false}]","[{""price"": ""4029.36"", ""qty"": ""0.048"", ""clientOrderId"": ""TP_AUTO_TP_1759020708141""}, {""price"": ""0"", ""qty"": ""0"", ""clientOrderId"": ""x-Cb7ytekJ588ff5234b120faed9f3f4""}]",3816.44,v1,ETHUSDT
2025-09-28T00:54:16.455383+00:00,"{'tipo': 'SOPORTE', 'precio': 3955.7, 'volumen': 434.081}",3642.95,0.048,4017.305,0.0,"[{""side"": ""SELL"", ""price"": ""4029.36"", ""qty"": ""0.048"", ""reduceOnly"": true}, {""side"": ""SELL"", ""price"": ""0"", ""qty"": ""0"", ""reduceOnly"": true}, {""side"": ""BUY"", ""price"": ""4005.17"", ""qty"": ""0.024"", ""reduceOnly"": false}, {""side"": ""BUY"", ""price"": ""3995.03"", ""qty"": ""0.025"", ""reduceOnly"": false}]","[{""price"": ""4029.36"", ""qty"": ""0.048"", ""clientOrderId"": ""TP_AUTO_TP_1759020708141""}, {""price"": ""0"", ""qty"": ""0"", ""clientOrderId"": ""x-Cb7ytekJ588ff5234b120faed9f3f4""}]",3816.44,v1,ETHUSDT
2025-09-28T00:54:19.570303+00:00,"{'tipo': 'SOPORTE', 'precio': 3955.7, 'volumen': 434.081}",4016.96,0.048,4017.305,0.0,"[{""side"": ""BUY"", ""price"": ""3638.40"", ""qty"": ""0.027"", ""reduceOnly"": false}, {""side"": ""SELL"", ""price"": ""4029.36"", ""qty"": ""0.048"", ""reduceOnly"": true}, {""side"": ""SELL"", ""price"": ""0"", ""qty"": ""0"", ""reduceOnly"": true}, {""side"": ""BUY"", ""price"": ""3633.84"", ""qty"": ""0.027"", ""reduceOnly"": false}]","[{""price"": ""4029.36"", ""qty"": ""0.048"", ""clientOrderId"": ""TP_AUTO_TP_1759020858645""}, {""price"": ""0"", ""qty"": ""0"", ""clientOrderId"": ""x-Cb7ytekJ56a7a09c50828477fb767e""}]",3816.44,v1,ETHUSDT
2025-09-28T00:56:46.139355+00:00,"{'tipo': 'SOPORTE', 'precio': 200.0, 'volumen': 157.84}",3935.28,0.048,4017.305,0.0,"[{""side"": ""BUY"", ""price"": ""3638.40"", ""qty"": ""0.027"", ""reduceOnly"": false}, {""side"": ""SELL"", ""price"": ""4029.36"", ""qty"": ""0.048"", ""reduceOnly"": true}, {""side"": ""SELL"", ""price"": ""0"", ""qty"": ""0"", ""reduceOnly"": true}, {""side"": ""BUY"", ""price"": ""3633.84"", ""qty"": ""0.027"", ""reduceOnly"": false}]","[{""price"": ""4029.36"", ""qty"": ""0.048"", ""clientOrderId"": ""TP_AUTO_TP_1759020858645""}, {""price"": ""0"", ""qty"": ""0"", ""clientOrderId"": ""x-Cb7ytekJ56a7a09c50828477fb767e""}]",3816.44,v1,ETHUSDT
2025-09-28T00:56:49.099978+00:00,"{'tipo': 'SOPORTE', 'precio': 200.0, 'volumen': 157.84}",4016.2,0.048,4017.305,0.0,"[{""side"": ""BUY"", ""price"": ""3925.44"", ""qty"": ""0.025"", ""reduceOnly"": false}, {""side"": ""SELL"", ""price"": ""4029.36"", ""qty"": ""0.048"", ""reduceOnly"": true}, {""side"": ""SELL"", ""price"": ""0"", ""qty"": ""0"", ""reduceOnly"": true}, {""side"": ""BUY"", ""price"": ""3930.36"", ""qty"": ""0.025"", ""reduceOnly"": false}]","[{""price"": ""4029.36"", ""qty"": ""0.048"", ""clientOrderId"": ""TP_AUTO_TP_1759021008177""}, {""price"": ""0"", ""qty"": ""0"", ""clientOrderId"": ""x-Cb7ytekJ421627905b55e09e01512a""}]",3816.44,v1,ETHUSDT
2025-09-28T00:59:34.145341+00:00,,4013.99,0.048,4017.305,0.0,"[{""side"": ""BUY"", ""price"": ""3925.44"", ""qty"": ""0.025"", ""reduceOnly"": false}, {""side"": ""SELL"", ""price"": ""4029.36"", ""qty"": ""0.048"", ""reduceOnly"": true}, {""side"": ""SELL"", ""price"": ""0"", ""qty"": ""0"", ""reduceOnly"": true}, {""side"": ""BUY"", ""price"": ""3930.36"", ""qty"": ""0.025"", ""reduceOnly"": false}]","[{""price"": ""4029.36"", ""qty"": ""0.048"", ""clientOrderId"": ""TP_AUTO_TP_1759021008177""}, {""price"": ""0"", ""qty"": ""0"", ""clientOrderId"": ""x-Cb7ytekJ421627905b55e09e01512a""}]",3816.44,v1,ETHUSDT
2025-09-28T00:59:36.806623+00:00,,4014.0,0.048,4017.305,0.0,"[{""side"": ""SELL"", ""price"": ""0"", ""qty"": ""0"", ""reduceOnly"": true}, {""side"": ""BUY"", ""price"": ""3993.92"", ""qty"": ""0.025"", ""reduceOnly"": false}, {""side"": ""SELL"", ""price"": ""4029.36"", ""qty"": ""0.048"", ""reduceOnly"": true}]","[{""price"": ""0"", ""qty"": ""0"", ""clientOrderId"": ""x-Cb7ytekJ2a8e0a2dd187a63d2da979""}, {""price"": ""4029.36"", ""qty"": ""0.048"", ""clientOrderId"": ""TP_AUTO_TP_1759021175869""}]",3816.44,v1,ETHUSDT
2025-09-28T01:00:11.238191+00:00,,4013.06,0.048,4017.305,0.0,"[{""side"": ""SELL"", ""price"": ""0"", ""qty"": ""0"", ""reduceOnly"": true}, {""side"": ""BUY"", ""price"": ""3993.92"", ""qty"": ""0.025"", ""reduceOnly"": false}, {""side"": ""SELL"", ""price"": ""4029.36"", ""qty"": ""0.048"", ""reduceOnly"": true}]","[{""price"": ""0"", ""qty"": ""0"", ""clientOrderId"": ""x-Cb7ytekJ2a8e0a2dd187a63d2da979""}, {""price"": ""4029.36"", ""qty"": ""0.048"", ""clientOrderId"": ""TP_AUTO_TP_1759021175869""}]",3816.44,v1,ETHUSDT
2025-09-28T01:00:14.559904+00:00,"{'tipo': 'SOPORTE', 'precio': 2809.13, 'volumen': 1567.8609999999999}",4006.58,0.048,4017.305,0.0,"[{""side"": ""BUY"", ""price"": ""4000.02"", ""qty"": ""0.024"", ""reduceOnly"": false}, {""side"": ""SELL"", ""price"": ""4029.36"", ""qty"": ""0.048"", ""reduceOnly"": true}, {""side"": ""BUY"", ""price"": ""3993.50"", ""qty"": ""0.025"", ""reduceOnly"": false}, {""side"": ""SELL"", ""price"": ""0"", ""qty"": ""0"", ""reduceOnly"": true}, {""side"": ""BUY"", ""price"": ""4006.54"", ""qty"": ""0.024"", ""reduceOnly"": false}]","[{""price"": ""4029.36"", ""qty"": ""0.048"", ""clientOrderId"": ""TP_AUTO_TP_1759021213639""}, {""price"": ""0"", ""qty"": ""0"", ""clientOrderId"": ""x-Cb7ytekJb23a1702040dd4df53ce4b""}]",3816.44,v1,ETHUSDT
2025-09-28T01:03:11.291081+00:00,"{'tipo': 'SOPORTE', 'precio': 200.0, 'volumen': 1554.711}",4012.88,0.048,4017.305,0.0,"[{""side"": ""BUY"", ""price"": ""4000.02"", ""qty"": ""0.024"", ""reduceOnly"": false}, {""side"": ""SELL"", ""price"": ""4029.36"", ""qty"": ""0.048"", ""reduceOnly"": true}, {""side"": ""BUY"", ""price"": ""3993.50"", ""qty"": ""0.025"", ""reduceOnly"": false}, {""side"": ""SELL"", ""price"": ""0"", ""qty"": ""0"", ""reduceOnly"": true}, {""side"": ""BUY"", ""price"": ""4006.54"", ""qty"": ""0.024"", ""reduceOnly"": false}]","[{""price"": ""4029.36"", ""qty"": ""0.048"", ""clientOrderId"": ""TP_AUTO_TP_1759021213639""}, {""price"": ""0"", ""qty"": ""0"", ""clientOrderId"": ""x-Cb7ytekJb23a1702040dd4df53ce4b""}]",3816.44,v1,ETHUSDT
2025-09-28T01:03:14.844846+00:00,"{'tipo': 'SOPORTE', 'precio': 200.0, 'volumen': 1554.711}",4012.88,0.048,4017.305,0.0,"[{""side"": ""SELL"", ""price"": ""0"", ""qty"": ""0"", ""reduceOnly"": true}, {""side"": ""SELL"", ""price"": ""4029.36"", ""qty"": ""0.048"", ""reduceOnly"": true}, {""side"": ""BUY"", ""price"": ""4006.86"", ""qty"": ""0.024"", ""reduceOnly"": false}, {""side"": ""BUY"", ""price"": ""4003.85"", ""qty"": ""0.024"", ""reduceOnly"": false}, {""side"": ""BUY"", ""price"": ""4009.87"", ""qty"": ""0.024"", ""reduceOnly"": false}, {""side"": ""BUY"", ""price"": ""4000.84"", ""qty"": ""0.024"", ""reduceOnly"": false}]","[{""price"": ""0"", ""qty"": ""0"", ""clientOrderId"": ""x-Cb7ytekJb24be55ed2f69dcf138c7""}, {""price"": ""4029.36"", ""qty"": ""0.048"", ""clientOrderId"": ""TP_AUTO_TP_1759021393915""}]",3816.44,v1,ETHUSDT
2025-09-28T01:05:34.131607+00:00,"{'tipo': 'SOPORTE', 'precio': 200.0, 'volumen': 316.577}",4010.04,0.07200000000000001,4014.8266666666664,0.01924737,"[{""side"": ""SELL"", ""price"": ""4026.87"", ""qty"": ""0.072"", ""reduceOnly"": true}, {""side"": ""SELL"", ""price"": ""0"", ""qty"": ""0"", ""reduceOnly"": true}, {""side"": ""SELL"", ""price"": ""0"", ""qty"": ""0"", ""reduceOnly"": true}, {""side"": ""BUY"", ""price"": ""4006.86"", ""qty"": ""0.024"", ""reduceOnly"": false}, {""side"": ""BUY"", ""price"": ""4003.85"", ""qty"": ""0.024"", ""reduceOnly"": false}, {""side"": ""BUY"", ""price"": ""4000.84"", ""qty"": ""0.024"", ""reduceOnly"": false}]","[{""price"": ""4026.87"", ""qty"": ""0.072"", ""clientOrderId"": ""TP_AUTO_TP_1759021533190""}, {""price"": ""0"", ""qty"": ""0"", ""clientOrderId"": ""x-Cb7ytekJb24be55ed2f69dcf138c7""}, {""price"": ""0"", ""qty"": ""0"", ""clientOrderId"": ""x-Cb7ytekJad8b0f5abfb6d898a20ce4""}]",3816.44,v1,ETHUSDT
2025-09-28T01:06:10.509257+00:00,"{'tipo': 'SOPORTE', 'precio': 200.0, 'volumen': 2349.109}",4006.96,0.096,4012.835,0.03848029,"[{""side"": ""SELL"", ""price"": ""0"", ""qty"": ""0"", ""reduceOnly"": true}, {""side"": ""SELL"", ""price"": ""0"", ""qty"": ""0"", ""reduceOnly"": true}, {""side"": ""SELL"", ""price"": ""0"", ""qty"": ""0"", ""reduceOnly"": true}, {""side"": ""BUY"", ""price"": ""4003.85"", ""qty"": ""0.024"", ""reduceOnly"": false}, {""side"": ""SELL"", ""price"": ""4024.87"", ""qty"": ""0.096"", ""reduceOnly"": true}, {""side"": ""BUY"", ""price"": ""4000.84"", ""qty"": ""0.024"", ""reduceOnly"": false}]","[{""price"": ""0"", ""qty"": ""0"", ""clientOrderId"": ""x-Cb7ytekJ316c621df67bbe94b4a58e""}, {""price"": ""0"", ""qty"": ""0"", ""clientOrderId"": ""x-Cb7ytekJb24be55ed2f69dcf138c7""}, {""price"": ""0"", ""qty"": ""0"", ""clientOrderId"": ""x-Cb7ytekJad8b0f5abfb6d898a20ce4""}, {""price"": ""4024.87"", ""qty"": ""0.096"", ""clientOrderId"": ""TP_AUTO_TP_1759021569527""}]",3812.19,v1,ETHUSDT
2025-09-28T01:06:11.344435+00:00,"{'tipo': 'SOPORTE', 'precio': 200.0, 'volumen': 2349.109}",4007.19,0.096,4012.835,0.03848029,"[{""side"": ""SELL"", ""price"": ""0"", ""qty"": ""0"", ""reduceOnly"": true}, {""side"": ""SELL"", ""price"": ""0"", ""qty"": ""0"", ""reduceOnly"": true}, {""side"": ""SELL"", ""price"": ""0"", ""qty"": ""0"", ""reduceOnly"": true}, {""side"": ""BUY"", ""price"": ""4003.85"", ""qty"": ""0.024"", ""reduceOnly"": false}, {""side"": ""SELL"", ""price"": ""4024.87"", ""qty"": ""0.096"", ""reduceOnly"": true}, {""side"": ""BUY"", ""price"": ""4000.84"", ""qty"": ""0.024"", ""reduceOnly"": false}]","[{""price"": ""0"", ""qty"": ""0"", ""clientOrderId"": ""x-Cb7ytekJ316c621df67bbe94b4a58e""}, {""price"": ""0"", ""qty"": ""0"", ""clientOrderId"": ""x-Cb7ytekJb24be55ed2f69dcf138c7""}, {""price"": ""0"", ""qty"": ""0"", ""clientOrderId"": ""x-Cb7ytekJad8b0f5abfb6d898a20ce4""}, {""price"": ""4024.87"", ""qty"": ""0.096"", ""clientOrderId"": ""TP_AUTO_TP_1759021569527""}]",3812.19,v1,ETHUSDT
2025-09-28T01:06:14.963217+00:00,"{'tipo': 'SOPORTE', 'precio': 200.0, 'volumen': 2349.109}",4007.74,0.096,4012.835,0.03848029,"[{""side"": ""SELL"", ""price"": ""0"", ""qty"": ""0"", ""reduceOnly"": true}, {""side"": ""SELL"", ""price"": ""4024.87"", ""qty"": ""0.096"", ""reduceOnly"": true}, {""side"": ""BUY"", ""price"": ""3998.17"", ""qty"": ""0.025"", ""reduceOnly"": false}, {""side"": ""BUY"", ""price"": ""3995.17"", ""qty"": ""0.025"", ""reduceOnly"": false}, {""side"": ""BUY"", ""price"": ""4004.18"", ""qty"": ""0.024"", ""reduceOnly"": false}, {""side"": ""BUY"", ""price"": ""4001.18"", ""qty"": ""0.024"", ""reduceOnly"": false}]","[{""price"": ""0"", ""qty"": ""0"", ""clientOrderId"": ""x-Cb7ytekJaea0ea49c5e3e2092128ad""}, {""price"": ""4024.87"", ""qty"": ""0.096"", ""clientOrderId"": ""TP_AUTO_TP_1759021574038""}]",3812.19,v1,ETHUSDT
2025-09-28T01:09:00.883484+00:00,DUMP,4005.82,0.12,4011.1040000000003,0.05770035,"[{""side"": ""SELL"", ""price"": ""0"", ""qty"": ""0"", ""reduceOnly"": true}, {""side"": ""BUY"", ""price"": ""3998.17"", ""qty"": ""0.025"", ""reduceOnly"": false}, {""side"": ""BUY"", ""price"": ""3995.17"", ""qty"": ""0.025"", ""reduceOnly"": false}, {""side"": ""SELL"", ""price"": ""4023.14"", ""qty"": ""0.120"", ""reduceOnly"": true}, {""side"": ""BUY"", ""price"": ""4001.18"", ""qty"": ""0.024"", ""reduceOnly"": false}, {""side"": ""SELL"", ""price"": ""0"", ""qty"": ""0"", ""reduceOnly"": true}]","[{""price"": ""0"", ""qty"": ""0"", ""clientOrderId"": ""x-Cb7ytekJaea0ea49c5e3e2092128ad""}, {""price"": ""4023.14"", ""qty"": ""0.120"", ""clientOrderId"": ""TP_AUTO_TP_1759021739518""}, {""price"": ""0"", ""qty"": ""0"", ""clientOrderId"": ""x-Cb7ytekJec2c4eda5c96209a80b03d""}]",3812.19,v1,ETHUSDT
2025-09-28T01:09:11.362853+00:00,DUMP,4004.26,0.12,4011.1040000000003,0.05770035,"[{""side"": ""SELL"", ""price"": ""0"", ""qty"": ""0"", ""reduceOnly"": true}, {""side"": ""BUY"", ""price"": ""3998.17"", ""qty"": ""0.025"", ""reduceOnly"": false}, {""side"": ""BUY"", ""price"": ""3995.17"", ""qty"": ""0.025"", ""reduceOnly"": false}, {""side"": ""SELL"", ""price"": ""4023.14"", ""qty"": ""0.120"", ""reduceOnly"": true}, {""side"": ""BUY"", ""price"": ""4001.18"", ""qty"": ""0.024"", ""reduceOnly"": false}, {""side"": ""SELL"", ""price"": ""0"", ""qty"": ""0"", ""reduceOnly"": true}]","[{""price"": ""0"", ""qty"": ""0"", ""clientOrderId"": ""x-Cb7ytekJaea0ea49c5e3e2092128ad""}, {""price"": ""4023.14"", ""qty"": ""0.120"", ""clientOrderId"": ""TP_AUTO_TP_1759021739518""}, {""price"": ""0"", ""qty"": ""0"", ""clientOrderId"": ""x-Cb7ytekJec2c4eda5c96209a80b03d""}]",3812.19,v1,ETHUSDT
2025-09-28T01:09:14.667570+00:00,"{'tipo': 'SOPORTE', 'precio': 3844.09, 'volumen': 134.78}",3844.09,0.12,4011.1040000000003,0.05770035,"[{""side"": ""SELL"", ""price"": ""0"", ""qty"": ""0"", ""reduceOnly"": true}, {""side"": ""BUY"", ""price"": ""3994.25"", ""qty"": ""0.025"", ""reduceOnly"": false}, {""side"": ""BUY"", ""price"": ""3984.24"", ""qty"": ""0.025"", ""reduceOnly"": false}, {""side"": ""BUY"", ""price"": ""3974.23"", ""qty"": ""0.025"", ""reduceOnly"": false}, {""side"": ""SELL"", ""price"": ""4023.14"", ""qty"": ""0.120"", ""reduceOnly"": true}]","[{""price"": ""0"", ""qty"": ""0"", ""clientOrderId"": ""x-Cb7ytekJ67bdd6d79c531866436bda""}, {""price"": ""4023.14"", ""qty"": ""0.120"", ""clientOrderId"": ""TP_AUTO_TP_1759021753742""}]",3810.55,v1,ETHUSDT
2025-09-28T01:12:11.427961+00:00,DUMP,4006.48,0.12,4011.1040000000003,0.05770035,"[{""side"": ""SELL"", ""price"": ""0"", ""qty"": ""0"", ""reduceOnly"": true}, {""side"": ""BUY"", ""price"": ""3994.25"", ""qty"": ""0.025"", ""reduceOnly"": false}, {""side"": ""BUY"", ""price"": ""3984.24"", ""qty"": ""0.025"", ""reduceOnly"": false}, {""side"": ""BUY"", ""price"": ""3974.23"", ""qty"": ""0.025"", ""reduceOnly"": false}, {""side"": ""SELL"", ""price"": ""4023.14"", ""qty"": ""0.120"", ""reduceOnly"": true}]","[{""price"": ""0"", ""qty"": ""0"", ""clientOrderId"": ""x-Cb7ytekJ67bdd6d79c531866436bda""}, {""price"": ""4023.14"", ""qty"": ""0.120"", ""clientOrderId"": ""TP_AUTO_TP_1759021753742""}]",3810.55,v1,ETHUSDT
2025-09-28T01:12:14.788793+00:00,DUMP,4006.48,0.12,4011.1040000000003,0.05770035,"[{""side"": ""SELL"", ""price"": ""0"", ""qty"": ""0"", ""reduceOnly"": true}, {""side"": ""BUY"", ""price"": ""3976.43"", ""qty"": ""0.025"", ""reduceOnly"": false}, {""side"": ""BUY"", ""price"": ""3996.46"", ""qty"": ""0.025"", ""reduceOnly"": false}, {""side"": ""SELL"", ""price"": ""4023.14"", ""qty"": ""0.120"", ""reduceOnly"": true}, {""side"": ""BUY"", ""price"": ""3986.45"", ""qty"": ""0.025"", ""reduceOnly"": false}]","[{""price"": ""0"", ""qty"": ""0"", ""clientOrderId"": ""x-Cb7ytekJ394706cf8cc08f8bb898ad""}, {""price"": ""4023.14"", ""qty"": ""0.120"", ""clientOrderId"": ""TP_AUTO_TP_1759021933805""}]",3810.55,v1,ETHUSDT
2025-09-28T01:15:11.441671+00:00,"{'tipo': 'SOPORTE', 'precio': 200.0, 'volumen': 1554.165}",4004.56,0.12,4011.1040000000003,0.05770035,"[{""side"": ""SELL"", ""price"": ""0"", ""qty"": ""0"", ""reduceOnly"": true}, {""side"": ""BUY"", ""price"": ""3976.43"", ""qty"": ""0.025"", ""reduceOnly"": false}, {""side"": ""BUY"", ""price"": ""3996.46"", ""qty"": ""0.025"", ""reduceOnly"": false}, {""side"": ""SELL"", ""price"": ""4023.14"", ""qty"": ""0.120"", ""reduceOnly"": true}, {""side"": ""BUY"", ""price"": ""3986.45"", ""qty"": ""0.025"", ""reduceOnly"": false}]","[{""price"": ""0"", ""qty"": ""0"", ""clientOrderId"": ""x-Cb7ytekJ394706cf8cc08f8bb898ad""}, {""price"": ""4023.14"", ""qty"": ""0.120"", ""clientOrderId"": ""TP_AUTO_TP_1759021933805""}]",3810.55,v1,ETHUSDT
2025-09-28T01:15:15.037481+00:00,DUMP,4004.11,0.12,4011.1040000000003,0.05770035,"[{""side"": ""SELL"", ""price"": ""0"", ""qty"": ""0"", ""reduceOnly"": true}, {""side"": ""BUY"", ""price"": ""3992.55"", ""qty"": ""0.025"", ""reduceOnly"": false}, {""side"": ""BUY"", ""price"": ""3995.55"", ""qty"": ""0.025"", ""reduceOnly"": false}, {""side"": ""BUY"", ""price"": ""3998.55"", ""qty"": ""0.025"", ""reduceOnly"": false}, {""side"": ""SELL"", ""price"": ""4023.14"", ""qty"": ""0.120"", ""reduceOnly"": true}, {""side"": ""BUY"", ""price"": ""4001.56"", ""qty"": ""0.024"", ""reduceOnly"": false}]","[{""price"": ""0"", ""qty"": ""0"", ""clientOrderId"": ""x-Cb7ytekJb11ffed7460832e43844dc""}, {""price"": ""4023.14"", ""qty"": ""0.120"", ""clientOrderId"": ""TP_AUTO_TP_1759022114092""}]",3810.55,v1,ETHUSDT
2025-09-28T01:18:11.485796+00:00,"{'tipo': 'SOPORTE', 'precio': 3998.03, 'volumen': 153.488}",3763.38,0.12,4011.1040000000003,0.05770035,"[{""side"": ""SELL"", ""price"": ""0"", ""qty"": ""0"", ""reduceOnly"": true}, {""side"": ""BUY"", ""price"": ""3992.55"", ""qty"": ""0.025"", ""reduceOnly"": false}, {""side"": ""BUY"", ""price"": ""3995.55"", ""qty"": ""0.025"", ""reduceOnly"": false}, {""side"": ""BUY"", ""price"": ""3998.55"", ""qty"": ""0.025"", ""reduceOnly"": false}, {""side"": ""SELL"", ""price"": ""4023.14"", ""qty"": ""0.120"", ""reduceOnly"": true}, {""side"": ""BUY"", ""price"": ""4001.56"", ""qty"": ""0.024"", ""reduceOnly"": false}]","[{""price"": ""0"", ""qty"": ""0"", ""clientOrderId"": ""x-Cb7ytekJb11ffed7460832e43844dc""}, {""price"": ""4023.14"", ""qty"": ""0.120"", ""clientOrderId"": ""TP_AUTO_TP_1759022114092""}]",3810.55,v1,ETHUSDT
2025-09-28T01:18:15.203618+00:00,DUMP,4005.25,0.12,4011.1040000000003,0.05770035,"[{""side"": ""SELL"", ""price"": ""4023.14"", ""qty"": ""0.120"", ""reduceOnly"": true}, {""side"": ""BUY"", ""price"": ""3760.56"", ""qty"": ""0.026"", ""reduceOnly"": false}, {""side"": ""BUY"", ""price"": ""3757.73"", ""qty"": ""0.026"", ""reduceOnly"": false}, {""side"": ""BUY"", ""price"": ""3752.09"", ""qty"": ""0.026"", ""reduceOnly"": false}, {""side"": ""SELL"", ""price"": ""0"", ""qty"": ""0"", ""reduceOnly"": true}, {""side"": ""BUY"", ""price"": ""3754.91"", ""qty"": ""0.026"", ""reduceOnly"": false}]","[{""price"": ""4023.14"", ""qty"": ""0.120"", ""clientOrderId"": ""TP_AUTO_TP_1759022294249""}, {""price"": ""0"", ""qty"": ""0"", ""clientOrderId"": ""x-Cb7ytekJ18d26ff3e11c9fed34ef02""}]",3810.55,v1,ETHUSDT
2025-09-28T01:20:30.216830+00:00,,4010.79,0.12,4011.104,0.0,"[{""side"": ""SELL"", ""price"": ""4023.14"", ""qty"": ""0.120"", ""reduceOnly"": true}, {""side"": ""BUY"", ""price"": ""3760.56"", ""qty"": ""0.026"", ""reduceOnly"": false}, {""side"": ""BUY"", ""price"": ""3757.73"", ""qty"": ""0.026"", ""reduceOnly"": false}, {""side"": ""BUY"", ""price"": ""3752.09"", ""qty"": ""0.026"", ""reduceOnly"": false}, {""side"": ""SELL"", ""price"": ""0"", ""qty"": ""0"", ""reduceOnly"": true}, {""side"": ""BUY"", ""price"": ""3754.91"", ""qty"": ""0.026"", ""reduceOnly"": false}]","[{""price"": ""4023.14"", ""qty"": ""0.120"", ""clientOrderId"": ""TP_AUTO_TP_1759022294249""}, {""price"": ""0"", ""qty"": ""0"", ""clientOrderId"": ""x-Cb7ytekJ18d26ff3e11c9fed34ef02""}]",3810.55,v1,ETHUSDT
2025-09-28T01:20:33.601569+00:00,"{'tipo': 'SOPORTE', 'precio': 200.0, 'volumen': 1550.1270000000002}",3000.0,0.12,4011.104,0.0,"[{""side"": ""SELL"", ""price"": ""4023.14"", ""qty"": ""0.120"", ""reduceOnly"": true}, {""side"": ""BUY"", ""price"": ""4004.27"", ""qty"": ""0.024"", ""reduceOnly"": false}, {""side"": ""SELL"", ""price"": ""0"", ""qty"": ""0"", ""reduceOnly"": true}, {""side"": ""BUY"", ""price"": ""3997.75"", ""qty"": ""0.025"", ""reduceOnly"": false}, {""side"": ""BUY"", ""price"": ""3991.24"", ""qty"": ""0.025"", ""reduceOnly"": false}]","[{""price"": ""4023.14"", ""qty"": ""0.120"", ""clientOrderId"": ""TP_AUTO_TP_1759022432681""}, {""price"": ""0"", ""qty"": ""0"", ""clientOrderId"": ""x-Cb7ytekJ917db829b9643645acb0f0""}]",3810.55,v1,ETHUSDT
2025-09-28T01:23:30.237735+00:00,"{'tipo': 'SOPORTE', 'precio': 200.0, 'volumen': 1583.5539999999999}",4007.03,0.12,4011.104,0.0,"[{""side"": ""SELL"", ""price"": ""4023.14"", ""qty"": ""0.120"", ""reduceOnly"": true}, {""side"": ""BUY"", ""price"": ""4004.27"", ""qty"": ""0.024"", ""reduceOnly"": false}, {""side"": ""SELL"", ""price"": ""0"", ""qty"": ""0"", ""reduceOnly"": true}, {""side"": ""BUY"", ""price"": ""3997.75"", ""qty"": ""0.025"", ""reduceOnly"": false}, {""side"": ""BUY"", ""price"": ""3991.24"", ""qty"": ""0.025"", ""reduceOnly"": false}]","[{""price"": ""4023.14"", ""qty"": ""0.120"", ""clientOrderId"": ""TP_AUTO_TP_1759022432681""}, {""price"": ""0"", ""qty"": ""0"", ""clientOrderId"": ""x-Cb7ytekJ917db829b9643645acb0f0""}]",3810.55,v1,ETHUSDT
2025-09-28T01:23:33.796311+00:00,"{'tipo': 'SOPORTE', 'precio': 200.0, 'volumen': 1583.5539999999999}",4007.04,0.12,4011.104,0.0,"[{""side"": ""BUY"", ""price"": ""4001.02"", ""qty"": ""0.024"", ""reduceOnly"": false}, {""side"": ""SELL"", ""price"": ""0"", ""qty"": ""0"", ""reduceOnly"": true}, {""side"": ""BUY"", ""price"": ""3995.01"", ""qty"": ""0.025"", ""reduceOnly"": false}, {""side"": ""SELL"", ""price"": ""4023.14"", ""qty"": ""0.120"", ""reduceOnly"": true}, {""side"": ""BUY"", ""price"": ""4004.02"", ""qty"": ""0.024"", ""reduceOnly"": false}, {""side"": ""BUY"", ""price"": ""3998.01"", ""qty"": ""0.025"", ""reduceOnly"": false}]","[{""price"": ""0"", ""qty"": ""0"", ""clientOrderId"": ""x-Cb7ytekJd2df93dab0db5eb0832a0e""}, {""price"": ""4023.14"", ""qty"": ""0.120"", ""clientOrderId"": ""TP_AUTO_TP_1759022612883""}]",3810.55,v1,ETHUSDT
2025-09-28T01:26:30.328795+00:00,DUMP,3743.31,0.12,4011.104,0.0,"[{""side"": ""BUY"", ""price"": ""4001.02"", ""qty"": ""0.024"", ""reduceOnly"": false}, {""side"": ""SELL"", ""price"": ""0"", ""qty"": ""0"", ""reduceOnly"": true}, {""side"": ""BUY"", ""price"": ""3995.01"", ""qty"": ""0.025"", ""reduceOnly"": false}, {""side"": ""SELL"", ""price"": ""4023.14"", ""qty"": ""0.120"", ""reduceOnly"": true}, {""side"": ""BUY"", ""price"": ""4004.02"", ""qty"": ""0.024"", ""reduceOnly"": false}, {""side"": ""BUY"", ""price"": ""3998.01"", ""qty"": ""0.025"", ""reduceOnly"": false}]","[{""price"": ""0"", ""qty"": ""0"", ""clientOrderId"": ""x-Cb7ytekJd2df93dab0db5eb0832a0e""}, {""price"": ""4023.14"", ""qty"": ""0.120"", ""clientOrderId"": ""TP_AUTO_TP_1759022612883""}]",3810.55,v1,ETHUSDT
2025-09-28T01:26:33.589864+00:00,DUMP,4009.89,0.12,4011.104,0.0,"[{""side"": ""BUY"", ""price"": ""3715.24"", ""qty"": ""0.026"", ""reduceOnly"": false}, {""side"": ""BUY"", ""price"": ""3733.95"", ""qty"": ""0.026"", ""reduceOnly"": false}, {""side"": ""SELL"", ""price"": ""4023.14"", ""qty"": ""0.120"", ""reduceOnly"": true}, {""side"": ""BUY"", ""price"": ""3724.59"", ""qty"": ""0.026"", ""reduceOnly"": false}, {""side"": ""SELL"", ""price"": ""0"", ""qty"": ""0"", ""reduceOnly"": true}]","[{""price"": ""4023.14"", ""qty"": ""0.120"", ""clientOrderId"": ""TP_AUTO_TP_1759022792678""}, {""price"": ""0"", ""qty"": ""0"", ""clientOrderId"": ""x-Cb7ytekJ63c82404c92a1a2ce8f9aa""}]",3810.55,v1,ETHUSDT
2025-09-28T01:29:04.305724+00:00,,4007.92,0.12,4011.104,0.0,"[{""side"": ""BUY"", ""price"": ""3715.24"", ""qty"": ""0.026"", ""reduceOnly"": false}, {""side"": ""BUY"", ""price"": ""3733.95"", ""qty"": ""0.026"", ""reduceOnly"": false}, {""side"": ""SELL"", ""price"": ""4023.14"", ""qty"": ""0.120"", ""reduceOnly"": true}, {""side"": ""BUY"", ""price"": ""3724.59"", ""qty"": ""0.026"", ""reduceOnly"": false}, {""side"": ""SELL"", ""price"": ""0"", ""qty"": ""0"", ""reduceOnly"": true}]","[{""price"": ""4023.14"", ""qty"": ""0.120"", ""clientOrderId"": ""TP_AUTO_TP_1759022792678""}, {""price"": ""0"", ""qty"": ""0"", ""clientOrderId"": ""x-Cb7ytekJ63c82404c92a1a2ce8f9aa""}]",3810.55,v1,ETHUSDT
2025-09-28T01:29:07.840488+00:00,"{'tipo': 'SOPORTE', 'precio': 200.0, 'volumen': 257.114}",3848.03,0.12,4011.104,0.0,"[{""side"": ""SELL"", ""price"": ""0"", ""qty"": ""0"", ""reduceOnly"": true}, {""side"": ""BUY"", ""price"": ""3988.38"", ""qty"": ""0.025"", ""reduceOnly"": false}, {""side"": ""BUY"", ""price"": ""3994.89"", ""qty"": ""0.025"", ""reduceOnly"": false}, {""side"": ""BUY"", ""price"": ""4001.41"", ""qty"": ""0.024"", ""reduceOnly"": false}, {""side"": ""SELL"", ""price"": ""4023.14"", ""qty"": ""0.120"", ""reduceOnly"": true}]","[{""price"": ""0"", ""qty"": ""0"", ""clientOrderId"": ""x-Cb7ytekJ27b1beb686e6efe3e0b908""}, {""price"": ""4023.14"", ""qty"": ""0.120"", ""clientOrderId"": ""TP_AUTO_TP_1759022946919""}]",3810.55,v1,ETHUSDT
2025-09-28T01:32:04.269715+00:00,"{'tipo': 'SOPORTE', 'precio': 3000.0, 'volumen': 1561.1860000000001}",3954.9,0.12,4011.104,0.0,"[{""side"": ""SELL"", ""price"": ""0"", ""qty"": ""0"", ""reduceOnly"": true}, {""side"": ""BUY"", ""price"": ""3988.38"", ""qty"": ""0.025"", ""reduceOnly"": false}, {""side"": ""BUY"", ""price"": ""3994.89"", ""qty"": ""0.025"", ""reduceOnly"": false}, {""side"": ""BUY"", ""price"": ""4001.41"", ""qty"": ""0.024"", ""reduceOnly"": false}, {""side"": ""SELL"", ""price"": ""4023.14"", ""qty"": ""0.120"", ""reduceOnly"": true}]","[{""price"": ""0"", ""qty"": ""0"", ""clientOrderId"": ""x-Cb7ytekJ27b1beb686e6efe3e0b908""}, {""price"": ""4023.14"", ""qty"": ""0.120"", ""clientOrderId"": ""TP_AUTO_TP_1759022946919""}]",3810.55,v1,ETHUSDT
2025-09-28T01:32:07.833484+00:00,"{'tipo': 'SOPORTE', 'precio': 3000.0, 'volumen': 1561.1860000000001}",4008.4,0.12,4011.104,0.0,"[{""side"": ""SELL"", ""price"": ""0"", ""qty"": ""0"", ""reduceOnly"": true}, {""side"": ""BUY"", ""price"": ""3948.97"", ""qty"": ""0.025"", ""reduceOnly"": false}, {""side"": ""BUY"", ""price"": ""3946"", ""qty"": ""0.025"", ""reduceOnly"": false}, {""side"": ""BUY"", ""price"": ""3951.93"", ""qty"": ""0.025"", ""reduceOnly"": false}, {""side"": ""SELL"", ""price"": ""4023.14"", ""qty"": ""0.120"", ""reduceOnly"": true}, {""side"": ""BUY"", ""price"": ""3943.04"", ""qty"": ""0.025"", ""reduceOnly"": false}]","[{""price"": ""0"", ""qty"": ""0"", ""clientOrderId"": ""x-Cb7ytekJ4c21167def4246753dbbf8""}, {""price"": ""4023.14"", ""qty"": ""0.120"", ""clientOrderId"": ""TP_AUTO_TP_1759023126914""}]",3810.55,v1,ETHUSDT
2025-09-28T01:33:46.529018+00:00,,4010.37,0.12,4011.104,0.0,"[{""side"": ""SELL"", ""price"": ""0"", ""qty"": ""0"", ""reduceOnly"": true}, {""side"": ""BUY"", ""price"": ""3948.97"", ""qty"": ""0.025"", ""reduceOnly"": false}, {""side"": ""BUY"", ""price"": ""3946"", ""qty"": ""0.025"", ""reduceOnly"": false}, {""side"": ""BUY"", ""price"": ""3951.93"", ""qty"": ""0.025"", ""reduceOnly"": false}, {""side"": ""SELL"", ""price"": ""4023.14"", ""qty"": ""0.120"", ""reduceOnly"": true}, {""side"": ""BUY"", ""price"": ""3943.04"", ""qty"": ""0.025"", ""reduceOnly"": false}]","[{""price"": ""0"", ""qty"": ""0"", ""clientOrderId"": ""x-Cb7ytekJ4c21167def4246753dbbf8""}, {""price"": ""4023.14"", ""qty"": ""0.120"", ""clientOrderId"": ""TP_AUTO_TP_1759023126914""}]",3810.55,v1,ETHUSDT
2025-09-28T01:33:49.790715+00:00,"{'tipo': 'SOPORTE', 'precio': 200.0, 'volumen': 1573.911}",4010.06,0.12,4011.104,0.0,"[{""side"": ""BUY"", ""price"": ""3990.82"", ""qty"": ""0.025"", ""reduceOnly"": false}, {""side"": ""BUY"", ""price"": ""4003.85"", ""qty"": ""0.024"", ""reduceOnly"": false}, {""side"": ""SELL"", ""price"": ""0"", ""qty"": ""0"", ""reduceOnly"": true}, {""side"": ""SELL"", ""price"": ""4023.14"", ""qty"": ""0.120"", ""reduceOnly"": true}, {""side"": ""BUY"", ""price"": ""3997.34"", ""qty"": ""0.025"", ""reduceOnly"": false}]","[{""price"": ""0"", ""qty"": ""0"", ""clientOrderId"": ""x-Cb7ytekJ958ae76eccb41b65820ee7""}, {""price"": ""4023.14"", ""qty"": ""0.120"", ""clientOrderId"": ""TP_AUTO_TP_1759023228869""}]",3810.55,v1,ETHUSDT
2025-09-28T01:36:25.139834+00:00,DUMP,4006.46,0.145,4010.755034482759,0.0,"[{""side"": ""BUY"", ""price"": ""3990.82"", ""qty"": ""0.025"", ""reduceOnly"": false}, {""side"": ""SELL"", ""price"": ""0"", ""qty"": ""0"", ""reduceOnly"": true}, {""side"": ""BUY"", ""price"": ""4003.85"", ""qty"": ""0.024"", ""reduceOnly"": false}, {""side"": ""SELL"", ""price"": ""0"", ""qty"": ""0"", ""reduceOnly"": true}, {""side"": ""SELL"", ""price"": ""4023.14"", ""qty"": ""0.120"", ""reduceOnly"": true}, {""side"": ""BUY"", ""price"": ""3997.34"", ""qty"": ""0.025"", ""reduceOnly"": false}]","[{""price"": ""0"", ""qty"": ""0"", ""clientOrderId"": ""x-Cb7ytekJ8f0e1decc3efe562d7b905""}, {""price"": ""0"", ""qty"": ""0"", ""clientOrderId"": ""x-Cb7ytekJ958ae76eccb41b65820ee7""}, {""price"": ""4023.14"", ""qty"": ""0.120"", ""clientOrderId"": ""TP_AUTO_TP_1759023228869""}]",3810.22,v1,ETHUSDT
2025-09-28T01:36:38.106631+00:00,DUMP,4004.08,0.16999999999999998,4010.0660588235296,0.0,"[{""side"": ""BUY"", ""price"": ""3990.82"", ""qty"": ""0.025"", ""reduceOnly"": false}, {""side"": ""SELL"", ""price"": ""0"", ""qty"": ""0"", ""reduceOnly"": true}, {""side"": ""SELL"", ""price"": ""0"", ""qty"": ""0"", ""reduceOnly"": true}, {""side"": ""SELL"", ""price"": ""0"", ""qty"": ""0"", ""reduceOnly"": true}, {""side"": ""SELL"", ""price"": ""4022.10"", ""qty"": ""0.144"", ""reduceOnly"": true}, {""side"": ""BUY"", ""price"": ""3997.34"", ""qty"": ""0.025"", ""reduceOnly"": false}]","[{""price"": ""0"", ""qty"": ""0"", ""clientOrderId"": ""x-Cb7ytekJ965ec4cb2ab832c913bfee""}, {""price"": ""0"", ""qty"": ""0"", ""clientOrderId"": ""x-Cb7ytekJ8f0e1decc3efe562d7b905""}, {""price"": ""0"", ""qty"": ""0"", ""clientOrderId"": ""x-Cb7ytekJ958ae76eccb41b65820ee7""}, {""price"": ""4022.10"", ""qty"": ""0.144"", ""clientOrderId"": ""TP_AUTO_TP_1759023397179""}]",3809.56,v1,ETHUSDT
2025-09-28T01:36:39.039834+00:00,DUMP,4003.63,0.19399999999999998,4009.2970618556706,0.01921848,"[{""side"": ""BUY"", ""price"": ""3990.82"", ""qty"": ""0.025"", ""reduceOnly"": false}, {""side"": ""SELL"", ""price"": ""0"", ""qty"": ""0"", ""reduceOnly"": true}, {""side"": ""SELL"", ""price"": ""0"", ""qty"": ""0"", ""reduceOnly"": true}, {""side"": ""SELL"", ""price"": ""0"", ""qty"": ""0"", ""reduceOnly"": true}, {""side"": ""SELL"", ""price"": ""0"", ""qty"": ""0"", ""reduceOnly"": true}, {""side"": ""SELL"", ""price"": ""4022.10"", ""qty"": ""0.144"", ""reduceOnly"": true}, {""side"": ""BUY"", ""price"": ""3997.34"", ""qty"": ""0.025"", ""reduceOnly"": false}]","[{""price"": ""0"", ""qty"": ""0"", ""clientOrderId"": ""x-Cb7ytekJ965ec4cb2ab832c913bfee""}, {""price"": ""0"", ""qty"": ""0"", ""clientOrderId"": ""x-Cb7ytekJ8f0e1decc3efe562d7b905""}, {""price"": ""0"", ""qty"": ""0"", ""clientOrderId"": ""x-Cb7ytekJ958ae76eccb41b65820ee7""}, {""price"": ""0"", ""qty"": ""0"", ""clientOrderId"": ""x-Cb7ytekJce0f5a6b936e5589355133""}, {""price"": ""4022.10"", ""qty"": ""0.144"", ""clientOrderId"": ""TP_AUTO_TP_1759023397179""}]",3809.56,v1,ETHUSDT
2025-09-28T01:36:46.601474+00:00,"{'tipo': 'SOPORTE', 'precio': 200.0, 'volumen': 1552.3029999999999}",4004.08,0.19399999999999998,4009.2970618556706,0.01921848,"[{""side"": ""BUY"", ""price"": ""3990.82"", ""qty"": ""0.025"", ""reduceOnly"": false}, {""side"": ""SELL"", ""price"": ""0"", ""qty"": ""0"", ""reduceOnly"": true}, {""side"": ""SELL"", ""price"": ""0"", ""qty"": ""0"", ""reduceOnly"": true}, {""side"": ""SELL"", ""price"": ""0"", ""qty"": ""0"", ""reduceOnly"": true}, {""side"": ""SELL"", ""price"": ""0"", ""qty"": ""0"", ""reduceOnly"": true}, {""side"": ""SELL"", ""price"": ""4022.10"", ""qty"": ""0.144"", ""reduceOnly"": true}, {""side"": ""BUY"", ""price"": ""3997.34"", ""qty"": ""0.025"", ""reduceOnly"": false}]","[{""price"": ""0"", ""qty"": ""0"", ""clientOrderId"": ""x-Cb7ytekJ965ec4cb2ab832c913bfee""}, {""price"": ""0"", ""qty"": ""0"", ""clientOrderId"": ""x-Cb7ytekJ8f0e1decc3efe562d7b905""}, {""price"": ""0"", ""qty"": ""0"", ""clientOrderId"": ""x-Cb7ytekJ958ae76eccb41b65820ee7""}, {""price"": ""0"", ""qty"": ""0"", ""clientOrderId"": ""x-Cb7ytekJce0f5a6b936e5589355133""}, {""price"": ""4022.10"", ""qty"": ""0.144"", ""clientOrderId"": ""TP_AUTO_TP_1759023397179""}]",3809.56,v1,ETHUSDT
2025-09-28T01:36:50.182356+00:00,"{'tipo': 'SOPORTE', 'precio': 200.0, 'volumen': 1552.3029999999999}",4004.08,0.19399999999999998,4009.2970618556706,0.01921848,"[{""side"": ""BUY"", ""price"": ""3992.07"", ""qty"": ""0.025"", ""reduceOnly"": false}, {""side"": ""BUY"", ""price"": ""4001.08"", ""qty"": ""0.024"", ""reduceOnly"": false}, {""side"": ""BUY"", ""price"": ""3995.07"", ""qty"": ""0.025"", ""reduceOnly"": false}, {""side"": ""SELL"", ""price"": ""4021.32"", ""qty"": ""0.144"", ""reduceOnly"": true}, {""side"": ""BUY"", ""price"": ""3998.07"", ""qty"": ""0.025"", ""reduceOnly"": false}, {""side"": ""SELL"", ""price"": ""0"", ""qty"": ""0"", ""reduceOnly"": true}]","[{""price"": ""4021.32"", ""qty"": ""0.144"", ""clientOrderId"": ""TP_AUTO_TP_1759023409256""}, {""price"": ""0"", ""qty"": ""0"", ""clientOrderId"": ""x-Cb7ytekJ1f82aae10ad97111b05561""}]",3808.83,v1,ETHUSDT
2025-09-28T01:37:11.539912+00:00,DUMP,4001.09,0.21799999999999997,4008.392431192661,0.03842366,"[{""side"": ""BUY"", ""price"": ""3992.07"", ""qty"": ""0.025"", ""reduceOnly"": false}, {""side"": ""BUY"", ""price"": ""3995.07"", ""qty"": ""0.025"", ""reduceOnly"": false}, {""side"": ""SELL"", ""price"": ""4020.42"", ""qty"": ""0.168"", ""reduceOnly"": true}, {""side"": ""BUY"", ""price"": ""3998.07"", ""qty"": ""0.025"", ""reduceOnly"": false}, {""side"": ""SELL"", ""price"": ""0"", ""qty"": ""0"", ""reduceOnly"": true}, {""side"": ""SELL"", ""price"": ""0"", ""qty"": ""0"", ""reduceOnly"": true}]","[{""price"": ""4020.42"", ""qty"": ""0.168"", ""clientOrderId"": ""TP_AUTO_TP_1759023430621""}, {""price"": ""0"", ""qty"": ""0"", ""clientOrderId"": ""x-Cb7ytekJ6e381a83fb392f2cc55d46""}, {""price"": ""0"", ""qty"": ""0"", ""clientOrderId"": ""x-Cb7ytekJ1f82aae10ad97111b05561""}]",3807.97,v1,ETHUSDT
2025-09-28T01:37:25.655943+00:00,DUMP,4000.0,0.24299999999999997,4007.8438271604946,0.03842366,"[{""side"": ""BUY"", ""price"": ""3992.07"", ""qty"": ""0.025"", ""reduceOnly"": false}, {""side"": ""BUY"", ""price"": ""3995.07"", ""qty"": ""0.025"", ""reduceOnly"": false}, {""side"": ""SELL"", ""price"": ""4020.42"", ""qty"": ""0.168"", ""reduceOnly"": true}, {""side"": ""BUY"", ""price"": ""3998.07"", ""qty"": ""0.025"", ""reduceOnly"": false}, {""side"": ""SELL"", ""price"": ""0"", ""qty"": ""0"", ""reduceOnly"": true}, {""side"": ""SELL"", ""price"": ""0"", ""qty"": ""0"", ""reduceOnly"": true}, {""side"": ""SELL"", ""price"": ""0"", ""qty"": ""0"", ""reduceOnly"": true}]","[{""price"": ""4020.42"", ""qty"": ""0.168"", ""clientOrderId"": ""TP_AUTO_TP_1759023430621""}, {""price"": ""0"", ""qty"": ""0"", ""clientOrderId"": ""x-Cb7ytekJ4a5599796f9d07c29dfd38""}, {""price"": ""0"", ""qty"": ""0"", ""clientOrderId"": ""x-Cb7ytekJ6e381a83fb392f2cc55d46""}, {""price"": ""0"", ""qty"": ""0"", ""clientOrderId"": ""x-Cb7ytekJ1f82aae10ad97111b05561""}]",3807.45,v1,ETHUSDT
2025-09-28T01:38:47.534448+00:00,DUMP,3998.64,0.26799999999999996,4006.932089552239,0.05841401,"[{""side"": ""BUY"", ""price"": ""3992.07"", ""qty"": ""0.025"", ""reduceOnly"": false}, {""side"": ""BUY"", ""price"": ""3995.07"", ""qty"": ""0.025"", ""reduceOnly"": false}, {""side"": ""SELL"", ""price"": ""0"", ""qty"": ""0"", ""reduceOnly"": true}, {""side"": ""SELL"", ""price"": ""4018.95"", ""qty"": ""0.193"", ""reduceOnly"": true}, {""side"": ""SELL"", ""price"": ""0"", ""qty"": ""0"", ""reduceOnly"": true}, {""side"": ""SELL"", ""price"": ""0"", ""qty"": ""0"", ""reduceOnly"": true}, {""side"": ""SELL"", ""price"": ""0"", ""qty"": ""0"", ""reduceOnly"": true}]","[{""price"": ""0"", ""qty"": ""0"", ""clientOrderId"": ""x-Cb7ytekJf397f7b35e97562bf97941""}, {""price"": ""4018.95"", ""qty"": ""0.193"", ""clientOrderId"": ""TP_AUTO_TP_1759023526545""}, {""price"": ""0"", ""qty"": ""0"", ""clientOrderId"": ""x-Cb7ytekJ4a5599796f9d07c29dfd38""}, {""price"": ""0"", ""qty"": ""0"", ""clientOrderId"": ""x-Cb7ytekJ6e381a83fb392f2cc55d46""}, {""price"": ""0"", ""qty"": ""0"", ""clientOrderId"": ""x-Cb7ytekJ1f82aae10ad97111b05561""}]",3806.59,v1,ETHUSDT
2025-09-28T01:38:48.468482+00:00,DUMP,3000.0,0.293,4006.3892491467577,0.05841401,"[{""side"": ""BUY"", ""price"": ""3992.07"", ""qty"": ""0.025"", ""reduceOnly"": false}, {""side"": ""BUY"", ""price"": ""3995.07"", ""qty"": ""0.025"", ""reduceOnly"": false}, {""side"": ""SELL"", ""price"": ""0"", ""qty"": ""0"", ""reduceOnly"": true}, {""side"": ""SELL"", ""price"": ""0"", ""qty"": ""0"", ""reduceOnly"": true}, {""side"": ""SELL"", ""price"": ""4018.95"", ""qty"": ""0.193"", ""reduceOnly"": true}, {""side"": ""SELL"", ""price"": ""0"", ""qty"": ""0"", ""reduceOnly"": true}, {""side"": ""SELL"", ""price"": ""0"", ""qty"": ""0"", ""reduceOnly"": true}, {""side"": ""SELL"", ""price"": ""0"", ""qty"": ""0"", ""reduceOnly"": true}]","[{""price"": ""0"", ""qty"": ""0"", ""clientOrderId"": ""x-Cb7ytekJf397f7b35e97562bf97941""}, {""price"": ""0"", ""qty"": ""0"", ""clientOrderId"": ""x-Cb7ytekJdb30aa51dc4dac729e85b4""}, {""price"": ""4018.95"", ""qty"": ""0.193"", ""clientOrderId"": ""TP_AUTO_TP_1759023526545""}, {""price"": ""0"", ""qty"": ""0"", ""clientOrderId"": ""x-Cb7ytekJ4a5599796f9d07c29dfd38""}, {""price"": ""0"", ""qty"": ""0"", ""clientOrderId"": ""x-Cb7ytekJ6e381a83fb392f2cc55d46""}, {""price"": ""0"", ""qty"": ""0"", ""clientOrderId"": ""x-Cb7ytekJ1f82aae10ad97111b05561""}]",3806.59,v1,ETHUSDT
2025-09-28T01:39:46.567018+00:00,DUMP,3996.13,0.293,4006.3892491467577,0.05841401,"[{""side"": ""BUY"", ""price"": ""3992.07"", ""qty"": ""0.025"", ""reduceOnly"": false}, {""side"": ""BUY"", ""price"": ""3995.07"", ""qty"": ""0.025"", ""reduceOnly"": false}, {""side"": ""SELL"", ""price"": ""0"", ""qty"": ""0"", ""reduceOnly"": true}, {""side"": ""SELL"", ""price"": ""0"", ""qty"": ""0"", ""reduceOnly"": true}, {""side"": ""SELL"", ""price"": ""4018.95"", ""qty"": ""0.193"", ""reduceOnly"": true}, {""side"": ""SELL"", ""price"": ""0"", ""qty"": ""0"", ""reduceOnly"": true}, {""side"": ""SELL"", ""price"": ""0"", ""qty"": ""0"", ""reduceOnly"": true}, {""side"": ""SELL"", ""price"": ""0"", ""qty"": ""0"", ""reduceOnly"": true}]","[{""price"": ""0"", ""qty"": ""0"", ""clientOrderId"": ""x-Cb7ytekJf397f7b35e97562bf97941""}, {""price"": ""0"", ""qty"": ""0"", ""clientOrderId"": ""x-Cb7ytekJdb30aa51dc4dac729e85b4""}, {""price"": ""4018.95"", ""qty"": ""0.193"", ""clientOrderId"": ""TP_AUTO_TP_1759023526545""}, {""price"": ""0"", ""qty"": ""0"", ""clientOrderId"": ""x-Cb7ytekJ4a5599796f9d07c29dfd38""}, {""price"": ""0"", ""qty"": ""0"", ""clientOrderId"": ""x-Cb7ytekJ6e381a83fb392f2cc55d46""}, {""price"": ""0"", ""qty"": ""0"", ""clientOrderId"": ""x-Cb7ytekJ1f82aae10ad97111b05561""}]",3806.59,v1,ETHUSDT
2025-09-28T01:39:49.830722+00:00,DUMP,3000.0,0.293,4006.3892491467577,0.05841401,"[{""side"": ""BUY"", ""price"": ""3966.16"", ""qty"": ""0.025"", ""reduceOnly"": false}, {""side"": ""SELL"", ""price"": ""0"", ""qty"": ""0"", ""reduceOnly"": true}, {""side"": ""BUY"", ""price"": ""3976.15"", ""qty"": ""0.025"", ""reduceOnly"": false}, {""side"": ""SELL"", ""price"": ""4018.41"", ""qty"": ""0.193"", ""reduceOnly"": true}, {""side"": ""BUY"", ""price"": ""3986.14"", ""qty"": ""0.025"", ""reduceOnly"": false}]","[{""price"": ""0"", ""qty"": ""0"", ""clientOrderId"": ""x-Cb7ytekJ2eb2427ee501ef5cb7beb1""}, {""price"": ""4018.41"", ""qty"": ""0.193"", ""clientOrderId"": ""TP_AUTO_TP_1759023588922""}]",3806.07,v1,ETHUSDT
2025-09-28T01:42:46.602872+00:00,"{'tipo': 'SOPORTE', 'precio': 200.0, 'volumen': 1551.1149999999998}",3994.31,0.293,4006.3892491467577,0.05841401,"[{""side"": ""BUY"", ""price"": ""3966.16"", ""qty"": ""0.025"", ""reduceOnly"": false}, {""side"": ""SELL"", ""price"": ""0"", ""qty"": ""0"", ""reduceOnly"": true}, {""side"": ""BUY"", ""price"": ""3976.15"", ""qty"": ""0.025"", ""reduceOnly"": false}, {""side"": ""SELL"", ""price"": ""4018.41"", ""qty"": ""0.193"", ""reduceOnly"": true}, {""side"": ""BUY"", ""price"": ""3986.14"", ""qty"": ""0.025"", ""reduceOnly"": false}]","[{""price"": ""0"", ""qty"": ""0"", ""clientOrderId"": ""x-Cb7ytekJ2eb2427ee501ef5cb7beb1""}, {""price"": ""4018.41"", ""qty"": ""0.193"", ""clientOrderId"": ""TP_AUTO_TP_1759023588922""}]",3806.07,v1,ETHUSDT
2025-09-28T01:42:50.167157+00:00,"{'tipo': 'SOPORTE', 'precio': 200.0, 'volumen': 1551.1149999999998}",3994.75,0.293,4006.3892491467577,0.05841401,"[{""side"": ""BUY"", ""price"": ""3988.32"", ""qty"": ""0.025"", ""reduceOnly"": false}, {""side"": ""SELL"", ""price"": ""4018.41"", ""qty"": ""0.193"", ""reduceOnly"": true}, {""side"": ""BUY"", ""price"": ""3982.33"", ""qty"": ""0.025"", ""reduceOnly"": false}, {""side"": ""SELL"", ""price"": ""0"", ""qty"": ""0"", ""reduceOnly"": true}, {""side"": ""BUY"", ""price"": ""3991.31"", ""qty"": ""0.025"", ""reduceOnly"": false}, {""side"": ""BUY"", ""price"": ""3985.32"", ""qty"": ""0.025"", ""reduceOnly"": false}]","[{""price"": ""4018.41"", ""qty"": ""0.193"", ""clientOrderId"": ""TP_AUTO_TP_1759023769239""}, {""price"": ""0"", ""qty"": ""0"", ""clientOrderId"": ""x-Cb7ytekJbda7966fc57cf906c7401e""}]",3806.07,v1,ETHUSDT
2025-09-28T01:45:46.634787+00:00,"{'tipo': 'SOPORTE', 'precio': 3986.83, 'volumen': 502.766}",3806.0,0.293,4006.3892491467577,0.05841401,"[{""side"": ""BUY"", ""price"": ""3988.32"", ""qty"": ""0.025"", ""reduceOnly"": false}, {""side"": ""SELL"", ""price"": ""4018.41"", ""qty"": ""0.193"", ""reduceOnly"": true}, {""side"": ""BUY"", ""price"": ""3982.33"", ""qty"": ""0.025"", ""reduceOnly"": false}, {""side"": ""SELL"", ""price"": ""0"", ""qty"": ""0"", ""reduceOnly"": true}, {""side"": ""BUY"", ""price"": ""3991.31"", ""qty"": ""0.025"", ""reduceOnly"": false}, {""side"": ""BUY"", ""price"": ""3985.32"", ""qty"": ""0.025"", ""reduceOnly"": false}]","[{""price"": ""4018.41"", ""qty"": ""0.193"", ""clientOrderId"": ""TP_AUTO_TP_1759023769239""}, {""price"": ""0"", ""qty"": ""0"", ""clientOrderId"": ""x-Cb7ytekJbda7966fc57cf906c7401e""}]",3806.07,v1,ETHUSDT
2025-09-28T01:45:50.494621+00:00,"{'tipo': 'SOPORTE', 'precio': 3986.83, 'volumen': 502.766}",3996.31,0.293,4006.3892491467577,0.05841401,"[{""side"": ""BUY"", ""price"": ""3794.58"", ""qty"": ""0.026"", ""reduceOnly"": false}, {""side"": ""BUY"", ""price"": ""3800.29"", ""qty"": ""0.026"", ""reduceOnly"": false}, {""side"": ""SELL"", ""price"": ""4018.41"", ""qty"": ""0.193"", ""reduceOnly"": true}, {""side"": ""BUY"", ""price"": ""3803.15"", ""qty"": ""0.026"", ""reduceOnly"": false}, {""side"": ""SELL"", ""price"": ""0"", ""qty"": ""0"", ""reduceOnly"": true}, {""side"": ""BUY"", ""price"": ""3797.44"", ""qty"": ""0.026"", ""reduceOnly"": false}]","[{""price"": ""4018.41"", ""qty"": ""0.193"", ""clientOrderId"": ""TP_AUTO_TP_1759023949318""}, {""price"": ""0"", ""qty"": ""0"", ""clientOrderId"": ""x-Cb7ytekJ314035d621b54573d5ee1c""}]",3806.07,v1,ETHUSDT
2025-09-28T01:48:46.736142+00:00,"{'tipo': 'SOPORTE', 'precio': 200.0, 'volumen': 2402.0350000000003}",3956.09,0.293,4006.3892491467577,0.05841401,"[{""side"": ""BUY"", ""price"": ""3794.58"", ""qty"": ""0.026"", ""reduceOnly"": false}, {""side"": ""BUY"", ""price"": ""3800.29"", ""qty"": ""0.026"", ""reduceOnly"": false}, {""side"": ""SELL"", ""price"": ""4018.41"", ""qty"": ""0.193"", ""reduceOnly"": true}, {""side"": ""BUY"", ""price"": ""3803.15"", ""qty"": ""0.026"", ""reduceOnly"": false}, {""side"": ""SELL"", ""price"": ""0"", ""qty"": ""0"", ""reduceOnly"": true}, {""side"": ""BUY"", ""price"": ""3797.44"", ""qty"": ""0.026"", ""reduceOnly"": false}]","[{""price"": ""4018.41"", ""qty"": ""0.193"", ""clientOrderId"": ""TP_AUTO_TP_1759023949318""}, {""price"": ""0"", ""qty"": ""0"", ""clientOrderId"": ""x-Cb7ytekJ314035d621b54573d5ee1c""}]",3806.07,v1,ETHUSDT
2025-09-28T01:48:50.487060+00:00,"{'tipo': 'SOPORTE', 'precio': 200.0, 'volumen': 2402.0350000000003}",3997.8,0.293,4006.3892491467577,0.05841401,"[{""side"": ""SELL"", ""price"": ""4018.41"", ""qty"": ""0.193"", ""reduceOnly"": true}, {""side"": ""BUY"", ""price"": ""3944.22"", ""qty"": ""0.025"", ""reduceOnly"": false}, {""side"": ""BUY"", ""price"": ""3950.16"", ""qty"": ""0.025"", ""reduceOnly"": false}, {""side"": ""SELL"", ""price"": ""0"", ""qty"": ""0"", ""reduceOnly"": true}, {""side"": ""BUY"", ""price"": ""3947.19"", ""qty"": ""0.025"", ""reduceOnly"": false}, {""side"": ""BUY"", ""price"": ""3953.12"", ""qty"": ""0.025"", ""reduceOnly"": false}]","[{""price"": ""4018.41"", ""qty"": ""0.193"", ""clientOrderId"": ""TP_AUTO_TP_1759024129495""}, {""price"": ""0"", ""qty"": ""0"", ""clientOrderId"": ""x-Cb7ytekJe80d4f8bbe856d63f8cd05""}]",3806.07,v1,ETHUSDT
2025-09-28T01:51:46.787812+00:00,"{'tipo': 'SOPORTE', 'precio': 3000.0, 'volumen': 1566.33}",3000.0,0.293,4006.3892491467577,0.05841401,"[{""side"": ""SELL"", ""price"": ""4018.41"", ""qty"": ""0.193"", ""reduceOnly"": true}, {""side"": ""BUY"", ""price"": ""3944.22"", ""qty"": ""0.025"", ""reduceOnly"": false}, {""side"": ""BUY"", ""price"": ""3950.16"", ""qty"": ""0.025"", ""reduceOnly"": false}, {""side"": ""SELL"", ""price"": ""0"", ""qty"": ""0"", ""reduceOnly"": true}, {""side"": ""BUY"", ""price"": ""3947.19"", ""qty"": ""0.025"", ""reduceOnly"": false}, {""side"": ""BUY"", ""price"": ""3953.12"", ""qty"": ""0.025"", ""reduceOnly"": false}]","[{""price"": ""4018.41"", ""qty"": ""0.193"", ""clientOrderId"": ""TP_AUTO_TP_1759024129495""}, {""price"": ""0"", ""qty"": ""0"", ""clientOrderId"": ""x-Cb7ytekJe80d4f8bbe856d63f8cd05""}]",3806.07,v1,ETHUSDT
2025-09-28T01:51:50.428597+00:00,"{'tipo': 'SOPORTE', 'precio': 3000.0, 'volumen': 1566.33}",3996.01,0.293,4006.3892491467577,0.05841401,"[{""side"": ""SELL"", ""price"": ""0"", ""qty"": ""0"", ""reduceOnly"": true}, {""side"": ""BUY"", ""price"": ""2997.75"", ""qty"": ""0.033"", ""reduceOnly"": false}, {""side"": ""BUY"", ""price"": ""2993.25"", ""qty"": ""0.033"", ""reduceOnly"": false}, {""side"": ""SELL"", ""price"": ""4018.41"", ""qty"": ""0.193"", ""reduceOnly"": true}, {""side"": ""BUY"", ""price"": ""2995.50"", ""qty"": ""0.033"", ""reduceOnly"": false}, {""side"": ""BUY"", ""price"": ""2991"", ""qty"": ""0.033"", ""reduceOnly"": false}]","[{""price"": ""0"", ""qty"": ""0"", ""clientOrderId"": ""x-Cb7ytekJ7e21c40c697412e288bdbe""}, {""price"": ""4018.41"", ""qty"": ""0.193"", ""clientOrderId"": ""TP_AUTO_TP_1759024309509""}]",3806.07,v1,ETHUSDT
2025-09-28T01:54:46.836307+00:00,"{'tipo': 'SOPORTE', 'precio': 3596.45, 'volumen': 171.65699999999998}",3942.33,0.293,4006.3892491467577,0.05841401,"[{""side"": ""SELL"", ""price"": ""0"", ""qty"": ""0"", ""reduceOnly"": true}, {""side"": ""BUY"", ""price"": ""2997.75"", ""qty"": ""0.033"", ""reduceOnly"": false}, {""side"": ""BUY"", ""price"": ""2993.25"", ""qty"": ""0.033"", ""reduceOnly"": false}, {""side"": ""BUY"", ""price"": ""2995.50"", ""qty"": ""0.033"", ""reduceOnly"": false}, {""side"": ""BUY"", ""price"": ""2991"", ""qty"": ""0.033"", ""reduceOnly"": false}]","[{""price"": ""0"", ""qty"": ""0"", ""clientOrderId"": ""x-Cb7ytekJ7e21c40c697412e288bdbe""}]",3806.07,v1,ETHUSDT
2025-09-28T01:54:50.403528+00:00,"{'tipo': 'SOPORTE', 'precio': 3596.45, 'volumen': 171.65699999999998}",0.0,0.293,4006.3892491467577,0.05841401,"[{""side"": ""SELL"", ""price"": ""0"", ""qty"": ""0"", ""reduceOnly"": true}, {""side"": ""BUY"", ""price"": ""3933.46"", ""qty"": ""0.025"", ""reduceOnly"": false}, {""side"": ""BUY"", ""price"": ""3936.42"", ""qty"": ""0.025"", ""reduceOnly"": false}, {""side"": ""BUY"", ""price"": ""3939.37"", ""qty"": ""0.025"", ""reduceOnly"": false}, {""side"": ""SELL"", ""price"": ""4018.41"", ""qty"": ""0.193"", ""reduceOnly"": true}, {""side"": ""BUY"", ""price"": ""3930.50"", ""qty"": ""0.025"", ""reduceOnly"": false}]","[{""price"": ""0"", ""qty"": ""0"", ""clientOrderId"": ""x-Cb7ytekJ7f1430e6ecf8dfd0669e94""}, {""price"": ""4018.41"", ""qty"": ""0.193"", ""clientOrderId"": ""TP_AUTO_TP_1759024489486""}]",3806.07,v1,ETHUSDT
2025-09-28T01:57:46.879179+00:00,"{'tipo': 'SOPORTE', 'precio': 200.0, 'volumen': 1552.017}",3921.05,0.293,4006.3892491467577,0.05841401,"[{""side"": ""SELL"", ""price"": ""0"", ""qty"": ""0"", ""reduceOnly"": true}, {""side"": ""BUY"", ""price"": ""3933.46"", ""qty"": ""0.025"", ""reduceOnly"": false}, {""side"": ""BUY"", ""price"": ""3936.42"", ""qty"": ""0.025"", ""reduceOnly"": false}, {""side"": ""BUY"", ""price"": ""3939.37"", ""qty"": ""0.025"", ""reduceOnly"": false}, {""side"": ""SELL"", ""price"": ""4018.41"", ""qty"": ""0.193"", ""reduceOnly"": true}, {""side"": ""BUY"", ""price"": ""3930.50"", ""qty"": ""0.025"", ""reduceOnly"": false}]","[{""price"": ""0"", ""qty"": ""0"", ""clientOrderId"": ""x-Cb7ytekJ7f1430e6ecf8dfd0669e94""}, {""price"": ""4018.41"", ""qty"": ""0.193"", ""clientOrderId"": ""TP_AUTO_TP_1759024489486""}]",3806.07,v1,ETHUSDT
2025-09-28T01:57:50.471953+00:00,DUMP,3996.45,0.293,4006.3892491467577,0.05841401,"[{""side"": ""BUY"", ""price"": ""3912.23"", ""qty"": ""0.025"", ""reduceOnly"": false}, {""side"": ""BUY"", ""price"": ""3915.17"", ""qty"": ""0.025"", ""reduceOnly"": false}, {""side"": ""SELL"", ""price"": ""4018.41"", ""qty"": ""0.193"", ""reduceOnly"": true}, {""side"": ""BUY"", ""price"": ""3909.29"", ""qty"": ""0.025"", ""reduceOnly"": false}, {""side"": ""BUY"", ""price"": ""3918.11"", ""qty"": ""0.025"", ""reduceOnly"": false}, {""side"": ""SELL"", ""price"": ""0"", ""qty"": ""0"", ""reduceOnly"": true}]","[{""price"": ""4018.41"", ""qty"": ""0.193"", ""clientOrderId"": ""TP_AUTO_TP_1759024669550""}, {""price"": ""0"", ""qty"": ""0"", ""clientOrderId"": ""x-Cb7ytekJ8e3b0e689db31a6e44c27c""}]",3806.07,v1,ETHUSDT
2025-09-28T02:00:18.083013+00:00,,3994.67,0.193,4007.267098446,0.0,"[{""side"": ""BUY"", ""price"": ""3912.23"", ""qty"": ""0.025"", ""reduceOnly"": false}, {""side"": ""BUY"", ""price"": ""3915.17"", ""qty"": ""0.025"", ""reduceOnly"": false}, {""side"": ""SELL"", ""price"": ""4018.41"", ""qty"": ""0.193"", ""reduceOnly"": true}, {""side"": ""BUY"", ""price"": ""3909.29"", ""qty"": ""0.025"", ""reduceOnly"": false}, {""side"": ""BUY"", ""price"": ""3918.11"", ""qty"": ""0.025"", ""reduceOnly"": false}, {""side"": ""SELL"", ""price"": ""0"", ""qty"": ""0"", ""reduceOnly"": true}]","[{""price"": ""4018.41"", ""qty"": ""0.193"", ""clientOrderId"": ""TP_AUTO_TP_1759024669550""}, {""price"": ""0"", ""qty"": ""0"", ""clientOrderId"": ""x-Cb7ytekJ8e3b0e689db31a6e44c27c""}]",3806.07,v1,ETHUSDT
2025-09-28T02:00:21.425724+00:00,,3994.67,0.193,4007.267098446,0.0,"[{""side"": ""BUY"", ""price"": ""3981.69"", ""qty"": ""0.025"", ""reduceOnly"": false}, {""side"": ""BUY"", ""price"": ""3975.20"", ""qty"": ""0.025"", ""reduceOnly"": false}, {""side"": ""SELL"", ""price"": ""4019.29"", ""qty"": ""0.193"", ""reduceOnly"": true}, {""side"": ""BUY"", ""price"": ""3988.18"", ""qty"": ""0.025"", ""reduceOnly"": false}, {""side"": ""SELL"", ""price"": ""0"", ""qty"": ""0"", ""reduceOnly"": true}]","[{""price"": ""4019.29"", ""qty"": ""0.193"", ""clientOrderId"": ""TP_AUTO_TP_1759024820486""}, {""price"": ""0"", ""qty"": ""0"", ""clientOrderId"": ""x-Cb7ytekJ715816d4de5ebaf88ecd99""}]",3806.90,v1,ETHUSDT
2025-09-28T02:03:18.115906+00:00,DUMP,3000.0,0.193,4007.267098446,0.0,"[{""side"": ""BUY"", ""price"": ""3981.69"", ""qty"": ""0.025"", ""reduceOnly"": false}, {""side"": ""BUY"", ""price"": ""3975.20"", ""qty"": ""0.025"", ""reduceOnly"": false}, {""side"": ""SELL"", ""price"": ""4019.29"", ""qty"": ""0.193"", ""reduceOnly"": true}, {""side"": ""BUY"", ""price"": ""3988.18"", ""qty"": ""0.025"", ""reduceOnly"": false}, {""side"": ""SELL"", ""price"": ""0"", ""qty"": ""0"", ""reduceOnly"": true}]","[{""price"": ""4019.29"", ""qty"": ""0.193"", ""clientOrderId"": ""TP_AUTO_TP_1759024820486""}, {""price"": ""0"", ""qty"": ""0"", ""clientOrderId"": ""x-Cb7ytekJ715816d4de5ebaf88ecd99""}]",3806.90,v1,ETHUSDT
2025-09-28T02:03:21.505647+00:00,DUMP,3999.64,0.193,4007.267098446,0.0,"[{""side"": ""BUY"", ""price"": ""2985"", ""qty"": ""0.033"", ""reduceOnly"": false}, {""side"": ""BUY"", ""price"": ""2977.50"", ""qty"": ""0.033"", ""reduceOnly"": false}, {""side"": ""SELL"", ""price"": ""0"", ""qty"": ""0"", ""reduceOnly"": true}, {""side"": ""BUY"", ""price"": ""2992.50"", ""qty"": ""0.033"", ""reduceOnly"": false}, {""side"": ""SELL"", ""price"": ""4019.29"", ""qty"": ""0.193"", ""reduceOnly"": true}]","[{""price"": ""0"", ""qty"": ""0"", ""clientOrderId"": ""x-Cb7ytekJ10e5315c71d915a649d20d""}, {""price"": ""4019.29"", ""qty"": ""0.193"", ""clientOrderId"": ""TP_AUTO_TP_1759025000579""}]",3806.90,v1,ETHUSDT
2025-09-28T02:06:18.205155+00:00,DUMP,4002.64,0.193,4007.267098446,0.0,"[{""side"": ""BUY"", ""price"": ""2985"", ""qty"": ""0.033"", ""reduceOnly"": false}, {""side"": ""BUY"", ""price"": ""2977.50"", ""qty"": ""0.033"", ""reduceOnly"": false}, {""side"": ""SELL"", ""price"": ""0"", ""qty"": ""0"", ""reduceOnly"": true}, {""side"": ""BUY"", ""price"": ""2992.50"", ""qty"": ""0.033"", ""reduceOnly"": false}, {""side"": ""SELL"", ""price"": ""4019.29"", ""qty"": ""0.193"", ""reduceOnly"": true}]","[{""price"": ""0"", ""qty"": ""0"", ""clientOrderId"": ""x-Cb7ytekJ10e5315c71d915a649d20d""}, {""price"": ""4019.29"", ""qty"": ""0.193"", ""clientOrderId"": ""TP_AUTO_TP_1759025000579""}]",3806.90,v1,ETHUSDT
2025-09-28T02:06:21.615900+00:00,DUMP,3842.53,0.193,4007.267098446,0.0,"[{""side"": ""SELL"", ""price"": ""0"", ""qty"": ""0"", ""reduceOnly"": true}, {""side"": ""BUY"", ""price"": ""3992.63"", ""qty"": ""0.025"", ""reduceOnly"": false}, {""side"": ""BUY"", ""price"": ""3972.62"", ""qty"": ""0.025"", ""reduceOnly"": false}, {""side"": ""SELL"", ""price"": ""4019.29"", ""qty"": ""0.193"", ""reduceOnly"": true}, {""side"": ""BUY"", ""price"": ""3982.63"", ""qty"": ""0.025"", ""reduceOnly"": false}]","[{""price"": ""0"", ""qty"": ""0"", ""clientOrderId"": ""x-Cb7ytekJ48d722f156a76eda590d97""}, {""price"": ""4019.29"", ""qty"": ""0.193"", ""clientOrderId"": ""TP_AUTO_TP_1759025180694""}]",3806.90,v1,ETHUSDT
2025-09-28T02:07:47.553340+00:00,"{'tipo': 'SOPORTE', 'precio': 200.0, 'volumen': 3072.644}",4002.69,0.12100000000000001,4007.267098446,0.07930296,"[{""side"": ""SELL"", ""price"": ""0"", ""qty"": ""0"", ""reduceOnly"": true}, {""side"": ""BUY"", ""price"": ""3992.63"", ""qty"": ""0.025"", ""reduceOnly"": false}, {""side"": ""BUY"", ""price"": ""3972.62"", ""qty"": ""0.025"", ""reduceOnly"": false}, {""side"": ""SELL"", ""price"": ""4019.29"", ""qty"": ""0.193"", ""reduceOnly"": true}, {""side"": ""SELL"", ""price"": ""0"", ""qty"": ""0"", ""reduceOnly"": true}, {""side"": ""BUY"", ""price"": ""3982.63"", ""qty"": ""0.025"", ""reduceOnly"": false}]","[{""price"": ""0"", ""qty"": ""0"", ""clientOrderId"": ""x-Cb7ytekJ48d722f156a76eda590d97""}, {""price"": ""4019.29"", ""qty"": ""0.193"", ""clientOrderId"": ""TP_AUTO_TP_1759025180694""}, {""price"": ""0"", ""qty"": ""0"", ""clientOrderId"": ""x-Cb7ytekJc43d248d8d58450fff51c6""}]",3806.90,v1,ETHUSDT
2025-09-28T02:07:48.484101+00:00,"{'tipo': 'SOPORTE', 'precio': 200.0, 'volumen': 3072.644}",4002.69,0.115,4007.267098446,0.08591154000000001,"[{""side"": ""SELL"", ""price"": ""0"", ""qty"": ""0"", ""reduceOnly"": true}, {""side"": ""BUY"", ""price"": ""3992.63"", ""qty"": ""0.025"", ""reduceOnly"": false}, {""side"": ""SELL"", ""price"": ""0"", ""qty"": ""0"", ""reduceOnly"": true}, {""side"": ""BUY"", ""price"": ""3972.62"", ""qty"": ""0.025"", ""reduceOnly"": false}, {""side"": ""SELL"", ""price"": ""4019.29"", ""qty"": ""0.193"", ""reduceOnly"": true}, {""side"": ""SELL"", ""price"": ""0"", ""qty"": ""0"", ""reduceOnly"": true}, {""side"": ""BUY"", ""price"": ""3982.63"", ""qty"": ""0.025"", ""reduceOnly"": false}]","[{""price"": ""0"", ""qty"": ""0"", ""clientOrderId"": ""x-Cb7ytekJ48d722f156a76eda590d97""}, {""price"": ""0"", ""qty"": ""0"", ""clientOrderId"": ""x-Cb7ytekJ976edee5daa121a3465dc6""}, {""price"": ""4019.29"", ""qty"": ""0.193"", ""clientOrderId"": ""TP_AUTO_TP_1759025180694""}, {""price"": ""0"", ""qty"": ""0"", ""clientOrderId"": ""x-Cb7ytekJc43d248d8d58450fff51c6""}]",3806.90,v1,ETHUSDT
2025-09-28T02:07:49.413392+00:00,"{'tipo': 'SOPORTE', 'precio': 200.0, 'volumen': 3072.644}",4002.69,0.093,4007.267098446,0.110143,"[{""side"": ""SELL"", ""price"": ""0"", ""qty"": ""0"", ""reduceOnly"": true}, {""side"": ""SELL"", ""price"": ""0"", ""qty"": ""0"", ""reduceOnly"": true}, {""side"": ""BUY"", ""price"": ""3992.63"", ""qty"": ""0.025"", ""reduceOnly"": false}, {""side"": ""SELL"", ""price"": ""0"", ""qty"": ""0"", ""reduceOnly"": true}, {""side"": ""BUY"", ""price"": ""3972.62"", ""qty"": ""0.025"", ""reduceOnly"": false}, {""side"": ""SELL"", ""price"": ""4019.29"", ""qty"": ""0.193"", ""reduceOnly"": true}, {""side"": ""SELL"", ""price"": ""0"", ""qty"": ""0"", ""reduceOnly"": true}, {""side"": ""BUY"", ""price"": ""3982.63"", ""qty"": ""0.025"", ""reduceOnly"": false}]","[{""price"": ""0"", ""qty"": ""0"", ""clientOrderId"": ""x-Cb7ytekJ48d722f156a76eda590d97""}, {""price"": ""0"", ""qty"": ""0"", ""clientOrderId"": ""x-Cb7ytekJ496fc49749405e8d23dd86""}, {""price"": ""0"", ""qty"": ""0"", ""clientOrderId"": ""x-Cb7ytekJ976edee5daa121a3465dc6""}, {""price"": ""4019.29"", ""qty"": ""0.193"", ""clientOrderId"": ""TP_AUTO_TP_1759025180694""}, {""price"": ""0"", ""qty"": ""0"", ""clientOrderId"": ""x-Cb7ytekJc43d248d8d58450fff51c6""}]",3806.90,v1,ETHUSDT
2025-09-28T02:09:18.214142+00:00,"{'tipo': 'SOPORTE', 'precio': 200.0, 'volumen': 2141.651}",3599.35,0.093,4007.267098446,0.110143,"[{""side"": ""SELL"", ""price"": ""0"", ""qty"": ""0"", ""reduceOnly"": true}, {""side"": ""SELL"", ""price"": ""0"", ""qty"": ""0"", ""reduceOnly"": true}, {""side"": ""BUY"", ""price"": ""3992.63"", ""qty"": ""0.025"", ""reduceOnly"": false}, {""side"": ""SELL"", ""price"": ""0"", ""qty"": ""0"", ""reduceOnly"": true}, {""side"": ""BUY"", ""price"": ""3972.62"", ""qty"": ""0.025"", ""reduceOnly"": false}, {""side"": ""SELL"", ""price"": ""4019.29"", ""qty"": ""0.193"", ""reduceOnly"": true}, {""side"": ""SELL"", ""price"": ""0"", ""qty"": ""0"", ""reduceOnly"": true}, {""side"": ""BUY"", ""price"": ""3982.63"", ""qty"": ""0.025"", ""reduceOnly"": false}]","[{""price"": ""0"", ""qty"": ""0"", ""clientOrderId"": ""x-Cb7ytekJ48d722f156a76eda590d97""}, {""price"": ""0"", ""qty"": ""0"", ""clientOrderId"": ""x-Cb7ytekJ496fc49749405e8d23dd86""}, {""price"": ""0"", ""qty"": ""0"", ""clientOrderId"": ""x-Cb7ytekJ976edee5daa121a3465dc6""}, {""price"": ""4019.29"", ""qty"": ""0.193"", ""clientOrderId"": ""TP_AUTO_TP_1759025180694""}, {""price"": ""0"", ""qty"": ""0"", ""clientOrderId"": ""x-Cb7ytekJc43d248d8d58450fff51c6""}]",3806.90,v1,ETHUSDT
2025-09-28T02:09:21.815114+00:00,"{'tipo': 'SOPORTE', 'precio': 200.0, 'volumen': 2141.651}",3999.28,0.093,4007.267098446,0.110143,"[{""side"": ""SELL"", ""price"": ""0"", ""qty"": ""0"", ""reduceOnly"": true}, {""side"": ""BUY"", ""price"": ""3588.55"", ""qty"": ""0.027"", ""reduceOnly"": false}, {""side"": ""BUY"", ""price"": ""3596.65"", ""qty"": ""0.027"", ""reduceOnly"": false}, {""side"": ""SELL"", ""price"": ""4019.29"", ""qty"": ""0.093"", ""reduceOnly"": true}, {""side"": ""BUY"", ""price"": ""3593.95"", ""qty"": ""0.027"", ""reduceOnly"": false}, {""side"": ""BUY"", ""price"": ""3591.25"", ""qty"": ""0.027"", ""reduceOnly"": false}]","[{""price"": ""0"", ""qty"": ""0"", ""clientOrderId"": ""x-Cb7ytekJf81d2e99a7117e7ff9fc5f""}, {""price"": ""4019.29"", ""qty"": ""0.093"", ""clientOrderId"": ""TP_AUTO_TP_1759025360899""}]",3806.90,v1,ETHUSDT
2025-09-28T02:12:18.284378+00:00,"{'tipo': 'SOPORTE', 'precio': 200.0, 'volumen': 1682.547}",3994.71,0.093,4007.267098446,0.110143,"[{""side"": ""SELL"", ""price"": ""0"", ""qty"": ""0"", ""reduceOnly"": true}, {""side"": ""BUY"", ""price"": ""3588.55"", ""qty"": ""0.027"", ""reduceOnly"": false}, {""side"": ""BUY"", ""price"": ""3596.65"", ""qty"": ""0.027"", ""reduceOnly"": false}, {""side"": ""SELL"", ""price"": ""4019.29"", ""qty"": ""0.093"", ""reduceOnly"": true}, {""side"": ""BUY"", ""price"": ""3593.95"", ""qty"": ""0.027"", ""reduceOnly"": false}, {""side"": ""BUY"", ""price"": ""3591.25"", ""qty"": ""0.027"", ""reduceOnly"": false}]","[{""price"": ""0"", ""qty"": ""0"", ""clientOrderId"": ""x-Cb7ytekJf81d2e99a7117e7ff9fc5f""}, {""price"": ""4019.29"", ""qty"": ""0.093"", ""clientOrderId"": ""TP_AUTO_TP_1759025360899""}]",3806.90,v1,ETHUSDT
2025-09-28T02:12:21.878162+00:00,"{'tipo': 'SOPORTE', 'precio': 200.0, 'volumen': 1682.547}",3994.72,0.093,4007.267098446,0.110143,"[{""side"": ""SELL"", ""price"": ""0"", ""qty"": ""0"", ""reduceOnly"": true}, {""side"": ""BUY"", ""price"": ""3988.72"", ""qty"": ""0.025"", ""reduceOnly"": false}, {""side"": ""SELL"", ""price"": ""4019.29"", ""qty"": ""0.093"", ""reduceOnly"": true}, {""side"": ""BUY"", ""price"": ""3985.72"", ""qty"": ""0.025"", ""reduceOnly"": false}, {""side"": ""BUY"", ""price"": ""3982.73"", ""qty"": ""0.025"", ""reduceOnly"": false}, {""side"": ""BUY"", ""price"": ""3991.71"", ""qty"": ""0.025"", ""reduceOnly"": false}]","[{""price"": ""0"", ""qty"": ""0"", ""clientOrderId"": ""x-Cb7ytekJ7a72a1af5bca4e344aa9c8""}, {""price"": ""4019.29"", ""qty"": ""0.093"", ""clientOrderId"": ""TP_AUTO_TP_1759025540941""}]",3806.90,v1,ETHUSDT
2025-09-28T02:15:18.321897+00:00,"{'tipo': 'SOPORTE', 'precio': 200.0, 'volumen': 215.54199999999997}",3993.8,0.093,4007.267098446,0.110143,"[{""side"": ""SELL"", ""price"": ""0"", ""qty"": ""0"", ""reduceOnly"": true}, {""side"": ""BUY"", ""price"": ""3988.72"", ""qty"": ""0.025"", ""reduceOnly"": false}, {""side"": ""SELL"", ""price"": ""4019.29"", ""qty"": ""0.093"", ""reduceOnly"": true}, {""side"": ""BUY"", ""price"": ""3985.72"", ""qty"": ""0.025"", ""reduceOnly"": false}, {""side"": ""BUY"", ""price"": ""3982.73"", ""qty"": ""0.025"", ""reduceOnly"": false}, {""side"": ""BUY"", ""price"": ""3991.71"", ""qty"": ""0.025"", ""reduceOnly"": false}]","[{""price"": ""0"", ""qty"": ""0"", ""clientOrderId"": ""x-Cb7ytekJ7a72a1af5bca4e344aa9c8""}, {""price"": ""4019.29"", ""qty"": ""0.093"", ""clientOrderId"": ""TP_AUTO_TP_1759025540941""}]",3806.90,v1,ETHUSDT
2025-09-28T02:15:23.029926+00:00,"{'tipo': 'SOPORTE', 'precio': 200.0, 'volumen': 215.54199999999997}",3915.09,0.093,4007.267098446,0.110143,"[{""side"": ""BUY"", ""price"": ""3987.81"", ""qty"": ""0.025"", ""reduceOnly"": false}, {""side"": ""SELL"", ""price"": ""0"", ""qty"": ""0"", ""reduceOnly"": true}, {""side"": ""BUY"", ""price"": ""3984.81"", ""qty"": ""0.025"", ""reduceOnly"": false}, {""side"": ""SELL"", ""price"": ""4019.29"", ""qty"": ""0.093"", ""reduceOnly"": true}, {""side"": ""BUY"", ""price"": ""3990.80"", ""qty"": ""0.025"", ""reduceOnly"": false}, {""side"": ""BUY"", ""price"": ""3981.82"", ""qty"": ""0.025"", ""reduceOnly"": false}]","[{""price"": ""0"", ""qty"": ""0"", ""clientOrderId"": ""x-Cb7ytekJ5a119f29068124590a1d02""}, {""price"": ""4019.29"", ""qty"": ""0.093"", ""clientOrderId"": ""TP_AUTO_TP_1759025722109""}]",3806.90,v1,ETHUSDT
2025-09-28T02:18:18.417559+00:00,"{'tipo': 'SOPORTE', 'precio': 3000.0, 'volumen': 2109.077}",3838.07,0.093,4007.267098446,0.110143,"[{""side"": ""BUY"", ""price"": ""3987.81"", ""qty"": ""0.025"", ""reduceOnly"": false}, {""side"": ""SELL"", ""price"": ""0"", ""qty"": ""0"", ""reduceOnly"": true}, {""side"": ""BUY"", ""price"": ""3984.81"", ""qty"": ""0.025"", ""reduceOnly"": false}, {""side"": ""SELL"", ""price"": ""4019.29"", ""qty"": ""0.093"", ""reduceOnly"": true}, {""side"": ""BUY"", ""price"": ""3990.80"", ""qty"": ""0.025"", ""reduceOnly"": false}, {""side"": ""BUY"", ""price"": ""3981.82"", ""qty"": ""0.025"", ""reduceOnly"": false}]","[{""price"": ""0"", ""qty"": ""0"", ""clientOrderId"": ""x-Cb7ytekJ5a119f29068124590a1d02""}, {""price"": ""4019.29"", ""qty"": ""0.093"", ""clientOrderId"": ""TP_AUTO_TP_1759025722109""}]",3806.90,v1,ETHUSDT
2025-09-28T02:18:22.108365+00:00,DUMP,3997.59,0.093,4007.267098446,0.110143,"[{""side"": ""BUY"", ""price"": ""3826.56"", ""qty"": ""0.026"", ""reduceOnly"": false}, {""side"": ""BUY"", ""price"": ""3829.43"", ""qty"": ""0.026"", ""reduceOnly"": false}, {""side"": ""SELL"", ""price"": ""0"", ""qty"": ""0"", ""reduceOnly"": true}, {""side"": ""BUY"", ""price"": ""3832.31"", ""qty"": ""0.026"", ""reduceOnly"": false}, {""side"": ""SELL"", ""price"": ""4019.29"", ""qty"": ""0.093"", ""reduceOnly"": true}, {""side"": ""BUY"", ""price"": ""3835.19"", ""qty"": ""0.026"", ""reduceOnly"": false}]","[{""price"": ""0"", ""qty"": ""0"", ""clientOrderId"": ""x-Cb7ytekJe21d54084e6d0bd43ba26b""}, {""price"": ""4019.29"", ""qty"": ""0.093"", ""clientOrderId"": ""TP_AUTO_TP_1759025901169""}]",3806.90,v1,ETHUSDT
2025-09-28T02:21:18.778630+00:00,"{'tipo': 'SOPORTE', 'precio': 3938.53, 'volumen': 340.139}",3000.0,0.093,4007.267098446,0.110143,"[{""side"": ""BUY"", ""price"": ""3826.56"", ""qty"": ""0.026"", ""reduceOnly"": false}, {""side"": ""BUY"", ""price"": ""3829.43"", ""qty"": ""0.026"", ""reduceOnly"": false}, {""side"": ""SELL"", ""price"": ""0"", ""qty"": ""0"", ""reduceOnly"": true}, {""side"": ""BUY"", ""price"": ""3832.31"", ""qty"": ""0.026"", ""reduceOnly"": false}, {""side"": ""SELL"", ""price"": ""4019.29"", ""qty"": ""0.093"", ""reduceOnly"": true}, {""side"": ""BUY"", ""price"": ""3835.19"", ""qty"": ""0.026"", ""reduceOnly"": false}]","[{""price"": ""0"", ""qty"": ""0"", ""clientOrderId"": ""x-Cb7ytekJe21d54084e6d0bd43ba26b""}, {""price"": ""4019.29"", ""qty"": ""0.093"", ""clientOrderId"": ""TP_AUTO_TP_1759025901169""}]",3806.90,v1,ETHUSDT
2025-09-28T02:21:22.447324+00:00,"{'tipo': 'SOPORTE', 'precio': 3938.53, 'volumen': 340.139}",3999.51,0.093,4007.267098446,0.110143,"[{""side"": ""BUY"", ""price"": ""2995.50"", ""qty"": ""0.033"", ""reduceOnly"": false}, {""side"": ""BUY"", ""price"": ""2993.25"", ""qty"": ""0.033"", ""reduceOnly"": false}, {""side"": ""BUY"", ""price"": ""2997.75"", ""qty"": ""0.033"", ""reduceOnly"": false}, {""side"": ""BUY"", ""price"": ""2991"", ""qty"": ""0.033"", ""reduceOnly"": false}, {""side"": ""SELL"", ""price"": ""4019.29"", ""qty"": ""0.093"", ""reduceOnly"": true}, {""side"": ""SELL"", ""price"": ""0"", ""qty"": ""0"", ""reduceOnly"": true}]","[{""price"": ""4019.29"", ""qty"": ""0.093"", ""clientOrderId"": ""TP_AUTO_TP_1759026081521""}, {""price"": ""0"", ""qty"": ""0"", ""clientOrderId"": ""x-Cb7ytekJf6286dd5eb06456a533c7e""}]",3806.90,v1,ETHUSDT
2025-09-28T02:24:18.828670+00:00,"{'tipo': 'SOPORTE', 'precio': 3000.0, 'volumen': 1671.5839999999998}",3601.56,0.093,4007.267098446,0.110143,"[{""side"": ""BUY"", ""price"": ""2995.50"", ""qty"": ""0.033"", ""reduceOnly"": false}, {""side"": ""BUY"", ""price"": ""2993.25"", ""qty"": ""0.033"", ""reduceOnly"": false}, {""side"": ""BUY"", ""price"": ""2997.75"", ""qty"": ""0.033"", ""reduceOnly"": false}, {""side"": ""BUY"", ""price"": ""2991"", ""qty"": ""0.033"", ""reduceOnly"": false}, {""side"": ""SELL"", ""price"": ""4019.29"", ""qty"": ""0.093"", ""reduceOnly"": true}, {""side"": ""SELL"", ""price"": ""0"", ""qty"": ""0"", ""reduceOnly"": true}]","[{""price"": ""4019.29"", ""qty"": ""0.093"", ""clientOrderId"": ""TP_AUTO_TP_1759026081521""}, {""price"": ""0"", ""qty"": ""0"", ""clientOrderId"": ""x-Cb7ytekJf6286dd5eb06456a533c7e""}]",3806.90,v1,ETHUSDT
2025-09-28T02:24:22.480993+00:00,"{'tipo': 'SOPORTE', 'precio': 3000.0, 'volumen': 1671.5839999999998}",4001.73,0.093,4007.267098446,0.110143,"[{""side"": ""SELL"", ""price"": ""4019.29"", ""qty"": ""0.093"", ""reduceOnly"": true}, {""side"": ""BUY"", ""price"": ""3598.86"", ""qty"": ""0.027"", ""reduceOnly"": false}, {""side"": ""SELL"", ""price"": ""0"", ""qty"": ""0"", ""reduceOnly"": true}, {""side"": ""BUY"", ""price"": ""3593.46"", ""qty"": ""0.027"", ""reduceOnly"": false}, {""side"": ""BUY"", ""price"": ""3596.16"", ""qty"": ""0.027"", ""reduceOnly"": false}, {""side"": ""BUY"", ""price"": ""3590.76"", ""qty"": ""0.027"", ""reduceOnly"": false}]","[{""price"": ""4019.29"", ""qty"": ""0.093"", ""clientOrderId"": ""TP_AUTO_TP_1759026261552""}, {""price"": ""0"", ""qty"": ""0"", ""clientOrderId"": ""x-Cb7ytekJ45f9765afb6e19e29ecedc""}]",3806.90,v1,ETHUSDT
2025-09-28T02:27:18.431834+00:00,"{'tipo': 'SOPORTE', 'precio': 3992.43, 'volumen': 194.239}",3602.31,0.093,4007.267098446,0.110143,"[{""side"": ""SELL"", ""price"": ""4019.29"", ""qty"": ""0.093"", ""reduceOnly"": true}, {""side"": ""BUY"", ""price"": ""3598.86"", ""qty"": ""0.027"", ""reduceOnly"": false}, {""side"": ""SELL"", ""price"": ""0"", ""qty"": ""0"", ""reduceOnly"": true}, {""side"": ""BUY"", ""price"": ""3593.46"", ""qty"": ""0.027"", ""reduceOnly"": false}, {""side"": ""BUY"", ""price"": ""3596.16"", ""qty"": ""0.027"", ""reduceOnly"": false}, {""side"": ""BUY"", ""price"": ""3590.76"", ""qty"": ""0.027"", ""reduceOnly"": false}]","[{""price"": ""4019.29"", ""qty"": ""0.093"", ""clientOrderId"": ""TP_AUTO_TP_1759026261552""}, {""price"": ""0"", ""qty"": ""0"", ""clientOrderId"": ""x-Cb7ytekJ45f9765afb6e19e29ecedc""}]",3806.90,v1,ETHUSDT
2025-09-28T02:27:21.994613+00:00,"{'tipo': 'SOPORTE', 'precio': 3992.43, 'volumen': 194.239}",4002.56,0.093,4007.267098446,0.110143,"[{""side"": ""BUY"", ""price"": ""3596.91"", ""qty"": ""0.027"", ""reduceOnly"": false}, {""side"": ""BUY"", ""price"": ""3594.20"", ""qty"": ""0.027"", ""reduceOnly"": false}, {""side"": ""BUY"", ""price"": ""3599.61"", ""qty"": ""0.027"", ""reduceOnly"": false}, {""side"": ""SELL"", ""price"": ""0"", ""qty"": ""0"", ""reduceOnly"": true}, {""side"": ""BUY"", ""price"": ""3591.50"", ""qty"": ""0.027"", ""reduceOnly"": false}, {""side"": ""SELL"", ""price"": ""4019.29"", ""qty"": ""0.093"", ""reduceOnly"": true}]","[{""price"": ""0"", ""qty"": ""0"", ""clientOrderId"": ""x-Cb7ytekJe61e933324d4bbb6fca6cf""}, {""price"": ""4019.29"", ""qty"": ""0.093"", ""clientOrderId"": ""TP_AUTO_TP_1759026441074""}]",3806.90,v1,ETHUSDT
2025-09-28T02:30:18.462520+00:00,"{'tipo': 'SOPORTE', 'precio': 200.0, 'volumen': 1592.1169999999997}",4004.75,0.093,4007.267098446,0.110143,"[{""side"": ""BUY"", ""price"": ""3596.91"", ""qty"": ""0.027"", ""reduceOnly"": false}, {""side"": ""BUY"", ""price"": ""3594.20"", ""qty"": ""0.027"", ""reduceOnly"": false}, {""side"": ""BUY"", ""price"": ""3599.61"", ""qty"": ""0.027"", ""reduceOnly"": false}, {""side"": ""SELL"", ""price"": ""0"", ""qty"": ""0"", ""reduceOnly"": true}, {""side"": ""BUY"", ""price"": ""3591.50"", ""qty"": ""0.027"", ""reduceOnly"": false}, {""side"": ""SELL"", ""price"": ""4019.29"", ""qty"": ""0.093"", ""reduceOnly"": true}]","[{""price"": ""0"", ""qty"": ""0"", ""clientOrderId"": ""x-Cb7ytekJe61e933324d4bbb6fca6cf""}, {""price"": ""4019.29"", ""qty"": ""0.093"", ""clientOrderId"": ""TP_AUTO_TP_1759026441074""}]",3806.90,v1,ETHUSDT
2025-09-28T02:30:21.991291+00:00,"{'tipo': 'SOPORTE', 'precio': 200.0, 'volumen': 1592.1169999999997}",3545.41,0.093,4007.267098446,0.110143,"[{""side"": ""BUY"", ""price"": ""3992.74"", ""qty"": ""0.025"", ""reduceOnly"": false}, {""side"": ""BUY"", ""price"": ""3998.74"", ""qty"": ""0.025"", ""reduceOnly"": false}, {""side"": ""SELL"", ""price"": ""0"", ""qty"": ""0"", ""reduceOnly"": true}, {""side"": ""BUY"", ""price"": ""3995.74"", ""qty"": ""0.025"", ""reduceOnly"": false}, {""side"": ""BUY"", ""price"": ""4001.75"", ""qty"": ""0.024"", ""reduceOnly"": false}, {""side"": ""SELL"", ""price"": ""4019.29"", ""qty"": ""0.093"", ""reduceOnly"": true}]","[{""price"": ""0"", ""qty"": ""0"", ""clientOrderId"": ""x-Cb7ytekJe5d8078dd36d3eb9f87799""}, {""price"": ""4019.29"", ""qty"": ""0.093"", ""clientOrderId"": ""TP_AUTO_TP_1759026621085""}]",3806.90,v1,ETHUSDT
2025-09-28T02:31:48.442356+00:00,DUMP,4002.0,0.11699999999999999,4006.135385944257,0.1293514,"[{""side"": ""BUY"", ""price"": ""3992.74"", ""qty"": ""0.025"", ""reduceOnly"": false}, {""side"": ""BUY"", ""price"": ""3998.74"", ""qty"": ""0.025"", ""reduceOnly"": false}, {""side"": ""SELL"", ""price"": ""0"", ""qty"": ""0"", ""reduceOnly"": true}, {""side"": ""BUY"", ""price"": ""3995.74"", ""qty"": ""0.025"", ""reduceOnly"": false}, {""side"": ""SELL"", ""price"": ""0"", ""qty"": ""0"", ""reduceOnly"": true}, {""side"": ""SELL"", ""price"": ""4018.15"", ""qty"": ""0.116"", ""reduceOnly"": true}, {""side"": ""SELL"", ""price"": ""4019.29"", ""qty"": ""0.093"", ""reduceOnly"": true}]","[{""price"": ""0"", ""qty"": ""0"", ""clientOrderId"": ""x-Cb7ytekJe5d8078dd36d3eb9f87799""}, {""price"": ""0"", ""qty"": ""0"", ""clientOrderId"": ""x-Cb7ytekJ3b489e937e9f3352170bc9""}, {""price"": ""4018.15"", ""qty"": ""0.116"", ""clientOrderId"": ""TP_AUTO_TP_1759026707518""}, {""price"": ""4019.29"", ""qty"": ""0.093"", ""clientOrderId"": ""TP_AUTO_TP_1759026621085""}]",3806.90,v1,ETHUSDT
2025-09-28T02:33:18.798089+00:00,"{'tipo': 'SOPORTE', 'precio': 3994.12, 'volumen': 286.625}",4006.58,0.11699999999999999,4006.135385944257,0.1293514,"[{""side"": ""BUY"", ""price"": ""3992.74"", ""qty"": ""0.025"", ""reduceOnly"": false}, {""side"": ""BUY"", ""price"": ""3998.74"", ""qty"": ""0.025"", ""reduceOnly"": false}, {""side"": ""SELL"", ""price"": ""0"", ""qty"": ""0"", ""reduceOnly"": true}, {""side"": ""BUY"", ""price"": ""3995.74"", ""qty"": ""0.025"", ""reduceOnly"": false}, {""side"": ""SELL"", ""price"": ""0"", ""qty"": ""0"", ""reduceOnly"": true}, {""side"": ""SELL"", ""price"": ""4018.15"", ""qty"": ""0.116"", ""reduceOnly"": true}, {""side"": ""SELL"", ""price"": ""4019.29"", ""qty"": ""0.093"", ""reduceOnly"": true}]","[{""price"": ""0"", ""qty"": ""0"", ""clientOrderId"": ""x-Cb7ytekJe5d8078dd36d3eb9f87799""}, {""price"": ""0"", ""qty"": ""0"", ""clientOrderId"": ""x-Cb7ytekJ3b489e937e9f3352170bc9""}, {""price"": ""4018.15"", ""qty"": ""0.116"", ""clientOrderId"": ""TP_AUTO_TP_1759026707518""}, {""price"": ""4019.29"", ""qty"": ""0.093"", ""clientOrderId"": ""TP_AUTO_TP_1759026621085""}]",3806.90,v1,ETHUSDT
2025-09-28T02:33:22.057802+00:00,"{'tipo': 'SOPORTE', 'precio': 3994.12, 'volumen': 286.625}",4006.35,0.11699999999999999,4006.135385944257,0.1293514,"[{""side"": ""BUY"", ""price"": ""4000.57"", ""qty"": ""0.024"", ""reduceOnly"": false}, {""side"": ""SELL"", ""price"": ""0"", ""qty"": ""0"", ""reduceOnly"": true}, {""side"": ""BUY"", ""price"": ""3994.56"", ""qty"": ""0.025"", ""reduceOnly"": false}, {""side"": ""SELL"", ""price"": ""4018.15"", ""qty"": ""0.116"", ""reduceOnly"": true}, {""side"": ""BUY"", ""price"": ""3997.57"", ""qty"": ""0.025"", ""reduceOnly"": false}]","[{""price"": ""0"", ""qty"": ""0"", ""clientOrderId"": ""x-Cb7ytekJ73704a4294c25affdc5650""}, {""price"": ""4018.15"", ""qty"": ""0.116"", ""clientOrderId"": ""TP_AUTO_TP_1759026801135""}]",3805.83,v1,ETHUSDT
2025-09-28T02:36:18.892989+00:00,"{'tipo': 'SOPORTE', 'precio': 200.0, 'volumen': 1634.4189999999996}",3931.41,0.11699999999999999,4006.135385944257,0.1293514,"[{""side"": ""BUY"", ""price"": ""4000.57"", ""qty"": ""0.024"", ""reduceOnly"": false}, {""side"": ""SELL"", ""price"": ""0"", ""qty"": ""0"", ""reduceOnly"": true}, {""side"": ""BUY"", ""price"": ""3994.56"", ""qty"": ""0.025"", ""reduceOnly"": false}, {""side"": ""SELL"", ""price"": ""4018.15"", ""qty"": ""0.116"", ""reduceOnly"": true}, {""side"": ""BUY"", ""price"": ""3997.57"", ""qty"": ""0.025"", ""reduceOnly"": false}]","[{""price"": ""0"", ""qty"": ""0"", ""clientOrderId"": ""x-Cb7ytekJ73704a4294c25affdc5650""}, {""price"": ""4018.15"", ""qty"": ""0.116"", ""clientOrderId"": ""TP_AUTO_TP_1759026801135""}]",3805.83,v1,ETHUSDT
2025-09-28T02:36:22.449766+00:00,"{'tipo': 'SOPORTE', 'precio': 200.0, 'volumen': 1634.4189999999996}",4008.0,0.11699999999999999,4006.135385944257,0.1293514,"[{""side"": ""BUY"", ""price"": ""3919.62"", ""qty"": ""0.025"", ""reduceOnly"": false}, {""side"": ""BUY"", ""price"": ""3922.56"", ""qty"": ""0.025"", ""reduceOnly"": false}, {""side"": ""SELL"", ""price"": ""0"", ""qty"": ""0"", ""reduceOnly"": true}, {""side"": ""BUY"", ""price"": ""3928.46"", ""qty"": ""0.025"", ""reduceOnly"": false}, {""side"": ""BUY"", ""price"": ""3925.51"", ""qty"": ""0.025"", ""reduceOnly"": false}, {""side"": ""SELL"", ""price"": ""4018.15"", ""qty"": ""0.116"", ""reduceOnly"": true}]","[{""price"": ""0"", ""qty"": ""0"", ""clientOrderId"": ""x-Cb7ytekJ42577f0a4bda33936bef46""}, {""price"": ""4018.15"", ""qty"": ""0.116"", ""clientOrderId"": ""TP_AUTO_TP_1759026981540""}]",3805.83,v1,ETHUSDT
2025-09-28T02:39:18.970444+00:00,"{'tipo': 'SOPORTE', 'precio': 2806.29, 'volumen': 1556.606}",3966.94,0.11699999999999999,4006.135385944257,0.1293514,"[{""side"": ""BUY"", ""price"": ""3919.62"", ""qty"": ""0.025"", ""reduceOnly"": false}, {""side"": ""BUY"", ""price"": ""3922.56"", ""qty"": ""0.025"", ""reduceOnly"": false}, {""side"": ""SELL"", ""price"": ""0"", ""qty"": ""0"", ""reduceOnly"": true}, {""side"": ""BUY"", ""price"": ""3928.46"", ""qty"": ""0.025"", ""reduceOnly"": false}, {""side"": ""BUY"", ""price"": ""3925.51"", ""qty"": ""0.025"", ""reduceOnly"": false}, {""side"": ""SELL"", ""price"": ""4018.15"", ""qty"": ""0.116"", ""reduceOnly"": true}]","[{""price"": ""0"", ""qty"": ""0"", ""clientOrderId"": ""x-Cb7ytekJ42577f0a4bda33936bef46""}, {""price"": ""4018.15"", ""qty"": ""0.116"", ""clientOrderId"": ""TP_AUTO_TP_1759026981540""}]",3805.83,v1,ETHUSDT
2025-09-28T02:39:22.551226+00:00,"{'tipo': 'SOPORTE', 'precio': 2806.29, 'volumen': 1556.606}",4009.0,0.11699999999999999,4006.135385944257,0.1293514,"[{""side"": ""SELL"", ""price"": ""4018.15"", ""qty"": ""0.116"", ""reduceOnly"": true}, {""side"": ""BUY"", ""price"": ""3955.04"", ""qty"": ""0.025"", ""reduceOnly"": false}, {""side"": ""SELL"", ""price"": ""0"", ""qty"": ""0"", ""reduceOnly"": true}, {""side"": ""BUY"", ""price"": ""3960.99"", ""qty"": ""0.025"", ""reduceOnly"": false}, {""side"": ""BUY"", ""price"": ""3958.01"", ""qty"": ""0.025"", ""reduceOnly"": false}, {""side"": ""BUY"", ""price"": ""3963.96"", ""qty"": ""0.025"", ""reduceOnly"": false}]","[{""price"": ""4018.15"", ""qty"": ""0.116"", ""clientOrderId"": ""TP_AUTO_TP_1759027161634""}, {""price"": ""0"", ""qty"": ""0"", ""clientOrderId"": ""x-Cb7ytekJ711c8c25fe69d677d53c60""}]",3805.83,v1,ETHUSDT
2025-09-28T02:42:18.980067+00:00,DUMP,4003.14,0.11699999999999999,4006.135385944257,0.1293514,"[{""side"": ""SELL"", ""price"": ""4018.15"", ""qty"": ""0.116"", ""reduceOnly"": true}, {""side"": ""BUY"", ""price"": ""3955.04"", ""qty"": ""0.025"", ""reduceOnly"": false}, {""side"": ""SELL"", ""price"": ""0"", ""qty"": ""0"", ""reduceOnly"": true}, {""side"": ""BUY"", ""price"": ""3960.99"", ""qty"": ""0.025"", ""reduceOnly"": false}, {""side"": ""BUY"", ""price"": ""3958.01"", ""qty"": ""0.025"", ""reduceOnly"": false}, {""side"": ""BUY"", ""price"": ""3963.96"", ""qty"": ""0.025"", ""reduceOnly"": false}]","[{""price"": ""4018.15"", ""qty"": ""0.116"", ""clientOrderId"": ""TP_AUTO_TP_1759027161634""}, {""price"": ""0"", ""qty"": ""0"", ""clientOrderId"": ""x-Cb7ytekJ711c8c25fe69d677d53c60""}]",3805.83,v1,ETHUSDT
2025-09-28T02:42:22.256081+00:00,DUMP,3962.96,0.11699999999999999,4006.135385944257,0.1293514,"[{""side"": ""SELL"", ""price"": ""0"", ""qty"": ""0"", ""reduceOnly"": true}, {""side"": ""BUY"", ""price"": ""3983.12"", ""qty"": ""0.025"", ""reduceOnly"": false}, {""side"": ""BUY"", ""price"": ""3973.12"", ""qty"": ""0.025"", ""reduceOnly"": false}, {""side"": ""SELL"", ""price"": ""4018.15"", ""qty"": ""0.116"", ""reduceOnly"": true}, {""side"": ""BUY"", ""price"": ""3993.13"", ""qty"": ""0.025"", ""reduceOnly"": false}]","[{""price"": ""0"", ""qty"": ""0"", ""clientOrderId"": ""x-Cb7ytekJcb3858c0d1c88bae904b75""}, {""price"": ""4018.15"", ""qty"": ""0.116"", ""clientOrderId"": ""TP_AUTO_TP_1759027341321""}]",3805.83,v1,ETHUSDT
2025-09-28T02:45:19.011964+00:00,"{'tipo': 'SOPORTE', 'precio': 3989.29, 'volumen': 894.777}",3599.46,0.11699999999999999,4006.135385944257,0.1293514,"[{""side"": ""SELL"", ""price"": ""0"", ""qty"": ""0"", ""reduceOnly"": true}, {""side"": ""BUY"", ""price"": ""3983.12"", ""qty"": ""0.025"", ""reduceOnly"": false}, {""side"": ""BUY"", ""price"": ""3973.12"", ""qty"": ""0.025"", ""reduceOnly"": false}, {""side"": ""SELL"", ""price"": ""4018.15"", ""qty"": ""0.116"", ""reduceOnly"": true}, {""side"": ""BUY"", ""price"": ""3993.13"", ""qty"": ""0.025"", ""reduceOnly"": false}]","[{""price"": ""0"", ""qty"": ""0"", ""clientOrderId"": ""x-Cb7ytekJcb3858c0d1c88bae904b75""}, {""price"": ""4018.15"", ""qty"": ""0.116"", ""clientOrderId"": ""TP_AUTO_TP_1759027341321""}]",3805.83,v1,ETHUSDT
2025-09-28T02:45:22.625753+00:00,"{'tipo': 'SOPORTE', 'precio': 3989.29, 'volumen': 894.777}",3999.41,0.11699999999999999,4006.135385944257,0.1293514,"[{""side"": ""BUY"", ""price"": ""3594.06"", ""qty"": ""0.027"", ""reduceOnly"": false}, {""side"": ""SELL"", ""price"": ""0"", ""qty"": ""0"", ""reduceOnly"": true}, {""side"": ""BUY"", ""price"": ""3596.76"", ""qty"": ""0.027"", ""reduceOnly"": false}, {""side"": ""SELL"", ""price"": ""4018.15"", ""qty"": ""0.116"", ""reduceOnly"": true}, {""side"": ""BUY"", ""price"": ""3591.36"", ""qty"": ""0.027"", ""reduceOnly"": false}, {""side"": ""BUY"", ""price"": ""3588.66"", ""qty"": ""0.027"", ""reduceOnly"": false}]","[{""price"": ""0"", ""qty"": ""0"", ""clientOrderId"": ""x-Cb7ytekJe76277b38e3779bac29cbb""}, {""price"": ""4018.15"", ""qty"": ""0.116"", ""clientOrderId"": ""TP_AUTO_TP_1759027521694""}]",3805.83,v1,ETHUSDT
2025-09-28T02:48:19.072316+00:00,"{'tipo': 'SOPORTE', 'precio': 200.0, 'volumen': 1561.5049999999999}",3999.11,0.11699999999999999,4006.135385944257,0.1293514,"[{""side"": ""BUY"", ""price"": ""3594.06"", ""qty"": ""0.027"", ""reduceOnly"": false}, {""side"": ""SELL"", ""price"": ""0"", ""qty"": ""0"", ""reduceOnly"": true}, {""side"": ""BUY"", ""price"": ""3596.76"", ""qty"": ""0.027"", ""reduceOnly"": false}, {""side"": ""SELL"", ""price"": ""4018.15"", ""qty"": ""0.116"", ""reduceOnly"": true}, {""side"": ""BUY"", ""price"": ""3591.36"", ""qty"": ""0.027"", ""reduceOnly"": false}, {""side"": ""BUY"", ""price"": ""3588.66"", ""qty"": ""0.027"", ""reduceOnly"": false}]","[{""price"": ""0"", ""qty"": ""0"", ""clientOrderId"": ""x-Cb7ytekJe76277b38e3779bac29cbb""}, {""price"": ""4018.15"", ""qty"": ""0.116"", ""clientOrderId"": ""TP_AUTO_TP_1759027521694""}]",3805.83,v1,ETHUSDT
2025-09-28T02:48:22.648098+00:00,"{'tipo': 'SOPORTE', 'precio': 200.0, 'volumen': 1561.5049999999999}",3839.14,0.11699999999999999,4006.135385944257,0.1293514,"[{""side"": ""BUY"", ""price"": ""3987.11"", ""qty"": ""0.025"", ""reduceOnly"": false}, {""side"": ""SELL"", ""price"": ""4018.15"", ""qty"": ""0.116"", ""reduceOnly"": true}, {""side"": ""BUY"", ""price"": ""3993.11"", ""qty"": ""0.025"", ""reduceOnly"": false}, {""side"": ""BUY"", ""price"": ""3990.11"", ""qty"": ""0.025"", ""reduceOnly"": false}, {""side"": ""BUY"", ""price"": ""3996.11"", ""qty"": ""0.025"", ""reduceOnly"": false}, {""side"": ""SELL"", ""price"": ""0"", ""qty"": ""0"", ""reduceOnly"": true}]","[{""price"": ""4018.15"", ""qty"": ""0.116"", ""clientOrderId"": ""TP_AUTO_TP_1759027701722""}, {""price"": ""0"", ""qty"": ""0"", ""clientOrderId"": ""x-Cb7ytekJeba802f87890eed8072a7""}]",3805.83,v1,ETHUSDT
2025-09-28T02:51:19.122677+00:00,"{'tipo': 'SOPORTE', 'precio': 200.0, 'volumen': 2942.357}",3598.88,0.11699999999999999,4006.135385944257,0.1293514,"[{""side"": ""BUY"", ""price"": ""3987.11"", ""qty"": ""0.025"", ""reduceOnly"": false}, {""side"": ""SELL"", ""price"": ""4018.15"", ""qty"": ""0.116"", ""reduceOnly"": true}, {""side"": ""BUY"", ""price"": ""3993.11"", ""qty"": ""0.025"", ""reduceOnly"": false}, {""side"": ""BUY"", ""price"": ""3990.11"", ""qty"": ""0.025"", ""reduceOnly"": false}, {""side"": ""BUY"", ""price"": ""3996.11"", ""qty"": ""0.025"", ""reduceOnly"": false}, {""side"": ""SELL"", ""price"": ""0"", ""qty"": ""0"", ""reduceOnly"": true}]","[{""price"": ""4018.15"", ""qty"": ""0.116"", ""clientOrderId"": ""TP_AUTO_TP_1759027701722""}, {""price"": ""0"", ""qty"": ""0"", ""clientOrderId"": ""x-Cb7ytekJeba802f87890eed8072a7""}]",3805.83,v1,ETHUSDT
2025-09-28T02:51:23.080834+00:00,"{'tipo': 'SOPORTE', 'precio': 200.0, 'volumen': 2942.357}",3998.76,0.11699999999999999,4006.135385944257,0.1293514,"[{""side"": ""BUY"", ""price"": ""3593.48"", ""qty"": ""0.027"", ""reduceOnly"": false}, {""side"": ""SELL"", ""price"": ""0"", ""qty"": ""0"", ""reduceOnly"": true}, {""side"": ""BUY"", ""price"": ""3590.78"", ""qty"": ""0.027"", ""reduceOnly"": false}, {""side"": ""BUY"", ""price"": ""3588.08"", ""qty"": ""0.027"", ""reduceOnly"": false}, {""side"": ""BUY"", ""price"": ""3596.18"", ""qty"": ""0.027"", ""reduceOnly"": false}, {""side"": ""SELL"", ""price"": ""4018.15"", ""qty"": ""0.116"", ""reduceOnly"": true}]","[{""price"": ""0"", ""qty"": ""0"", ""clientOrderId"": ""x-Cb7ytekJ5f262359a95cd7872e97ae""}, {""price"": ""4018.15"", ""qty"": ""0.116"", ""clientOrderId"": ""TP_AUTO_TP_1759027882139""}]",3805.83,v1,ETHUSDT
2025-09-28T02:54:19.215682+00:00,"{'tipo': 'SOPORTE', 'precio': 200.0, 'volumen': 1609.9959999999996}",3799.8,0.11699999999999999,4006.135385944257,0.1293514,"[{""side"": ""BUY"", ""price"": ""3593.48"", ""qty"": ""0.027"", ""reduceOnly"": false}, {""side"": ""SELL"", ""price"": ""0"", ""qty"": ""0"", ""reduceOnly"": true}, {""side"": ""BUY"", ""price"": ""3590.78"", ""qty"": ""0.027"", ""reduceOnly"": false}, {""side"": ""BUY"", ""price"": ""3588.08"", ""qty"": ""0.027"", ""reduceOnly"": false}, {""side"": ""BUY"", ""price"": ""3596.18"", ""qty"": ""0.027"", ""reduceOnly"": false}, {""side"": ""SELL"", ""price"": ""4018.15"", ""qty"": ""0.116"", ""reduceOnly"": true}]","[{""price"": ""0"", ""qty"": ""0"", ""clientOrderId"": ""x-Cb7ytekJ5f262359a95cd7872e97ae""}, {""price"": ""4018.15"", ""qty"": ""0.116"", ""clientOrderId"": ""TP_AUTO_TP_1759027882139""}]",3805.83,v1,ETHUSDT
2025-09-28T02:54:22.816466+00:00,"{'tipo': 'SOPORTE', 'precio': 200.0, 'volumen': 1609.9959999999996}",3999.9,0.11699999999999999,4006.135385944257,0.1293514,"[{""side"": ""BUY"", ""price"": ""3788.40"", ""qty"": ""0.026"", ""reduceOnly"": false}, {""side"": ""BUY"", ""price"": ""3796.95"", ""qty"": ""0.026"", ""reduceOnly"": false}, {""side"": ""BUY"", ""price"": ""3794.10"", ""qty"": ""0.026"", ""reduceOnly"": false}, {""side"": ""SELL"", ""price"": ""0"", ""qty"": ""0"", ""reduceOnly"": true}, {""side"": ""SELL"", ""price"": ""4018.15"", ""qty"": ""0.116"", ""reduceOnly"": true}, {""side"": ""BUY"", ""price"": ""3791.25"", ""qty"": ""0.026"", ""reduceOnly"": false}]","[{""price"": ""0"", ""qty"": ""0"", ""clientOrderId"": ""x-Cb7ytekJa863e3b0c3934124b8f110""}, {""price"": ""4018.15"", ""qty"": ""0.116"", ""clientOrderId"": ""TP_AUTO_TP_1759028061891""}]",3805.83,v1,ETHUSDT
2025-09-28T02:57:19.326484+00:00,"{'tipo': 'SOPORTE', 'precio': 200.0, 'volumen': 128.36499999999998}",3599.65,0.11699999999999999,4006.135385944257,0.1293514,"[{""side"": ""BUY"", ""price"": ""3788.40"", ""qty"": ""0.026"", ""reduceOnly"": false}, {""side"": ""BUY"", ""price"": ""3796.95"", ""qty"": ""0.026"", ""reduceOnly"": false}, {""side"": ""BUY"", ""price"": ""3794.10"", ""qty"": ""0.026"", ""reduceOnly"": false}, {""side"": ""SELL"", ""price"": ""0"", ""qty"": ""0"", ""reduceOnly"": true}, {""side"": ""SELL"", ""price"": ""4018.15"", ""qty"": ""0.116"", ""reduceOnly"": true}, {""side"": ""BUY"", ""price"": ""3791.25"", ""qty"": ""0.026"", ""reduceOnly"": false}]","[{""price"": ""0"", ""qty"": ""0"", ""clientOrderId"": ""x-Cb7ytekJa863e3b0c3934124b8f110""}, {""price"": ""4018.15"", ""qty"": ""0.116"", ""clientOrderId"": ""TP_AUTO_TP_1759028061891""}]",3805.83,v1,ETHUSDT
2025-09-28T02:57:22.903264+00:00,"{'tipo': 'SOPORTE', 'precio': 200.0, 'volumen': 128.36499999999998}",3999.61,0.11699999999999999,4006.135385944257,0.1293514,"[{""side"": ""SELL"", ""price"": ""4018.15"", ""qty"": ""0.116"", ""reduceOnly"": true}, {""side"": ""SELL"", ""price"": ""0"", ""qty"": ""0"", ""reduceOnly"": true}, {""side"": ""BUY"", ""price"": ""3588.85"", ""qty"": ""0.027"", ""reduceOnly"": false}, {""side"": ""BUY"", ""price"": ""3594.25"", ""qty"": ""0.027"", ""reduceOnly"": false}, {""side"": ""BUY"", ""price"": ""3591.55"", ""qty"": ""0.027"", ""reduceOnly"": false}, {""side"": ""BUY"", ""price"": ""3596.95"", ""qty"": ""0.027"", ""reduceOnly"": false}]","[{""price"": ""4018.15"", ""qty"": ""0.116"", ""clientOrderId"": ""TP_AUTO_TP_1759028241974""}, {""price"": ""0"", ""qty"": ""0"", ""clientOrderId"": ""x-Cb7ytekJ80e38ce18a39a0a70ad5b4""}]",3805.83,v1,ETHUSDT
2025-09-28T03:00:19.350420+00:00,"{'tipo': 'SOPORTE', 'precio': 200.0, 'volumen': 1625.589}",3000.0,0.11699999999999999,4006.135385944257,0.1293514,"[{""side"": ""SELL"", ""price"": ""4018.15"", ""qty"": ""0.116"", ""reduceOnly"": true}, {""side"": ""SELL"", ""price"": ""0"", ""qty"": ""0"", ""reduceOnly"": true}, {""side"": ""BUY"", ""price"": ""3588.85"", ""qty"": ""0.027"", ""reduceOnly"": false}, {""side"": ""BUY"", ""price"": ""3594.25"", ""qty"": ""0.027"", ""reduceOnly"": false}, {""side"": ""BUY"", ""price"": ""3591.55"", ""qty"": ""0.027"", ""reduceOnly"": false}, {""side"": ""BUY"", ""price"": ""3596.95"", ""qty"": ""0.027"", ""reduceOnly"": false}]","[{""price"": ""4018.15"", ""qty"": ""0.116"", ""clientOrderId"": ""TP_AUTO_TP_1759028241974""}, {""price"": ""0"", ""qty"": ""0"", ""clientOrderId"": ""x-Cb7ytekJ80e38ce18a39a0a70ad5b4""}]",3805.83,v1,ETHUSDT
2025-09-28T03:00:22.910197+00:00,"{'tipo': 'SOPORTE', 'precio': 200.0, 'volumen': 1625.589}",3999.92,0.11699999999999999,4006.135385944257,0.1293514,"[{""side"": ""BUY"", ""price"": ""2995.50"", ""qty"": ""0.033"", ""reduceOnly"": false}, {""side"": ""BUY"", ""price"": ""2993.25"", ""qty"": ""0.033"", ""reduceOnly"": false}, {""side"": ""BUY"", ""price"": ""2997.75"", ""qty"": ""0.033"", ""reduceOnly"": false}, {""side"": ""BUY"", ""price"": ""2991"", ""qty"": ""0.033"", ""reduceOnly"": false}, {""side"": ""SELL"", ""price"": ""0"", ""qty"": ""0"", ""reduceOnly"": true}, {""side"": ""SELL"", ""price"": ""4018.15"", ""qty"": ""0.116"", ""reduceOnly"": true}]","[{""price"": ""0"", ""qty"": ""0"", ""clientOrderId"": ""x-Cb7ytekJdf1e270240cfea7d993918""}, {""price"": ""4018.15"", ""qty"": ""0.116"", ""clientOrderId"": ""TP_AUTO_TP_1759028421999""}]",3805.83,v1,ETHUSDT
2025-09-28T03:01:43.406046+00:00,,4001.55,0.217,4006.656912443,0.0,"[{""side"": ""SELL"", ""price"": ""0"", ""qty"": ""0"", ""reduceOnly"": true}, {""side"": ""SELL"", ""price"": ""4018.68"", ""qty"": ""0.217"", ""reduceOnly"": true}]","[{""price"": ""0"", ""qty"": ""0"", ""clientOrderId"": ""x-Cb7ytekJf27bc20c9926a9f5c80ea5""}, {""price"": ""4018.68"", ""qty"": ""0.217"", ""clientOrderId"": ""TP_AUTO_TP_1759028497405""}]",3806.32,v1,ETHUSDT
2025-09-28T03:01:46.802787+00:00,"{'tipo': 'SOPORTE', 'precio': 200.0, 'volumen': 208.83300000000003}",3000.0,0.217,4006.656912443,0.0,"[{""side"": ""BUY"", ""price"": ""3988.54"", ""qty"": ""0.025"", ""reduceOnly"": false}, {""side"": ""SELL"", ""price"": ""4018.68"", ""qty"": ""0.217"", ""reduceOnly"": true}, {""side"": ""BUY"", ""price"": ""3995.05"", ""qty"": ""0.025"", ""reduceOnly"": false}, {""side"": ""BUY"", ""price"": ""3982.04"", ""qty"": ""0.025"", ""reduceOnly"": false}, {""side"": ""SELL"", ""price"": ""0"", ""qty"": ""0"", ""reduceOnly"": true}]","[{""price"": ""4018.68"", ""qty"": ""0.217"", ""clientOrderId"": ""TP_AUTO_TP_1759028505840""}, {""price"": ""0"", ""qty"": ""0"", ""clientOrderId"": ""x-Cb7ytekJ2e3b657b09c1a81d648b8""}]",3806.32,v1,ETHUSDT
2025-09-28T03:04:43.482317+00:00,"{'tipo': 'SOPORTE', 'precio': 200.0, 'volumen': 1550.4669999999999}",3000.0,0.217,4006.656912443,0.0,"[{""side"": ""BUY"", ""price"": ""3988.54"", ""qty"": ""0.025"", ""reduceOnly"": false}, {""side"": ""SELL"", ""price"": ""4018.68"", ""qty"": ""0.217"", ""reduceOnly"": true}, {""side"": ""BUY"", ""price"": ""3995.05"", ""qty"": ""0.025"", ""reduceOnly"": false}, {""side"": ""BUY"", ""price"": ""3982.04"", ""qty"": ""0.025"", ""reduceOnly"": false}, {""side"": ""SELL"", ""price"": ""0"", ""qty"": ""0"", ""reduceOnly"": true}]","[{""price"": ""4018.68"", ""qty"": ""0.217"", ""clientOrderId"": ""TP_AUTO_TP_1759028505840""}, {""price"": ""0"", ""qty"": ""0"", ""clientOrderId"": ""x-Cb7ytekJ2e3b657b09c1a81d648b8""}]",3806.32,v1,ETHUSDT
2025-09-28T03:04:47.193309+00:00,"{'tipo': 'SOPORTE', 'precio': 200.0, 'volumen': 1550.4669999999999}",4003.51,0.217,4006.656912443,0.0,"[{""side"": ""BUY"", ""price"": ""2997.75"", ""qty"": ""0.033"", ""reduceOnly"": false}, {""side"": ""BUY"", ""price"": ""2995.50"", ""qty"": ""0.033"", ""reduceOnly"": false}, {""side"": ""SELL"", ""price"": ""4018.68"", ""qty"": ""0.217"", ""reduceOnly"": true}, {""side"": ""SELL"", ""price"": ""0"", ""qty"": ""0"", ""reduceOnly"": true}, {""side"": ""BUY"", ""price"": ""2993.25"", ""qty"": ""0.033"", ""reduceOnly"": false}, {""side"": ""BUY"", ""price"": ""2991"", ""qty"": ""0.033"", ""reduceOnly"": false}]","[{""price"": ""4018.68"", ""qty"": ""0.217"", ""clientOrderId"": ""TP_AUTO_TP_1759028686227""}, {""price"": ""0"", ""qty"": ""0"", ""clientOrderId"": ""x-Cb7ytekJ22d462ade2bf53c4139266""}]",3806.32,v1,ETHUSDT
2025-09-28T03:07:51.364342+00:00,,4000.63,0.217,4006.656912443,0.0,"[{""side"": ""BUY"", ""price"": ""2997.75"", ""qty"": ""0.033"", ""reduceOnly"": false}, {""side"": ""BUY"", ""price"": ""2995.50"", ""qty"": ""0.033"", ""reduceOnly"": false}, {""side"": ""SELL"", ""price"": ""4018.68"", ""qty"": ""0.217"", ""reduceOnly"": true}, {""side"": ""SELL"", ""price"": ""0"", ""qty"": ""0"", ""reduceOnly"": true}, {""side"": ""BUY"", ""price"": ""2993.25"", ""qty"": ""0.033"", ""reduceOnly"": false}, {""side"": ""BUY"", ""price"": ""2991"", ""qty"": ""0.033"", ""reduceOnly"": false}]","[{""price"": ""4018.68"", ""qty"": ""0.217"", ""clientOrderId"": ""TP_AUTO_TP_1759028686227""}, {""price"": ""0"", ""qty"": ""0"", ""clientOrderId"": ""x-Cb7ytekJ22d462ade2bf53c4139266""}]",3806.32,v1,ETHUSDT
2025-09-28T03:07:54.663162+00:00,,4000.64,0.217,4006.656912443,0.0,"[{""side"": ""SELL"", ""price"": ""0"", ""qty"": ""0"", ""reduceOnly"": true}, {""side"": ""BUY"", ""price"": ""3981.13"", ""qty"": ""0.025"", ""reduceOnly"": false}, {""side"": ""SELL"", ""price"": ""4018.68"", ""qty"": ""0.217"", ""reduceOnly"": true}, {""side"": ""BUY"", ""price"": ""3994.13"", ""qty"": ""0.025"", ""reduceOnly"": false}, {""side"": ""BUY"", ""price"": ""3987.63"", ""qty"": ""0.025"", ""reduceOnly"": false}]","[{""price"": ""0"", ""qty"": ""0"", ""clientOrderId"": ""x-Cb7ytekJca95e4c65db77eb3057d5""}, {""price"": ""4018.68"", ""qty"": ""0.217"", ""clientOrderId"": ""TP_AUTO_TP_1759028873721""}]",3806.32,v1,ETHUSDT
2025-09-28T03:10:51.423634+00:00,DUMP,4001.05,0.217,4006.656912443,0.0,"[{""side"": ""SELL"", ""price"": ""0"", ""qty"": ""0"", ""reduceOnly"": true}, {""side"": ""BUY"", ""price"": ""3981.13"", ""qty"": ""0.025"", ""reduceOnly"": false}, {""side"": ""SELL"", ""price"": ""4018.68"", ""qty"": ""0.217"", ""reduceOnly"": true}, {""side"": ""BUY"", ""price"": ""3994.13"", ""qty"": ""0.025"", ""reduceOnly"": false}, {""side"": ""BUY"", ""price"": ""3987.63"", ""qty"": ""0.025"", ""reduceOnly"": false}]","[{""price"": ""0"", ""qty"": ""0"", ""clientOrderId"": ""x-Cb7ytekJca95e4c65db77eb3057d5""}, {""price"": ""4018.68"", ""qty"": ""0.217"", ""clientOrderId"": ""TP_AUTO_TP_1759028873721""}]",3806.32,v1,ETHUSDT
2025-09-28T03:10:54.718872+00:00,DUMP,4001.06,0.217,4006.656912443,0.0,"[{""side"": ""BUY"", ""price"": ""3971.04"", ""qty"": ""0.025"", ""reduceOnly"": false}, {""side"": ""BUY"", ""price"": ""3981.04"", ""qty"": ""0.025"", ""reduceOnly"": false}, {""side"": ""BUY"", ""price"": ""3991.05"", ""qty"": ""0.025"", ""reduceOnly"": false}, {""side"": ""SELL"", ""price"": ""4018.68"", ""qty"": ""0.217"", ""reduceOnly"": true}, {""side"": ""SELL"", ""price"": ""0"", ""qty"": ""0"", ""reduceOnly"": true}]","[{""price"": ""4018.68"", ""qty"": ""0.217"", ""clientOrderId"": ""TP_AUTO_TP_1759029053794""}, {""price"": ""0"", ""qty"": ""0"", ""clientOrderId"": ""x-Cb7ytekJc41ff8ef8f919388cbea7e""}]",3806.32,v1,ETHUSDT
2025-09-28T03:13:51.523115+00:00,"{'tipo': 'SOPORTE', 'precio': 3000.0, 'volumen': 1647.688}",4003.02,0.217,4006.656912443,0.0,"[{""side"": ""BUY"", ""price"": ""3971.04"", ""qty"": ""0.025"", ""reduceOnly"": false}, {""side"": ""BUY"", ""price"": ""3981.04"", ""qty"": ""0.025"", ""reduceOnly"": false}, {""side"": ""BUY"", ""price"": ""3991.05"", ""qty"": ""0.025"", ""reduceOnly"": false}, {""side"": ""SELL"", ""price"": ""4018.68"", ""qty"": ""0.217"", ""reduceOnly"": true}, {""side"": ""SELL"", ""price"": ""0"", ""qty"": ""0"", ""reduceOnly"": true}]","[{""price"": ""4018.68"", ""qty"": ""0.217"", ""clientOrderId"": ""TP_AUTO_TP_1759029053794""}, {""price"": ""0"", ""qty"": ""0"", ""clientOrderId"": ""x-Cb7ytekJc41ff8ef8f919388cbea7e""}]",3806.32,v1,ETHUSDT
2025-09-28T03:13:55.095885+00:00,"{'tipo': 'SOPORTE', 'precio': 3000.0, 'volumen': 1647.688}",4003.01,0.217,4006.656912443,0.0,"[{""side"": ""SELL"", ""price"": ""0"", ""qty"": ""0"", ""reduceOnly"": true}, {""side"": ""BUY"", ""price"": ""4000.02"", ""qty"": ""0.024"", ""reduceOnly"": false}, {""side"": ""BUY"", ""price"": ""3997.02"", ""qty"": ""0.025"", ""reduceOnly"": false}, {""side"": ""BUY"", ""price"": ""3991.01"", ""qty"": ""0.025"", ""reduceOnly"": false}, {""side"": ""BUY"", ""price"": ""3994.01"", ""qty"": ""0.025"", ""reduceOnly"": false}, {""side"": ""SELL"", ""price"": ""4018.68"", ""qty"": ""0.217"", ""reduceOnly"": true}]","[{""price"": ""0"", ""qty"": ""0"", ""clientOrderId"": ""x-Cb7ytekJ9647e6290d33829f4803""}, {""price"": ""4018.68"", ""qty"": ""0.217"", ""clientOrderId"": ""TP_AUTO_TP_1759029234171""}]",3806.32,v1,ETHUSDT
2025-09-28T03:16:51.544304+00:00,DUMP,4005.39,0.217,4006.656912443,0.0,"[{""side"": ""SELL"", ""price"": ""0"", ""qty"": ""0"", ""reduceOnly"": true}, {""side"": ""BUY"", ""price"": ""4000.02"", ""qty"": ""0.024"", ""reduceOnly"": false}, {""side"": ""BUY"", ""price"": ""3997.02"", ""qty"": ""0.025"", ""reduceOnly"": false}, {""side"": ""BUY"", ""price"": ""3991.01"", ""qty"": ""0.025"", ""reduceOnly"": false}, {""side"": ""BUY"", ""price"": ""3994.01"", ""qty"": ""0.025"", ""reduceOnly"": false}, {""side"": ""SELL"", ""price"": ""4018.68"", ""qty"": ""0.217"", ""reduceOnly"": true}]","[{""price"": ""0"", ""qty"": ""0"", ""clientOrderId"": ""x-Cb7ytekJ9647e6290d33829f4803""}, {""price"": ""4018.68"", ""qty"": ""0.217"", ""clientOrderId"": ""TP_AUTO_TP_1759029234171""}]",3806.32,v1,ETHUSDT
2025-09-28T03:16:54.815009+00:00,DUMP,0.0,0.217,4006.656912443,0.0,"[{""side"": ""BUY"", ""price"": ""3995.38"", ""qty"": ""0.025"", ""reduceOnly"": false}, {""side"": ""BUY"", ""price"": ""3975.35"", ""qty"": ""0.025"", ""reduceOnly"": false}, {""side"": ""SELL"", ""price"": ""0"", ""qty"": ""0"", ""reduceOnly"": true}, {""side"": ""SELL"", ""price"": ""4018.68"", ""qty"": ""0.217"", ""reduceOnly"": true}, {""side"": ""BUY"", ""price"": ""3985.36"", ""qty"": ""0.025"", ""reduceOnly"": false}]","[{""price"": ""0"", ""qty"": ""0"", ""clientOrderId"": ""x-Cb7ytekJ2fef94488399806b23ce1""}, {""price"": ""4018.68"", ""qty"": ""0.217"", ""clientOrderId"": ""TP_AUTO_TP_1759029413894""}]",3806.32,v1,ETHUSDT
2025-09-28T03:19:51.604144+00:00,"{'tipo': 'SOPORTE', 'precio': 3000.0, 'volumen': 2979.779}",4001.01,0.217,4006.656912443,0.0,"[{""side"": ""BUY"", ""price"": ""3995.38"", ""qty"": ""0.025"", ""reduceOnly"": false}, {""side"": ""BUY"", ""price"": ""3975.35"", ""qty"": ""0.025"", ""reduceOnly"": false}, {""side"": ""SELL"", ""price"": ""0"", ""qty"": ""0"", ""reduceOnly"": true}, {""side"": ""SELL"", ""price"": ""4018.68"", ""qty"": ""0.217"", ""reduceOnly"": true}, {""side"": ""BUY"", ""price"": ""3985.36"", ""qty"": ""0.025"", ""reduceOnly"": false}]","[{""price"": ""0"", ""qty"": ""0"", ""clientOrderId"": ""x-Cb7ytekJ2fef94488399806b23ce1""}, {""price"": ""4018.68"", ""qty"": ""0.217"", ""clientOrderId"": ""TP_AUTO_TP_1759029413894""}]",3806.32,v1,ETHUSDT
2025-09-28T03:19:55.180639+00:00,"{'tipo': 'SOPORTE', 'precio': 3000.0, 'volumen': 2979.779}",4001.0,0.217,4006.656912443,0.0,"[{""side"": ""SELL"", ""price"": ""4018.68"", ""qty"": ""0.217"", ""reduceOnly"": true}, {""side"": ""BUY"", ""price"": ""3989.01"", ""qty"": ""0.025"", ""reduceOnly"": false}, {""side"": ""BUY"", ""price"": ""3998.01"", ""qty"": ""0.025"", ""reduceOnly"": false}, {""side"": ""BUY"", ""price"": ""3992.01"", ""qty"": ""0.025"", ""reduceOnly"": false}, {""side"": ""SELL"", ""price"": ""0"", ""qty"": ""0"", ""reduceOnly"": true}, {""side"": ""BUY"", ""price"": ""3995.01"", ""qty"": ""0.025"", ""reduceOnly"": false}]","[{""price"": ""4018.68"", ""qty"": ""0.217"", ""clientOrderId"": ""TP_AUTO_TP_1759029594254""}, {""price"": ""0"", ""qty"": ""0"", ""clientOrderId"": ""x-Cb7ytekJ9a1d00ace87f9f7692063c""}]",3806.32,v1,ETHUSDT
2025-09-28T03:22:51.609330+00:00,DUMP,3998.74,0.217,4006.656912443,0.0,"[{""side"": ""SELL"", ""price"": ""4018.68"", ""qty"": ""0.217"", ""reduceOnly"": true}, {""side"": ""BUY"", ""price"": ""3989.01"", ""qty"": ""0.025"", ""reduceOnly"": false}, {""side"": ""BUY"", ""price"": ""3998.01"", ""qty"": ""0.025"", ""reduceOnly"": false}, {""side"": ""BUY"", ""price"": ""3992.01"", ""qty"": ""0.025"", ""reduceOnly"": false}, {""side"": ""SELL"", ""price"": ""0"", ""qty"": ""0"", ""reduceOnly"": true}, {""side"": ""BUY"", ""price"": ""3995.01"", ""qty"": ""0.025"", ""reduceOnly"": false}]","[{""price"": ""4018.68"", ""qty"": ""0.217"", ""clientOrderId"": ""TP_AUTO_TP_1759029594254""}, {""price"": ""0"", ""qty"": ""0"", ""clientOrderId"": ""x-Cb7ytekJ9a1d00ace87f9f7692063c""}]",3806.32,v1,ETHUSDT
2025-09-28T03:22:54.863624+00:00,DUMP,3998.75,0.217,4006.656912443,0.0,"[{""side"": ""SELL"", ""price"": ""4018.68"", ""qty"": ""0.217"", ""reduceOnly"": true}, {""side"": ""SELL"", ""price"": ""0"", ""qty"": ""0"", ""reduceOnly"": true}, {""side"": ""BUY"", ""price"": ""3988.74"", ""qty"": ""0.025"", ""reduceOnly"": false}, {""side"": ""BUY"", ""price"": ""3978.75"", ""qty"": ""0.025"", ""reduceOnly"": false}, {""side"": ""BUY"", ""price"": ""3968.75"", ""qty"": ""0.025"", ""reduceOnly"": false}]","[{""price"": ""4018.68"", ""qty"": ""0.217"", ""clientOrderId"": ""TP_AUTO_TP_1759029773942""}, {""price"": ""0"", ""qty"": ""0"", ""clientOrderId"": ""x-Cb7ytekJb0114d7e4257c8b19dac1f""}]",3806.32,v1,ETHUSDT
2025-09-28T03:25:51.648340+00:00,"{'tipo': 'SOPORTE', 'precio': 200.0, 'volumen': 553.626}",4001.18,0.217,4006.656912443,0.0,"[{""side"": ""SELL"", ""price"": ""4018.68"", ""qty"": ""0.217"", ""reduceOnly"": true}, {""side"": ""SELL"", ""price"": ""0"", ""qty"": ""0"", ""reduceOnly"": true}, {""side"": ""BUY"", ""price"": ""3988.74"", ""qty"": ""0.025"", ""reduceOnly"": false}, {""side"": ""BUY"", ""price"": ""3978.75"", ""qty"": ""0.025"", ""reduceOnly"": false}, {""side"": ""BUY"", ""price"": ""3968.75"", ""qty"": ""0.025"", ""reduceOnly"": false}]","[{""price"": ""4018.68"", ""qty"": ""0.217"", ""clientOrderId"": ""TP_AUTO_TP_1759029773942""}, {""price"": ""0"", ""qty"": ""0"", ""clientOrderId"": ""x-Cb7ytekJb0114d7e4257c8b19dac1f""}]",3806.32,v1,ETHUSDT
2025-09-28T03:25:55.193773+00:00,"{'tipo': 'SOPORTE', 'precio': 200.0, 'volumen': 553.626}",4001.18,0.217,4006.656912443,0.0,"[{""side"": ""SELL"", ""price"": ""4018.68"", ""qty"": ""0.217"", ""reduceOnly"": true}, {""side"": ""BUY"", ""price"": ""3998.18"", ""qty"": ""0.025"", ""reduceOnly"": false}, {""side"": ""BUY"", ""price"": ""3995.18"", ""qty"": ""0.025"", ""reduceOnly"": false}, {""side"": ""BUY"", ""price"": ""3992.18"", ""qty"": ""0.025"", ""reduceOnly"": false}, {""side"": ""BUY"", ""price"": ""3989.18"", ""qty"": ""0.025"", ""reduceOnly"": false}, {""side"": ""SELL"", ""price"": ""0"", ""qty"": ""0"", ""reduceOnly"": true}]","[{""price"": ""4018.68"", ""qty"": ""0.217"", ""clientOrderId"": ""TP_AUTO_TP_1759029954284""}, {""price"": ""0"", ""qty"": ""0"", ""clientOrderId"": ""x-Cb7ytekJ76e05f680eb481962db3ae""}]",3806.32,v1,ETHUSDT
2025-09-28T03:28:51.728301+00:00,"{'tipo': 'SOPORTE', 'precio': 3601.52, 'volumen': 107.575}",4001.69,0.217,4006.656912443,0.0,"[{""side"": ""SELL"", ""price"": ""4018.68"", ""qty"": ""0.217"", ""reduceOnly"": true}, {""side"": ""BUY"", ""price"": ""3998.18"", ""qty"": ""0.025"", ""reduceOnly"": false}, {""side"": ""BUY"", ""price"": ""3995.18"", ""qty"": ""0.025"", ""reduceOnly"": false}, {""side"": ""BUY"", ""price"": ""3992.18"", ""qty"": ""0.025"", ""reduceOnly"": false}, {""side"": ""BUY"", ""price"": ""3989.18"", ""qty"": ""0.025"", ""reduceOnly"": false}, {""side"": ""SELL"", ""price"": ""0"", ""qty"": ""0"", ""reduceOnly"": true}]","[{""price"": ""4018.68"", ""qty"": ""0.217"", ""clientOrderId"": ""TP_AUTO_TP_1759029954284""}, {""price"": ""0"", ""qty"": ""0"", ""clientOrderId"": ""x-Cb7ytekJ76e05f680eb481962db3ae""}]",3806.32,v1,ETHUSDT
2025-09-28T03:28:55.294324+00:00,"{'tipo': 'SOPORTE', 'precio': 3601.52, 'volumen': 107.575}",4001.68,0.217,4006.656912443,0.0,"[{""side"": ""BUY"", ""price"": ""3989.68"", ""qty"": ""0.025"", ""reduceOnly"": false}, {""side"": ""SELL"", ""price"": ""4018.68"", ""qty"": ""0.217"", ""reduceOnly"": true}, {""side"": ""BUY"", ""price"": ""3992.69"", ""qty"": ""0.025"", ""reduceOnly"": false}, {""side"": ""BUY"", ""price"": ""3995.69"", ""qty"": ""0.025"", ""reduceOnly"": false}, {""side"": ""SELL"", ""price"": ""0"", ""qty"": ""0"", ""reduceOnly"": true}, {""side"": ""BUY"", ""price"": ""3998.69"", ""qty"": ""0.025"", ""reduceOnly"": false}]","[{""price"": ""4018.68"", ""qty"": ""0.217"", ""clientOrderId"": ""TP_AUTO_TP_1759030134374""}, {""price"": ""0"", ""qty"": ""0"", ""clientOrderId"": ""x-Cb7ytekJ8c5d0ad51ffe02eb60682d""}]",3806.32,v1,ETHUSDT
2025-09-28T03:31:51.822213+00:00,"{'tipo': 'SOPORTE', 'precio': 3984.81, 'volumen': 414.4189999999999}",4002.01,0.217,4006.656912443,0.0,"[{""side"": ""BUY"", ""price"": ""3989.68"", ""qty"": ""0.025"", ""reduceOnly"": false}, {""side"": ""SELL"", ""price"": ""4018.68"", ""qty"": ""0.217"", ""reduceOnly"": true}, {""side"": ""BUY"", ""price"": ""3992.69"", ""qty"": ""0.025"", ""reduceOnly"": false}, {""side"": ""BUY"", ""price"": ""3995.69"", ""qty"": ""0.025"", ""reduceOnly"": false}, {""side"": ""SELL"", ""price"": ""0"", ""qty"": ""0"", ""reduceOnly"": true}, {""side"": ""BUY"", ""price"": ""3998.69"", ""qty"": ""0.025"", ""reduceOnly"": false}]","[{""price"": ""4018.68"", ""qty"": ""0.217"", ""clientOrderId"": ""TP_AUTO_TP_1759030134374""}, {""price"": ""0"", ""qty"": ""0"", ""clientOrderId"": ""x-Cb7ytekJ8c5d0ad51ffe02eb60682d""}]",3806.32,v1,ETHUSDT
2025-09-28T03:31:55.368974+00:00,"{'tipo': 'SOPORTE', 'precio': 3984.81, 'volumen': 414.4189999999999}",4002.01,0.217,4006.656912443,0.0,"[{""side"": ""BUY"", ""price"": ""3999.01"", ""qty"": ""0.025"", ""reduceOnly"": false}, {""side"": ""BUY"", ""price"": ""3996.01"", ""qty"": ""0.025"", ""reduceOnly"": false}, {""side"": ""SELL"", ""price"": ""4018.68"", ""qty"": ""0.217"", ""reduceOnly"": true}, {""side"": ""BUY"", ""price"": ""3990"", ""qty"": ""0.025"", ""reduceOnly"": false}, {""side"": ""BUY"", ""price"": ""3993.01"", ""qty"": ""0.025"", ""reduceOnly"": false}, {""side"": ""SELL"", ""price"": ""0"", ""qty"": ""0"", ""reduceOnly"": true}]","[{""price"": ""4018.68"", ""qty"": ""0.217"", ""clientOrderId"": ""TP_AUTO_TP_1759030314451""}, {""price"": ""0"", ""qty"": ""0"", ""clientOrderId"": ""x-Cb7ytekJ3dad0c02055d02d3bd2c94""}]",3806.32,v1,ETHUSDT
2025-09-28T03:34:51.851043+00:00,"{'tipo': 'SOPORTE', 'precio': 3936.74, 'volumen': 606.364}",3996.69,0.217,4006.656912443,0.0,"[{""side"": ""SELL"", ""price"": ""4018.68"", ""qty"": ""0.217"", ""reduceOnly"": true}, {""side"": ""BUY"", ""price"": ""3990"", ""qty"": ""0.025"", ""reduceOnly"": false}, {""side"": ""BUY"", ""price"": ""3993.01"", ""qty"": ""0.025"", ""reduceOnly"": false}, {""side"": ""SELL"", ""price"": ""0"", ""qty"": ""0"", ""reduceOnly"": true}]","[{""price"": ""4018.68"", ""qty"": ""0.217"", ""clientOrderId"": ""TP_AUTO_TP_1759030314451""}, {""price"": ""0"", ""qty"": ""0"", ""clientOrderId"": ""x-Cb7ytekJ3dad0c02055d02d3bd2c94""}]",3806.32,v1,ETHUSDT
2025-09-28T03:34:55.386111+00:00,"{'tipo': 'SOPORTE', 'precio': 3936.74, 'volumen': 606.364}",3996.69,0.217,4006.656912443,0.0,"[{""side"": ""BUY"", ""price"": ""3993.69"", ""qty"": ""0.025"", ""reduceOnly"": false}, {""side"": ""SELL"", ""price"": ""4018.68"", ""qty"": ""0.217"", ""reduceOnly"": true}, {""side"": ""BUY"", ""price"": ""3984.70"", ""qty"": ""0.025"", ""reduceOnly"": false}, {""side"": ""BUY"", ""price"": ""3990.69"", ""qty"": ""0.025"", ""reduceOnly"": false}, {""side"": ""SELL"", ""price"": ""0"", ""qty"": ""0"", ""reduceOnly"": true}, {""side"": ""BUY"", ""price"": ""3987.70"", ""qty"": ""0.025"", ""reduceOnly"": false}]","[{""price"": ""4018.68"", ""qty"": ""0.217"", ""clientOrderId"": ""TP_AUTO_TP_1759030494487""}, {""price"": ""0"", ""qty"": ""0"", ""clientOrderId"": ""x-Cb7ytekJ7e357323a5fdd67c8383bd""}]",3806.32,v1,ETHUSDT
2025-09-28T03:37:51.921960+00:00,DUMP,3995.48,0.217,4006.656912443,0.0,"[{""side"": ""BUY"", ""price"": ""3993.69"", ""qty"": ""0.025"", ""reduceOnly"": false}, {""side"": ""SELL"", ""price"": ""4018.68"", ""qty"": ""0.217"", ""reduceOnly"": true}, {""side"": ""BUY"", ""price"": ""3984.70"", ""qty"": ""0.025"", ""reduceOnly"": false}, {""side"": ""BUY"", ""price"": ""3990.69"", ""qty"": ""0.025"", ""reduceOnly"": false}, {""side"": ""SELL"", ""price"": ""0"", ""qty"": ""0"", ""reduceOnly"": true}, {""side"": ""BUY"", ""price"": ""3987.70"", ""qty"": ""0.025"", ""reduceOnly"": false}]","[{""price"": ""4018.68"", ""qty"": ""0.217"", ""clientOrderId"": ""TP_AUTO_TP_1759030494487""}, {""price"": ""0"", ""qty"": ""0"", ""clientOrderId"": ""x-Cb7ytekJ7e357323a5fdd67c8383bd""}]",3806.32,v1,ETHUSDT
2025-09-28T03:37:55.336644+00:00,DUMP,3995.48,0.217,4006.656912443,0.0,"[{""side"": ""SELL"", ""price"": ""4018.68"", ""qty"": ""0.217"", ""reduceOnly"": true}, {""side"": ""BUY"", ""price"": ""3975.50"", ""qty"": ""0.025"", ""reduceOnly"": false}, {""side"": ""BUY"", ""price"": ""3965.51"", ""qty"": ""0.025"", ""reduceOnly"": false}, {""side"": ""BUY"", ""price"": ""3985.49"", ""qty"": ""0.025"", ""reduceOnly"": false}, {""side"": ""SELL"", ""price"": ""0"", ""qty"": ""0"", ""reduceOnly"": true}]","[{""price"": ""4018.68"", ""qty"": ""0.217"", ""clientOrderId"": ""TP_AUTO_TP_1759030674423""}, {""price"": ""0"", ""qty"": ""0"", ""clientOrderId"": ""x-Cb7ytekJ5ffc6ba4b1d06f44e50ec9""}]",3806.32,v1,ETHUSDT
2025-09-28T03:40:51.922935+00:00,"{'tipo': 'SOPORTE', 'precio': 200.0, 'volumen': 1786.057}",3998.28,0.217,4006.656912443,0.0,"[{""side"": ""SELL"", ""price"": ""4018.68"", ""qty"": ""0.217"", ""reduceOnly"": true}, {""side"": ""BUY"", ""price"": ""3975.50"", ""qty"": ""0.025"", ""reduceOnly"": false}, {""side"": ""BUY"", ""price"": ""3965.51"", ""qty"": ""0.025"", ""reduceOnly"": false}, {""side"": ""BUY"", ""price"": ""3985.49"", ""qty"": ""0.025"", ""reduceOnly"": false}, {""side"": ""SELL"", ""price"": ""0"", ""qty"": ""0"", ""reduceOnly"": true}]","[{""price"": ""4018.68"", ""qty"": ""0.217"", ""clientOrderId"": ""TP_AUTO_TP_1759030674423""}, {""price"": ""0"", ""qty"": ""0"", ""clientOrderId"": ""x-Cb7ytekJ5ffc6ba4b1d06f44e50ec9""}]",3806.32,v1,ETHUSDT
2025-09-28T03:40:55.493693+00:00,"{'tipo': 'SOPORTE', 'precio': 200.0, 'volumen': 1786.057}",3998.28,0.217,4006.656912443,0.0,"[{""side"": ""BUY"", ""price"": ""3992.28"", ""qty"": ""0.025"", ""reduceOnly"": false}, {""side"": ""BUY"", ""price"": ""3986.29"", ""qty"": ""0.025"", ""reduceOnly"": false}, {""side"": ""SELL"", ""price"": ""0"", ""qty"": ""0"", ""reduceOnly"": true}, {""side"": ""SELL"", ""price"": ""4018.68"", ""qty"": ""0.217"", ""reduceOnly"": true}, {""side"": ""BUY"", ""price"": ""3989.28"", ""qty"": ""0.025"", ""reduceOnly"": false}, {""side"": ""BUY"", ""price"": ""3995.28"", ""qty"": ""0.025"", ""reduceOnly"": false}]","[{""price"": ""0"", ""qty"": ""0"", ""clientOrderId"": ""x-Cb7ytekJd26026f2f3d921e7331573""}, {""price"": ""4018.68"", ""qty"": ""0.217"", ""clientOrderId"": ""TP_AUTO_TP_1759030854571""}]",3806.32,v1,ETHUSDT
2025-09-28T03:43:51.960651+00:00,"{'tipo': 'SOPORTE', 'precio': 200.0, 'volumen': 1545.938}",3997.6,0.217,4006.656912443,0.0,"[{""side"": ""BUY"", ""price"": ""3992.28"", ""qty"": ""0.025"", ""reduceOnly"": false}, {""side"": ""BUY"", ""price"": ""3986.29"", ""qty"": ""0.025"", ""reduceOnly"": false}, {""side"": ""SELL"", ""price"": ""0"", ""qty"": ""0"", ""reduceOnly"": true}, {""side"": ""SELL"", ""price"": ""4018.68"", ""qty"": ""0.217"", ""reduceOnly"": true}, {""side"": ""BUY"", ""price"": ""3989.28"", ""qty"": ""0.025"", ""reduceOnly"": false}, {""side"": ""BUY"", ""price"": ""3995.28"", ""qty"": ""0.025"", ""reduceOnly"": false}]","[{""price"": ""0"", ""qty"": ""0"", ""clientOrderId"": ""x-Cb7ytekJd26026f2f3d921e7331573""}, {""price"": ""4018.68"", ""qty"": ""0.217"", ""clientOrderId"": ""TP_AUTO_TP_1759030854571""}]",3806.32,v1,ETHUSDT
2025-09-28T03:43:55.494668+00:00,"{'tipo': 'SOPORTE', 'precio': 200.0, 'volumen': 1545.938}",3997.6,0.217,4006.656912443,0.0,"[{""side"": ""BUY"", ""price"": ""3994.60"", ""qty"": ""0.025"", ""reduceOnly"": false}, {""side"": ""BUY"", ""price"": ""3991.60"", ""qty"": ""0.025"", ""reduceOnly"": false}, {""side"": ""SELL"", ""price"": ""0"", ""qty"": ""0"", ""reduceOnly"": true}, {""side"": ""BUY"", ""price"": ""3985.61"", ""qty"": ""0.025"", ""reduceOnly"": false}, {""side"": ""SELL"", ""price"": ""4018.68"", ""qty"": ""0.217"", ""reduceOnly"": true}, {""side"": ""BUY"", ""price"": ""3988.61"", ""qty"": ""0.025"", ""reduceOnly"": false}]","[{""price"": ""0"", ""qty"": ""0"", ""clientOrderId"": ""x-Cb7ytekJf91d9b3ba03c21f83b029b""}, {""price"": ""4018.68"", ""qty"": ""0.217"", ""clientOrderId"": ""TP_AUTO_TP_1759031034586""}]",3806.32,v1,ETHUSDT
2025-09-28T03:46:52.064618+00:00,"{'tipo': 'SOPORTE', 'precio': 3000.0, 'volumen': 1626.0330000000001}",3998.68,0.217,4006.656912443,0.0,"[{""side"": ""BUY"", ""price"": ""3994.60"", ""qty"": ""0.025"", ""reduceOnly"": false}, {""side"": ""BUY"", ""price"": ""3991.60"", ""qty"": ""0.025"", ""reduceOnly"": false}, {""side"": ""SELL"", ""price"": ""0"", ""qty"": ""0"", ""reduceOnly"": true}, {""side"": ""BUY"", ""price"": ""3985.61"", ""qty"": ""0.025"", ""reduceOnly"": false}, {""side"": ""SELL"", ""price"": ""4018.68"", ""qty"": ""0.217"", ""reduceOnly"": true}, {""side"": ""BUY"", ""price"": ""3988.61"", ""qty"": ""0.025"", ""reduceOnly"": false}]","[{""price"": ""0"", ""qty"": ""0"", ""clientOrderId"": ""x-Cb7ytekJf91d9b3ba03c21f83b029b""}, {""price"": ""4018.68"", ""qty"": ""0.217"", ""clientOrderId"": ""TP_AUTO_TP_1759031034586""}]",3806.32,v1,ETHUSDT
2025-09-28T03:46:55.750424+00:00,"{'tipo': 'SOPORTE', 'precio': 3000.0, 'volumen': 1626.0330000000001}",3998.68,0.217,4006.656912443,0.0,"[{""side"": ""BUY"", ""price"": ""3992.68"", ""qty"": ""0.025"", ""reduceOnly"": false}, {""side"": ""BUY"", ""price"": ""3986.68"", ""qty"": ""0.025"", ""reduceOnly"": false}, {""side"": ""BUY"", ""price"": ""3995.68"", ""qty"": ""0.025"", ""reduceOnly"": false}, {""side"": ""SELL"", ""price"": ""4018.68"", ""qty"": ""0.217"", ""reduceOnly"": true}, {""side"": ""BUY"", ""price"": ""3989.68"", ""qty"": ""0.025"", ""reduceOnly"": false}, {""side"": ""SELL"", ""price"": ""0"", ""qty"": ""0"", ""reduceOnly"": true}]","[{""price"": ""4018.68"", ""qty"": ""0.217"", ""clientOrderId"": ""TP_AUTO_TP_1759031214733""}, {""price"": ""0"", ""qty"": ""0"", ""clientOrderId"": ""x-Cb7ytekJ12d9e0a45b8e4b64f5bedf""}]",3806.32,v1,ETHUSDT
2025-09-28T03:49:52.121531+00:00,"{'tipo': 'SOPORTE', 'precio': 200.0, 'volumen': 379.96200000000005}",4000.65,0.217,4006.656912443,0.0,"[{""side"": ""BUY"", ""price"": ""3992.68"", ""qty"": ""0.025"", ""reduceOnly"": false}, {""side"": ""BUY"", ""price"": ""3986.68"", ""qty"": ""0.025"", ""reduceOnly"": false}, {""side"": ""BUY"", ""price"": ""3995.68"", ""qty"": ""0.025"", ""reduceOnly"": false}, {""side"": ""SELL"", ""price"": ""4018.68"", ""qty"": ""0.217"", ""reduceOnly"": true}, {""side"": ""BUY"", ""price"": ""3989.68"", ""qty"": ""0.025"", ""reduceOnly"": false}, {""side"": ""SELL"", ""price"": ""0"", ""qty"": ""0"", ""reduceOnly"": true}]","[{""price"": ""4018.68"", ""qty"": ""0.217"", ""clientOrderId"": ""TP_AUTO_TP_1759031214733""}, {""price"": ""0"", ""qty"": ""0"", ""clientOrderId"": ""x-Cb7ytekJ12d9e0a45b8e4b64f5bedf""}]",3806.32,v1,ETHUSDT
2025-09-28T03:49:55.668297+00:00,DUMP,4000.46,0.217,4006.656912443,0.0,"[{""side"": ""BUY"", ""price"": ""3994.65"", ""qty"": ""0.025"", ""reduceOnly"": false}, {""side"": ""BUY"", ""price"": ""3997.65"", ""qty"": ""0.025"", ""reduceOnly"": false}, {""side"": ""BUY"", ""price"": ""3988.65"", ""qty"": ""0.025"", ""reduceOnly"": false}, {""side"": ""SELL"", ""price"": ""0"", ""qty"": ""0"", ""reduceOnly"": true}, {""side"": ""BUY"", ""price"": ""3991.65"", ""qty"": ""0.025"", ""reduceOnly"": false}, {""side"": ""SELL"", ""price"": ""4018.68"", ""qty"": ""0.217"", ""reduceOnly"": true}]","[{""price"": ""0"", ""qty"": ""0"", ""clientOrderId"": ""x-Cb7ytekJa6860c20dcd6820afd78d2""}, {""price"": ""4018.68"", ""qty"": ""0.217"", ""clientOrderId"": ""TP_AUTO_TP_1759031394754""}]",3806.32,v1,ETHUSDT
2025-09-28T03:52:52.223669+00:00,"{'tipo': 'SOPORTE', 'precio': 200.0, 'volumen': 749.6740000000001}",3999.92,0.217,4006.656912443,0.0,"[{""side"": ""BUY"", ""price"": ""3994.65"", ""qty"": ""0.025"", ""reduceOnly"": false}, {""side"": ""BUY"", ""price"": ""3997.65"", ""qty"": ""0.025"", ""reduceOnly"": false}, {""side"": ""BUY"", ""price"": ""3988.65"", ""qty"": ""0.025"", ""reduceOnly"": false}, {""side"": ""SELL"", ""price"": ""0"", ""qty"": ""0"", ""reduceOnly"": true}, {""side"": ""BUY"", ""price"": ""3991.65"", ""qty"": ""0.025"", ""reduceOnly"": false}, {""side"": ""SELL"", ""price"": ""4018.68"", ""qty"": ""0.217"", ""reduceOnly"": true}]","[{""price"": ""0"", ""qty"": ""0"", ""clientOrderId"": ""x-Cb7ytekJa6860c20dcd6820afd78d2""}, {""price"": ""4018.68"", ""qty"": ""0.217"", ""clientOrderId"": ""TP_AUTO_TP_1759031394754""}]",3806.32,v1,ETHUSDT
2025-09-28T03:52:55.801520+00:00,"{'tipo': 'SOPORTE', 'precio': 200.0, 'volumen': 749.6740000000001}",3999.99,0.217,4006.656912443,0.0,"[{""side"": ""BUY"", ""price"": ""3993.92"", ""qty"": ""0.025"", ""reduceOnly"": false}, {""side"": ""BUY"", ""price"": ""3996.92"", ""qty"": ""0.025"", ""reduceOnly"": false}, {""side"": ""BUY"", ""price"": ""3987.92"", ""qty"": ""0.025"", ""reduceOnly"": false}, {""side"": ""BUY"", ""price"": ""3990.92"", ""qty"": ""0.025"", ""reduceOnly"": false}, {""side"": ""SELL"", ""price"": ""4018.68"", ""qty"": ""0.217"", ""reduceOnly"": true}, {""side"": ""SELL"", ""price"": ""0"", ""qty"": ""0"", ""reduceOnly"": true}]","[{""price"": ""4018.68"", ""qty"": ""0.217"", ""clientOrderId"": ""TP_AUTO_TP_1759031574876""}, {""price"": ""0"", ""qty"": ""0"", ""clientOrderId"": ""x-Cb7ytekJ6c267b73107140802c7a35""}]",3806.32,v1,ETHUSDT
2025-09-28T03:55:52.294229+00:00,"{'tipo': 'SOPORTE', 'precio': 200.0, 'volumen': 226.387}",4001.53,0.217,4006.656912443,0.0,"[{""side"": ""BUY"", ""price"": ""3993.92"", ""qty"": ""0.025"", ""reduceOnly"": false}, {""side"": ""BUY"", ""price"": ""3996.92"", ""qty"": ""0.025"", ""reduceOnly"": false}, {""side"": ""BUY"", ""price"": ""3987.92"", ""qty"": ""0.025"", ""reduceOnly"": false}, {""side"": ""BUY"", ""price"": ""3990.92"", ""qty"": ""0.025"", ""reduceOnly"": false}, {""side"": ""SELL"", ""price"": ""4018.68"", ""qty"": ""0.217"", ""reduceOnly"": true}, {""side"": ""SELL"", ""price"": ""0"", ""qty"": ""0"", ""reduceOnly"": true}]","[{""price"": ""4018.68"", ""qty"": ""0.217"", ""clientOrderId"": ""TP_AUTO_TP_1759031574876""}, {""price"": ""0"", ""qty"": ""0"", ""clientOrderId"": ""x-Cb7ytekJ6c267b73107140802c7a35""}]",3806.32,v1,ETHUSDT
2025-09-28T03:55:55.857988+00:00,"{'tipo': 'SOPORTE', 'precio': 200.0, 'volumen': 226.387}",4001.53,0.217,4006.656912443,0.0,"[{""side"": ""BUY"", ""price"": ""3995.53"", ""qty"": ""0.025"", ""reduceOnly"": false}, {""side"": ""SELL"", ""price"": ""0"", ""qty"": ""0"", ""reduceOnly"": true}, {""side"": ""BUY"", ""price"": ""3992.53"", ""qty"": ""0.025"", ""reduceOnly"": false}, {""side"": ""SELL"", ""price"": ""4018.68"", ""qty"": ""0.217"", ""reduceOnly"": true}, {""side"": ""BUY"", ""price"": ""3998.53"", ""qty"": ""0.025"", ""reduceOnly"": false}, {""side"": ""BUY"", ""price"": ""3989.53"", ""qty"": ""0.025"", ""reduceOnly"": false}]","[{""price"": ""0"", ""qty"": ""0"", ""clientOrderId"": ""x-Cb7ytekJ5cc122ab962823a9702e29""}, {""price"": ""4018.68"", ""qty"": ""0.217"", ""clientOrderId"": ""TP_AUTO_TP_1759031754945""}]",3806.32,v1,ETHUSDT
2025-09-28T03:58:52.313285+00:00,"{'tipo': 'SOPORTE', 'precio': 200.0, 'volumen': 1579.337}",4001.88,0.217,4006.656912443,0.0,"[{""side"": ""BUY"", ""price"": ""3995.53"", ""qty"": ""0.025"", ""reduceOnly"": false}, {""side"": ""SELL"", ""price"": ""0"", ""qty"": ""0"", ""reduceOnly"": true}, {""side"": ""BUY"", ""price"": ""3992.53"", ""qty"": ""0.025"", ""reduceOnly"": false}, {""side"": ""SELL"", ""price"": ""4018.68"", ""qty"": ""0.217"", ""reduceOnly"": true}, {""side"": ""BUY"", ""price"": ""3998.53"", ""qty"": ""0.025"", ""reduceOnly"": false}, {""side"": ""BUY"", ""price"": ""3989.53"", ""qty"": ""0.025"", ""reduceOnly"": false}]","[{""price"": ""0"", ""qty"": ""0"", ""clientOrderId"": ""x-Cb7ytekJ5cc122ab962823a9702e29""}, {""price"": ""4018.68"", ""qty"": ""0.217"", ""clientOrderId"": ""TP_AUTO_TP_1759031754945""}]",3806.32,v1,ETHUSDT
2025-09-28T03:58:55.854139+00:00,"{'tipo': 'SOPORTE', 'precio': 200.0, 'volumen': 1579.337}",4001.88,0.217,4006.656912443,0.0,"[{""side"": ""SELL"", ""price"": ""4018.68"", ""qty"": ""0.217"", ""reduceOnly"": true}, {""side"": ""BUY"", ""price"": ""3992.88"", ""qty"": ""0.025"", ""reduceOnly"": false}, {""side"": ""BUY"", ""price"": ""3989.87"", ""qty"": ""0.025"", ""reduceOnly"": false}, {""side"": ""SELL"", ""price"": ""0"", ""qty"": ""0"", ""reduceOnly"": true}, {""side"": ""BUY"", ""price"": ""3995.88"", ""qty"": ""0.025"", ""reduceOnly"": false}, {""side"": ""BUY"", ""price"": ""3998.88"", ""qty"": ""0.025"", ""reduceOnly"": false}]","[{""price"": ""4018.68"", ""qty"": ""0.217"", ""clientOrderId"": ""TP_AUTO_TP_1759031934936""}, {""price"": ""0"", ""qty"": ""0"", ""clientOrderId"": ""x-Cb7ytekJ6b7cd1dece15a4575d4779""}]",3806.32,v1,ETHUSDT
2025-09-28T04:01:52.341903+00:00,"{'tipo': 'SOPORTE', 'precio': 200.0, 'volumen': 2075.6820000000002}",4000.0,0.217,4006.656912443,0.0,"[{""side"": ""SELL"", ""price"": ""4018.68"", ""qty"": ""0.217"", ""reduceOnly"": true}, {""side"": ""BUY"", ""price"": ""3992.88"", ""qty"": ""0.025"", ""reduceOnly"": false}, {""side"": ""BUY"", ""price"": ""3989.87"", ""qty"": ""0.025"", ""reduceOnly"": false}, {""side"": ""SELL"", ""price"": ""0"", ""qty"": ""0"", ""reduceOnly"": true}, {""side"": ""BUY"", ""price"": ""3995.88"", ""qty"": ""0.025"", ""reduceOnly"": false}, {""side"": ""BUY"", ""price"": ""3998.88"", ""qty"": ""0.025"", ""reduceOnly"": false}]","[{""price"": ""4018.68"", ""qty"": ""0.217"", ""clientOrderId"": ""TP_AUTO_TP_1759031934936""}, {""price"": ""0"", ""qty"": ""0"", ""clientOrderId"": ""x-Cb7ytekJ6b7cd1dece15a4575d4779""}]",3806.32,v1,ETHUSDT
2025-09-28T04:01:55.885869+00:00,"{'tipo': 'SOPORTE', 'precio': 200.0, 'volumen': 2075.6820000000002}",4000.01,0.217,4006.656912443,0.0,"[{""side"": ""BUY"", ""price"": ""3994"", ""qty"": ""0.025"", ""reduceOnly"": false}, {""side"": ""BUY"", ""price"": ""3997"", ""qty"": ""0.025"", ""reduceOnly"": false}, {""side"": ""SELL"", ""price"": ""4018.68"", ""qty"": ""0.217"", ""reduceOnly"": true}, {""side"": ""SELL"", ""price"": ""0"", ""qty"": ""0"", ""reduceOnly"": true}, {""side"": ""BUY"", ""price"": ""3991"", ""qty"": ""0.025"", ""reduceOnly"": false}, {""side"": ""BUY"", ""price"": ""3988"", ""qty"": ""0.025"", ""reduceOnly"": false}]","[{""price"": ""4018.68"", ""qty"": ""0.217"", ""clientOrderId"": ""TP_AUTO_TP_1759032114972""}, {""price"": ""0"", ""qty"": ""0"", ""clientOrderId"": ""x-Cb7ytekJ1d84b9a9a0e98db85b2b1""}]",3806.32,v1,ETHUSDT
2025-09-28T04:04:52.345709+00:00,"{'tipo': 'SOPORTE', 'precio': 200.0, 'volumen': 1574.8089999999997}",3998.66,0.217,4006.656912443,0.0,"[{""side"": ""BUY"", ""price"": ""3994"", ""qty"": ""0.025"", ""reduceOnly"": false}, {""side"": ""BUY"", ""price"": ""3997"", ""qty"": ""0.025"", ""reduceOnly"": false}, {""side"": ""SELL"", ""price"": ""4018.68"", ""qty"": ""0.217"", ""reduceOnly"": true}, {""side"": ""SELL"", ""price"": ""0"", ""qty"": ""0"", ""reduceOnly"": true}, {""side"": ""BUY"", ""price"": ""3991"", ""qty"": ""0.025"", ""reduceOnly"": false}, {""side"": ""BUY"", ""price"": ""3988"", ""qty"": ""0.025"", ""reduceOnly"": false}]","[{""price"": ""4018.68"", ""qty"": ""0.217"", ""clientOrderId"": ""TP_AUTO_TP_1759032114972""}, {""price"": ""0"", ""qty"": ""0"", ""clientOrderId"": ""x-Cb7ytekJ1d84b9a9a0e98db85b2b1""}]",3806.32,v1,ETHUSDT
2025-09-28T04:04:55.930617+00:00,"{'tipo': 'SOPORTE', 'precio': 200.0, 'volumen': 1574.8089999999997}",3998.99,0.217,4006.656912443,0.0,"[{""side"": ""BUY"", ""price"": ""3992.66"", ""qty"": ""0.025"", ""reduceOnly"": false}, {""side"": ""SELL"", ""price"": ""4018.68"", ""qty"": ""0.217"", ""reduceOnly"": true}, {""side"": ""BUY"", ""price"": ""3989.66"", ""qty"": ""0.025"", ""reduceOnly"": false}, {""side"": ""BUY"", ""price"": ""3995.66"", ""qty"": ""0.025"", ""reduceOnly"": false}, {""side"": ""BUY"", ""price"": ""3986.66"", ""qty"": ""0.025"", ""reduceOnly"": false}, {""side"": ""SELL"", ""price"": ""0"", ""qty"": ""0"", ""reduceOnly"": true}]","[{""price"": ""4018.68"", ""qty"": ""0.217"", ""clientOrderId"": ""TP_AUTO_TP_1759032295000""}, {""price"": ""0"", ""qty"": ""0"", ""clientOrderId"": ""x-Cb7ytekJ21becf2e29e5c6bc718128""}]",3806.32,v1,ETHUSDT
2025-09-28T04:07:52.704944+00:00,"{'tipo': 'SOPORTE', 'precio': 200.0, 'volumen': 1548.1390000000001}",3998.57,0.217,4006.656912443,0.0,"[{""side"": ""BUY"", ""price"": ""3992.66"", ""qty"": ""0.025"", ""reduceOnly"": false}, {""side"": ""SELL"", ""price"": ""4018.68"", ""qty"": ""0.217"", ""reduceOnly"": true}, {""side"": ""BUY"", ""price"": ""3989.66"", ""qty"": ""0.025"", ""reduceOnly"": false}, {""side"": ""BUY"", ""price"": ""3995.66"", ""qty"": ""0.025"", ""reduceOnly"": false}, {""side"": ""BUY"", ""price"": ""3986.66"", ""qty"": ""0.025"", ""reduceOnly"": false}, {""side"": ""SELL"", ""price"": ""0"", ""qty"": ""0"", ""reduceOnly"": true}]","[{""price"": ""4018.68"", ""qty"": ""0.217"", ""clientOrderId"": ""TP_AUTO_TP_1759032295000""}, {""price"": ""0"", ""qty"": ""0"", ""clientOrderId"": ""x-Cb7ytekJ21becf2e29e5c6bc718128""}]",3806.32,v1,ETHUSDT
2025-09-28T04:07:56.271813+00:00,"{'tipo': 'SOPORTE', 'precio': 200.0, 'volumen': 1548.1390000000001}",3998.57,0.217,4006.656912443,0.0,"[{""side"": ""SELL"", ""price"": ""0"", ""qty"": ""0"", ""reduceOnly"": true}, {""side"": ""BUY"", ""price"": ""3986.57"", ""qty"": ""0.025"", ""reduceOnly"": false}, {""side"": ""BUY"", ""price"": ""3992.57"", ""qty"": ""0.025"", ""reduceOnly"": false}, {""side"": ""BUY"", ""price"": ""3995.57"", ""qty"": ""0.025"", ""reduceOnly"": false}, {""side"": ""SELL"", ""price"": ""4018.68"", ""qty"": ""0.217"", ""reduceOnly"": true}, {""side"": ""BUY"", ""price"": ""3989.57"", ""qty"": ""0.025"", ""reduceOnly"": false}]","[{""price"": ""0"", ""qty"": ""0"", ""clientOrderId"": ""x-Cb7ytekJbbf3e47e1bf19358d56f26""}, {""price"": ""4018.68"", ""qty"": ""0.217"", ""clientOrderId"": ""TP_AUTO_TP_1759032475368""}]",3806.32,v1,ETHUSDT
2025-09-28T04:10:52.425479+00:00,"{'tipo': 'SOPORTE', 'precio': 3000.0, 'volumen': 1620.812}",4003.25,0.217,4006.656912443,0.0,"[{""side"": ""SELL"", ""price"": ""0"", ""qty"": ""0"", ""reduceOnly"": true}, {""side"": ""BUY"", ""price"": ""3986.57"", ""qty"": ""0.025"", ""reduceOnly"": false}, {""side"": ""BUY"", ""price"": ""3992.57"", ""qty"": ""0.025"", ""reduceOnly"": false}, {""side"": ""BUY"", ""price"": ""3995.57"", ""qty"": ""0.025"", ""reduceOnly"": false}, {""side"": ""SELL"", ""price"": ""4018.68"", ""qty"": ""0.217"", ""reduceOnly"": true}, {""side"": ""BUY"", ""price"": ""3989.57"", ""qty"": ""0.025"", ""reduceOnly"": false}]","[{""price"": ""0"", ""qty"": ""0"", ""clientOrderId"": ""x-Cb7ytekJbbf3e47e1bf19358d56f26""}, {""price"": ""4018.68"", ""qty"": ""0.217"", ""clientOrderId"": ""TP_AUTO_TP_1759032475368""}]",3806.32,v1,ETHUSDT
2025-09-28T04:10:55.996898+00:00,"{'tipo': 'SOPORTE', 'precio': 3000.0, 'volumen': 1620.812}",4003.25,0.217,4006.656912443,0.0,"[{""side"": ""SELL"", ""price"": ""0"", ""qty"": ""0"", ""reduceOnly"": true}, {""side"": ""BUY"", ""price"": ""3991.24"", ""qty"": ""0.025"", ""reduceOnly"": false}, {""side"": ""SELL"", ""price"": ""4018.68"", ""qty"": ""0.217"", ""reduceOnly"": true}, {""side"": ""BUY"", ""price"": ""3997.25"", ""qty"": ""0.025"", ""reduceOnly"": false}, {""side"": ""BUY"", ""price"": ""4000.25"", ""qty"": ""0.024"", ""reduceOnly"": false}, {""side"": ""BUY"", ""price"": ""3994.24"", ""qty"": ""0.025"", ""reduceOnly"": false}]","[{""price"": ""0"", ""qty"": ""0"", ""clientOrderId"": ""x-Cb7ytekJebebe57fd8b345b0959589""}, {""price"": ""4018.68"", ""qty"": ""0.217"", ""clientOrderId"": ""TP_AUTO_TP_1759032655067""}]",3806.32,v1,ETHUSDT
2025-09-28T04:13:52.420488+00:00,"{'tipo': 'SOPORTE', 'precio': 200.0, 'volumen': 1550.44}",3997.54,0.217,4006.656912443,0.0,"[{""side"": ""SELL"", ""price"": ""0"", ""qty"": ""0"", ""reduceOnly"": true}, {""side"": ""BUY"", ""price"": ""3991.24"", ""qty"": ""0.025"", ""reduceOnly"": false}, {""side"": ""SELL"", ""price"": ""4018.68"", ""qty"": ""0.217"", ""reduceOnly"": true}, {""side"": ""BUY"", ""price"": ""3997.25"", ""qty"": ""0.025"", ""reduceOnly"": false}, {""side"": ""BUY"", ""price"": ""3994.24"", ""qty"": ""0.025"", ""reduceOnly"": false}]","[{""price"": ""0"", ""qty"": ""0"", ""clientOrderId"": ""x-Cb7ytekJebebe57fd8b345b0959589""}, {""price"": ""4018.68"", ""qty"": ""0.217"", ""clientOrderId"": ""TP_AUTO_TP_1759032655067""}]",3806.32,v1,ETHUSDT
2025-09-28T04:13:55.980333+00:00,"{'tipo': 'SOPORTE', 'precio': 200.0, 'volumen': 1550.44}",3997.54,0.217,4006.656912443,0.0,"[{""side"": ""BUY"", ""price"": ""3994.54"", ""qty"": ""0.025"", ""reduceOnly"": false}, {""side"": ""BUY"", ""price"": ""3988.55"", ""qty"": ""0.025"", ""reduceOnly"": false}, {""side"": ""SELL"", ""price"": ""4018.68"", ""qty"": ""0.217"", ""reduceOnly"": true}, {""side"": ""BUY"", ""price"": ""3991.54"", ""qty"": ""0.025"", ""reduceOnly"": false}, {""side"": ""SELL"", ""price"": ""0"", ""qty"": ""0"", ""reduceOnly"": true}, {""side"": ""BUY"", ""price"": ""3985.55"", ""qty"": ""0.025"", ""reduceOnly"": false}]","[{""price"": ""4018.68"", ""qty"": ""0.217"", ""clientOrderId"": ""TP_AUTO_TP_1759032835069""}, {""price"": ""0"", ""qty"": ""0"", ""clientOrderId"": ""x-Cb7ytekJe87bde4f6ea08b2c004bb7""}]",3806.32,v1,ETHUSDT
2025-09-28T04:16:52.508986+00:00,"{'tipo': 'SOPORTE', 'precio': 200.0, 'volumen': 1906.367}",3999.99,0.217,4006.656912443,0.0,"[{""side"": ""BUY"", ""price"": ""3994.54"", ""qty"": ""0.025"", ""reduceOnly"": false}, {""side"": ""BUY"", ""price"": ""3988.55"", ""qty"": ""0.025"", ""reduceOnly"": false}, {""side"": ""SELL"", ""price"": ""4018.68"", ""qty"": ""0.217"", ""reduceOnly"": true}, {""side"": ""BUY"", ""price"": ""3991.54"", ""qty"": ""0.025"", ""reduceOnly"": false}, {""side"": ""SELL"", ""price"": ""0"", ""qty"": ""0"", ""reduceOnly"": true}, {""side"": ""BUY"", ""price"": ""3985.55"", ""qty"": ""0.025"", ""reduceOnly"": false}]","[{""price"": ""4018.68"", ""qty"": ""0.217"", ""clientOrderId"": ""TP_AUTO_TP_1759032835069""}, {""price"": ""0"", ""qty"": ""0"", ""clientOrderId"": ""x-Cb7ytekJe87bde4f6ea08b2c004bb7""}]",3806.32,v1,ETHUSDT
2025-09-28T04:16:56.075957+00:00,DUMP,3999.91,0.217,4006.656912443,0.0,"[{""side"": ""BUY"", ""price"": ""3987.99"", ""qty"": ""0.025"", ""reduceOnly"": false}, {""side"": ""SELL"", ""price"": ""4018.68"", ""qty"": ""0.217"", ""reduceOnly"": true}, {""side"": ""BUY"", ""price"": ""3993.99"", ""qty"": ""0.025"", ""reduceOnly"": false}, {""side"": ""BUY"", ""price"": ""3996.99"", ""qty"": ""0.025"", ""reduceOnly"": false}, {""side"": ""BUY"", ""price"": ""3990.99"", ""qty"": ""0.025"", ""reduceOnly"": false}, {""side"": ""SELL"", ""price"": ""0"", ""qty"": ""0"", ""reduceOnly"": true}]","[{""price"": ""4018.68"", ""qty"": ""0.217"", ""clientOrderId"": ""TP_AUTO_TP_1759033015146""}, {""price"": ""0"", ""qty"": ""0"", ""clientOrderId"": ""x-Cb7ytekJaf18c12d754d234b4e5e8d""}]",3806.32,v1,ETHUSDT
2025-09-28T04:19:52.511298+00:00,"{'tipo': 'SOPORTE', 'precio': 3596.4, 'volumen': 126.351}",3996.01,0.217,4006.656912443,0.0,"[{""side"": ""BUY"", ""price"": ""3987.99"", ""qty"": ""0.025"", ""reduceOnly"": false}, {""side"": ""SELL"", ""price"": ""4018.68"", ""qty"": ""0.217"", ""reduceOnly"": true}, {""side"": ""BUY"", ""price"": ""3993.99"", ""qty"": ""0.025"", ""reduceOnly"": false}, {""side"": ""BUY"", ""price"": ""3990.99"", ""qty"": ""0.025"", ""reduceOnly"": false}, {""side"": ""SELL"", ""price"": ""0"", ""qty"": ""0"", ""reduceOnly"": true}]","[{""price"": ""4018.68"", ""qty"": ""0.217"", ""clientOrderId"": ""TP_AUTO_TP_1759033015146""}, {""price"": ""0"", ""qty"": ""0"", ""clientOrderId"": ""x-Cb7ytekJaf18c12d754d234b4e5e8d""}]",3806.32,v1,ETHUSDT
2025-09-28T04:19:56.073099+00:00,"{'tipo': 'SOPORTE', 'precio': 3596.4, 'volumen': 126.351}",3996.01,0.217,4006.656912443,0.0,"[{""side"": ""BUY"", ""price"": ""3990.02"", ""qty"": ""0.025"", ""reduceOnly"": false}, {""side"": ""BUY"", ""price"": ""3993.01"", ""qty"": ""0.025"", ""reduceOnly"": false}, {""side"": ""BUY"", ""price"": ""3984.02"", ""qty"": ""0.025"", ""reduceOnly"": false}, {""side"": ""SELL"", ""price"": ""4018.68"", ""qty"": ""0.217"", ""reduceOnly"": true}, {""side"": ""SELL"", ""price"": ""0"", ""qty"": ""0"", ""reduceOnly"": true}, {""side"": ""BUY"", ""price"": ""3987.02"", ""qty"": ""0.025"", ""reduceOnly"": false}]","[{""price"": ""4018.68"", ""qty"": ""0.217"", ""clientOrderId"": ""TP_AUTO_TP_1759033195156""}, {""price"": ""0"", ""qty"": ""0"", ""clientOrderId"": ""x-Cb7ytekJe2c465a44c8bf1ad98faaa""}]",3806.32,v1,ETHUSDT
2025-09-28T04:22:52.515345+00:00,"{'tipo': 'SOPORTE', 'precio': 200.0, 'volumen': 1750.16}",3995.9,0.217,4006.656912443,0.0,"[{""side"": ""BUY"", ""price"": ""3990.02"", ""qty"": ""0.025"", ""reduceOnly"": false}, {""side"": ""BUY"", ""price"": ""3993.01"", ""qty"": ""0.025"", ""reduceOnly"": false}, {""side"": ""BUY"", ""price"": ""3984.02"", ""qty"": ""0.025"", ""reduceOnly"": false}, {""side"": ""SELL"", ""price"": ""4018.68"", ""qty"": ""0.217"", ""reduceOnly"": true}, {""side"": ""SELL"", ""price"": ""0"", ""qty"": ""0"", ""reduceOnly"": true}, {""side"": ""BUY"", ""price"": ""3987.02"", ""qty"": ""0.025"", ""reduceOnly"": false}]","[{""price"": ""4018.68"", ""qty"": ""0.217"", ""clientOrderId"": ""TP_AUTO_TP_1759033195156""}, {""price"": ""0"", ""qty"": ""0"", ""clientOrderId"": ""x-Cb7ytekJe2c465a44c8bf1ad98faaa""}]",3806.32,v1,ETHUSDT
2025-09-28T04:22:55.788042+00:00,"{'tipo': 'SOPORTE', 'precio': 200.0, 'volumen': 1750.16}",3995.9,0.217,4006.656912443,0.0,"[{""side"": ""SELL"", ""price"": ""0"", ""qty"": ""0"", ""reduceOnly"": true}, {""side"": ""BUY"", ""price"": ""3986.91"", ""qty"": ""0.025"", ""reduceOnly"": false}, {""side"": ""SELL"", ""price"": ""4018.68"", ""qty"": ""0.217"", ""reduceOnly"": true}, {""side"": ""BUY"", ""price"": ""3989.91"", ""qty"": ""0.025"", ""reduceOnly"": false}, {""side"": ""BUY"", ""price"": ""3992.90"", ""qty"": ""0.025"", ""reduceOnly"": false}]","[{""price"": ""0"", ""qty"": ""0"", ""clientOrderId"": ""x-Cb7ytekJ32a6b4a4fcadcf2083eeb5""}, {""price"": ""4018.68"", ""qty"": ""0.217"", ""clientOrderId"": ""TP_AUTO_TP_1759033374855""}]",3806.32,v1,ETHUSDT
2025-09-28T04:25:52.541377+00:00,DUMP,3997.1,0.217,4006.656912443,0.0,"[{""side"": ""SELL"", ""price"": ""0"", ""qty"": ""0"", ""reduceOnly"": true}, {""side"": ""BUY"", ""price"": ""3986.91"", ""qty"": ""0.025"", ""reduceOnly"": false}, {""side"": ""SELL"", ""price"": ""4018.68"", ""qty"": ""0.217"", ""reduceOnly"": true}, {""side"": ""BUY"", ""price"": ""3989.91"", ""qty"": ""0.025"", ""reduceOnly"": false}, {""side"": ""BUY"", ""price"": ""3992.90"", ""qty"": ""0.025"", ""reduceOnly"": false}]","[{""price"": ""0"", ""qty"": ""0"", ""clientOrderId"": ""x-Cb7ytekJ32a6b4a4fcadcf2083eeb5""}, {""price"": ""4018.68"", ""qty"": ""0.217"", ""clientOrderId"": ""TP_AUTO_TP_1759033374855""}]",3806.32,v1,ETHUSDT
2025-09-28T04:25:55.793892+00:00,DUMP,3997.09,0.217,4006.656912443,0.0,"[{""side"": ""SELL"", ""price"": ""4018.68"", ""qty"": ""0.217"", ""reduceOnly"": true}, {""side"": ""SELL"", ""price"": ""0"", ""qty"": ""0"", ""reduceOnly"": true}, {""side"": ""BUY"", ""price"": ""3987.11"", ""qty"": ""0.025"", ""reduceOnly"": false}, {""side"": ""BUY"", ""price"": ""3977.11"", ""qty"": ""0.025"", ""reduceOnly"": false}, {""side"": ""BUY"", ""price"": ""3967.12"", ""qty"": ""0.025"", ""reduceOnly"": false}]","[{""price"": ""4018.68"", ""qty"": ""0.217"", ""clientOrderId"": ""TP_AUTO_TP_1759033554871""}, {""price"": ""0"", ""qty"": ""0"", ""clientOrderId"": ""x-Cb7ytekJdbd1d4dc24cd1936b682d4""}]",3806.32,v1,ETHUSDT
2025-09-28T04:28:52.567340+00:00,"{'tipo': 'SOPORTE', 'precio': 3597.28, 'volumen': 760.0949999999999}",3996.97,0.217,4006.656912443,0.0,"[{""side"": ""SELL"", ""price"": ""4018.68"", ""qty"": ""0.217"", ""reduceOnly"": true}, {""side"": ""SELL"", ""price"": ""0"", ""qty"": ""0"", ""reduceOnly"": true}, {""side"": ""BUY"", ""price"": ""3987.11"", ""qty"": ""0.025"", ""reduceOnly"": false}, {""side"": ""BUY"", ""price"": ""3977.11"", ""qty"": ""0.025"", ""reduceOnly"": false}, {""side"": ""BUY"", ""price"": ""3967.12"", ""qty"": ""0.025"", ""reduceOnly"": false}]","[{""price"": ""4018.68"", ""qty"": ""0.217"", ""clientOrderId"": ""TP_AUTO_TP_1759033554871""}, {""price"": ""0"", ""qty"": ""0"", ""clientOrderId"": ""x-Cb7ytekJdbd1d4dc24cd1936b682d4""}]",3806.32,v1,ETHUSDT
2025-09-28T04:28:56.105417+00:00,DUMP,3996.81,0.217,4006.656912443,0.0,"[{""side"": ""BUY"", ""price"": ""3987.98"", ""qty"": ""0.025"", ""reduceOnly"": false}, {""side"": ""SELL"", ""price"": ""4018.68"", ""qty"": ""0.217"", ""reduceOnly"": true}, {""side"": ""SELL"", ""price"": ""0"", ""qty"": ""0"", ""reduceOnly"": true}, {""side"": ""BUY"", ""price"": ""3984.98"", ""qty"": ""0.025"", ""reduceOnly"": false}, {""side"": ""BUY"", ""price"": ""3993.97"", ""qty"": ""0.025"", ""reduceOnly"": false}, {""side"": ""BUY"", ""price"": ""3990.97"", ""qty"": ""0.025"", ""reduceOnly"": false}]","[{""price"": ""4018.68"", ""qty"": ""0.217"", ""clientOrderId"": ""TP_AUTO_TP_1759033735198""}, {""price"": ""0"", ""qty"": ""0"", ""clientOrderId"": ""x-Cb7ytekJ6654ebdc0b910b0bc01c7e""}]",3806.32,v1,ETHUSDT
2025-09-28T04:31:52.609070+00:00,"{'tipo': 'SOPORTE', 'precio': 200.0, 'volumen': 1632.4839999999997}",3995.83,0.217,4006.656912443,0.0,"[{""side"": ""BUY"", ""price"": ""3987.98"", ""qty"": ""0.025"", ""reduceOnly"": false}, {""side"": ""SELL"", ""price"": ""4018.68"", ""qty"": ""0.217"", ""reduceOnly"": true}, {""side"": ""SELL"", ""price"": ""0"", ""qty"": ""0"", ""reduceOnly"": true}, {""side"": ""BUY"", ""price"": ""3984.98"", ""qty"": ""0.025"", ""reduceOnly"": false}, {""side"": ""BUY"", ""price"": ""3993.97"", ""qty"": ""0.025"", ""reduceOnly"": false}, {""side"": ""BUY"", ""price"": ""3990.97"", ""qty"": ""0.025"", ""reduceOnly"": false}]","[{""price"": ""4018.68"", ""qty"": ""0.217"", ""clientOrderId"": ""TP_AUTO_TP_1759033735198""}, {""price"": ""0"", ""qty"": ""0"", ""clientOrderId"": ""x-Cb7ytekJ6654ebdc0b910b0bc01c7e""}]",3806.32,v1,ETHUSDT
2025-09-28T04:31:55.839776+00:00,"{'tipo': 'SOPORTE', 'precio': 200.0, 'volumen': 1632.4839999999997}",3995.82,0.217,4006.656912443,0.0,"[{""side"": ""SELL"", ""price"": ""4018.68"", ""qty"": ""0.217"", ""reduceOnly"": true}, {""side"": ""BUY"", ""price"": ""3986.84"", ""qty"": ""0.025"", ""reduceOnly"": false}, {""side"": ""BUY"", ""price"": ""3992.83"", ""qty"": ""0.025"", ""reduceOnly"": false}, {""side"": ""BUY"", ""price"": ""3989.84"", ""qty"": ""0.025"", ""reduceOnly"": false}, {""side"": ""SELL"", ""price"": ""0"", ""qty"": ""0"", ""reduceOnly"": true}]","[{""price"": ""4018.68"", ""qty"": ""0.217"", ""clientOrderId"": ""TP_AUTO_TP_1759033914927""}, {""price"": ""0"", ""qty"": ""0"", ""clientOrderId"": ""x-Cb7ytekJ2e672a5f9fe74cc4799c7c""}]",3806.32,v1,ETHUSDT
2025-09-28T04:34:52.648580+00:00,"{'tipo': 'SOPORTE', 'precio': 200.0, 'volumen': 1554.2499999999998}",3999.62,0.217,4006.656912443,0.0,"[{""side"": ""SELL"", ""price"": ""4018.68"", ""qty"": ""0.217"", ""reduceOnly"": true}, {""side"": ""BUY"", ""price"": ""3986.84"", ""qty"": ""0.025"", ""reduceOnly"": false}, {""side"": ""BUY"", ""price"": ""3992.83"", ""qty"": ""0.025"", ""reduceOnly"": false}, {""side"": ""BUY"", ""price"": ""3989.84"", ""qty"": ""0.025"", ""reduceOnly"": false}, {""side"": ""SELL"", ""price"": ""0"", ""qty"": ""0"", ""reduceOnly"": true}]","[{""price"": ""4018.68"", ""qty"": ""0.217"", ""clientOrderId"": ""TP_AUTO_TP_1759033914927""}, {""price"": ""0"", ""qty"": ""0"", ""clientOrderId"": ""x-Cb7ytekJ2e672a5f9fe74cc4799c7c""}]",3806.32,v1,ETHUSDT
2025-09-28T04:34:56.179515+00:00,"{'tipo': 'SOPORTE', 'precio': 200.0, 'volumen': 1554.2499999999998}",3999.61,0.217,4006.656912443,0.0,"[{""side"": ""BUY"", ""price"": ""3987.62"", ""qty"": ""0.025"", ""reduceOnly"": false}, {""side"": ""BUY"", ""price"": ""3993.62"", ""qty"": ""0.025"", ""reduceOnly"": false}, {""side"": ""BUY"", ""price"": ""3996.62"", ""qty"": ""0.025"", ""reduceOnly"": false}, {""side"": ""BUY"", ""price"": ""3990.62"", ""qty"": ""0.025"", ""reduceOnly"": false}, {""side"": ""SELL"", ""price"": ""4018.68"", ""qty"": ""0.217"", ""reduceOnly"": true}, {""side"": ""SELL"", ""price"": ""0"", ""qty"": ""0"", ""reduceOnly"": true}]","[{""price"": ""4018.68"", ""qty"": ""0.217"", ""clientOrderId"": ""TP_AUTO_TP_1759034095264""}, {""price"": ""0"", ""qty"": ""0"", ""clientOrderId"": ""x-Cb7ytekJ96b6a2b848d52fd2bdd66f""}]",3806.32,v1,ETHUSDT
2025-09-28T04:37:52.672749+00:00,"{'tipo': 'SOPORTE', 'precio': 3839.62, 'volumen': 147.071}",3999.61,0.217,4006.656912443,0.0,"[{""side"": ""BUY"", ""price"": ""3987.62"", ""qty"": ""0.025"", ""reduceOnly"": false}, {""side"": ""BUY"", ""price"": ""3993.62"", ""qty"": ""0.025"", ""reduceOnly"": false}, {""side"": ""BUY"", ""price"": ""3996.62"", ""qty"": ""0.025"", ""reduceOnly"": false}, {""side"": ""BUY"", ""price"": ""3990.62"", ""qty"": ""0.025"", ""reduceOnly"": false}, {""side"": ""SELL"", ""price"": ""4018.68"", ""qty"": ""0.217"", ""reduceOnly"": true}, {""side"": ""SELL"", ""price"": ""0"", ""qty"": ""0"", ""reduceOnly"": true}]","[{""price"": ""4018.68"", ""qty"": ""0.217"", ""clientOrderId"": ""TP_AUTO_TP_1759034095264""}, {""price"": ""0"", ""qty"": ""0"", ""clientOrderId"": ""x-Cb7ytekJ96b6a2b848d52fd2bdd66f""}]",3806.32,v1,ETHUSDT
2025-09-28T04:37:55.897431+00:00,"{'tipo': 'SOPORTE', 'precio': 3839.62, 'volumen': 147.071}",3999.61,0.217,4006.656912443,0.0,"[{""side"": ""BUY"", ""price"": ""3990.61"", ""qty"": ""0.025"", ""reduceOnly"": false}, {""side"": ""BUY"", ""price"": ""3993.61"", ""qty"": ""0.025"", ""reduceOnly"": false}, {""side"": ""SELL"", ""price"": ""4018.68"", ""qty"": ""0.217"", ""reduceOnly"": true}, {""side"": ""BUY"", ""price"": ""3996.61"", ""qty"": ""0.025"", ""reduceOnly"": false}, {""side"": ""SELL"", ""price"": ""0"", ""qty"": ""0"", ""reduceOnly"": true}]","[{""price"": ""4018.68"", ""qty"": ""0.217"", ""clientOrderId"": ""TP_AUTO_TP_1759034274990""}, {""price"": ""0"", ""qty"": ""0"", ""clientOrderId"": ""x-Cb7ytekJ88eeb255534155645c259""}]",3806.32,v1,ETHUSDT
2025-09-28T04:40:52.719016+00:00,"{'tipo': 'SOPORTE', 'precio': 200.0, 'volumen': 1563.158}",4000.65,0.217,4006.656912443,0.0,"[{""side"": ""BUY"", ""price"": ""3990.61"", ""qty"": ""0.025"", ""reduceOnly"": false}, {""side"": ""BUY"", ""price"": ""3993.61"", ""qty"": ""0.025"", ""reduceOnly"": false}, {""side"": ""SELL"", ""price"": ""4018.68"", ""qty"": ""0.217"", ""reduceOnly"": true}, {""side"": ""BUY"", ""price"": ""3996.61"", ""qty"": ""0.025"", ""reduceOnly"": false}, {""side"": ""SELL"", ""price"": ""0"", ""qty"": ""0"", ""reduceOnly"": true}]","[{""price"": ""4018.68"", ""qty"": ""0.217"", ""clientOrderId"": ""TP_AUTO_TP_1759034274990""}, {""price"": ""0"", ""qty"": ""0"", ""clientOrderId"": ""x-Cb7ytekJ88eeb255534155645c259""}]",3806.32,v1,ETHUSDT
2025-09-28T04:40:56.261986+00:00,"{'tipo': 'SOPORTE', 'precio': 200.0, 'volumen': 1563.158}",4000.65,0.217,4006.656912443,0.0,"[{""side"": ""BUY"", ""price"": ""3991.65"", ""qty"": ""0.025"", ""reduceOnly"": false}, {""side"": ""BUY"", ""price"": ""3994.65"", ""qty"": ""0.025"", ""reduceOnly"": false}, {""side"": ""BUY"", ""price"": ""3997.65"", ""qty"": ""0.025"", ""reduceOnly"": false}, {""side"": ""SELL"", ""price"": ""0"", ""qty"": ""0"", ""reduceOnly"": true}, {""side"": ""BUY"", ""price"": ""3988.65"", ""qty"": ""0.025"", ""reduceOnly"": false}, {""side"": ""SELL"", ""price"": ""4018.68"", ""qty"": ""0.217"", ""reduceOnly"": true}]","[{""price"": ""0"", ""qty"": ""0"", ""clientOrderId"": ""x-Cb7ytekJ7ea758ba4a24d20c8c214a""}, {""price"": ""4018.68"", ""qty"": ""0.217"", ""clientOrderId"": ""TP_AUTO_TP_1759034455352""}]",3806.32,v1,ETHUSDT
2025-09-28T04:43:52.785610+00:00,"{'tipo': 'SOPORTE', 'precio': 200.0, 'volumen': 1598.0}",4002.37,0.217,4006.656912443,0.0,"[{""side"": ""BUY"", ""price"": ""3991.65"", ""qty"": ""0.025"", ""reduceOnly"": false}, {""side"": ""BUY"", ""price"": ""3994.65"", ""qty"": ""0.025"", ""reduceOnly"": false}, {""side"": ""BUY"", ""price"": ""3997.65"", ""qty"": ""0.025"", ""reduceOnly"": false}, {""side"": ""SELL"", ""price"": ""0"", ""qty"": ""0"", ""reduceOnly"": true}, {""side"": ""BUY"", ""price"": ""3988.65"", ""qty"": ""0.025"", ""reduceOnly"": false}, {""side"": ""SELL"", ""price"": ""4018.68"", ""qty"": ""0.217"", ""reduceOnly"": true}]","[{""price"": ""0"", ""qty"": ""0"", ""clientOrderId"": ""x-Cb7ytekJ7ea758ba4a24d20c8c214a""}, {""price"": ""4018.68"", ""qty"": ""0.217"", ""clientOrderId"": ""TP_AUTO_TP_1759034455352""}]",3806.32,v1,ETHUSDT
2025-09-28T04:43:56.034311+00:00,"{'tipo': 'SOPORTE', 'precio': 200.0, 'volumen': 1598.0}",4002.5,0.217,4006.656912443,0.0,"[{""side"": ""SELL"", ""price"": ""0"", ""qty"": ""0"", ""reduceOnly"": true}, {""side"": ""BUY"", ""price"": ""3999.37"", ""qty"": ""0.025"", ""reduceOnly"": false}, {""side"": ""SELL"", ""price"": ""4018.68"", ""qty"": ""0.217"", ""reduceOnly"": true}, {""side"": ""BUY"", ""price"": ""3996.37"", ""qty"": ""0.025"", ""reduceOnly"": false}, {""side"": ""BUY"", ""price"": ""3993.36"", ""qty"": ""0.025"", ""reduceOnly"": false}]","[{""price"": ""0"", ""qty"": ""0"", ""clientOrderId"": ""x-Cb7ytekJ13f9b56bae04f6c6154906""}, {""price"": ""4018.68"", ""qty"": ""0.217"", ""clientOrderId"": ""TP_AUTO_TP_1759034635122""}]",3806.32,v1,ETHUSDT
2025-09-28T04:46:52.870877+00:00,"{'tipo': 'SOPORTE', 'precio': 200.0, 'volumen': 1577.121}",4002.05,0.217,4006.656912443,0.0,"[{""side"": ""SELL"", ""price"": ""0"", ""qty"": ""0"", ""reduceOnly"": true}, {""side"": ""BUY"", ""price"": ""3999.37"", ""qty"": ""0.025"", ""reduceOnly"": false}, {""side"": ""SELL"", ""price"": ""4018.68"", ""qty"": ""0.217"", ""reduceOnly"": true}, {""side"": ""BUY"", ""price"": ""3996.37"", ""qty"": ""0.025"", ""reduceOnly"": false}, {""side"": ""BUY"", ""price"": ""3993.36"", ""qty"": ""0.025"", ""reduceOnly"": false}]","[{""price"": ""0"", ""qty"": ""0"", ""clientOrderId"": ""x-Cb7ytekJ13f9b56bae04f6c6154906""}, {""price"": ""4018.68"", ""qty"": ""0.217"", ""clientOrderId"": ""TP_AUTO_TP_1759034635122""}]",3806.32,v1,ETHUSDT
2025-09-28T04:46:56.398640+00:00,"{'tipo': 'SOPORTE', 'precio': 200.0, 'volumen': 1577.121}",4002.05,0.217,4006.656912443,0.0,"[{""side"": ""SELL"", ""price"": ""4018.68"", ""qty"": ""0.217"", ""reduceOnly"": true}, {""side"": ""BUY"", ""price"": ""3990.04"", ""qty"": ""0.025"", ""reduceOnly"": false}, {""side"": ""BUY"", ""price"": ""3996.05"", ""qty"": ""0.025"", ""reduceOnly"": false}, {""side"": ""SELL"", ""price"": ""0"", ""qty"": ""0"", ""reduceOnly"": true}, {""side"": ""BUY"", ""price"": ""3993.05"", ""qty"": ""0.025"", ""reduceOnly"": false}, {""side"": ""BUY"", ""price"": ""3999.05"", ""qty"": ""0.025"", ""reduceOnly"": false}]","[{""price"": ""4018.68"", ""qty"": ""0.217"", ""clientOrderId"": ""TP_AUTO_TP_1759034815497""}, {""price"": ""0"", ""qty"": ""0"", ""clientOrderId"": ""x-Cb7ytekJ145a1aa6938f86e8a23d56""}]",3806.32,v1,ETHUSDT
2025-09-28T04:49:52.877239+00:00,"{'tipo': 'SOPORTE', 'precio': 200.0, 'volumen': 1573.9979999999998}",4002.65,0.217,4006.656912443,0.0,"[{""side"": ""SELL"", ""price"": ""4018.68"", ""qty"": ""0.217"", ""reduceOnly"": true}, {""side"": ""BUY"", ""price"": ""3990.04"", ""qty"": ""0.025"", ""reduceOnly"": false}, {""side"": ""BUY"", ""price"": ""3996.05"", ""qty"": ""0.025"", ""reduceOnly"": false}, {""side"": ""SELL"", ""price"": ""0"", ""qty"": ""0"", ""reduceOnly"": true}, {""side"": ""BUY"", ""price"": ""3993.05"", ""qty"": ""0.025"", ""reduceOnly"": false}, {""side"": ""BUY"", ""price"": ""3999.05"", ""qty"": ""0.025"", ""reduceOnly"": false}]","[{""price"": ""4018.68"", ""qty"": ""0.217"", ""clientOrderId"": ""TP_AUTO_TP_1759034815497""}, {""price"": ""0"", ""qty"": ""0"", ""clientOrderId"": ""x-Cb7ytekJ145a1aa6938f86e8a23d56""}]",3806.32,v1,ETHUSDT
2025-09-28T04:49:56.108933+00:00,"{'tipo': 'SOPORTE', 'precio': 200.0, 'volumen': 1573.9979999999998}",4002.65,0.217,4006.656912443,0.0,"[{""side"": ""BUY"", ""price"": ""3996.65"", ""qty"": ""0.025"", ""reduceOnly"": false}, {""side"": ""SELL"", ""price"": ""4018.68"", ""qty"": ""0.217"", ""reduceOnly"": true}, {""side"": ""BUY"", ""price"": ""3993.64"", ""qty"": ""0.025"", ""reduceOnly"": false}, {""side"": ""BUY"", ""price"": ""3999.65"", ""qty"": ""0.025"", ""reduceOnly"": false}, {""side"": ""SELL"", ""price"": ""0"", ""qty"": ""0"", ""reduceOnly"": true}]","[{""price"": ""4018.68"", ""qty"": ""0.217"", ""clientOrderId"": ""TP_AUTO_TP_1759034995194""}, {""price"": ""0"", ""qty"": ""0"", ""clientOrderId"": ""x-Cb7ytekJ692fc79cdf253d2dd9142e""}]",3806.32,v1,ETHUSDT
2025-09-28T04:52:52.913956+00:00,"{'tipo': 'SOPORTE', 'precio': 3000.0, 'volumen': 2077.029}",4003.16,0.217,4006.656912443,0.0,"[{""side"": ""BUY"", ""price"": ""3996.65"", ""qty"": ""0.025"", ""reduceOnly"": false}, {""side"": ""SELL"", ""price"": ""4018.68"", ""qty"": ""0.217"", ""reduceOnly"": true}, {""side"": ""BUY"", ""price"": ""3993.64"", ""qty"": ""0.025"", ""reduceOnly"": false}, {""side"": ""BUY"", ""price"": ""3999.65"", ""qty"": ""0.025"", ""reduceOnly"": false}, {""side"": ""SELL"", ""price"": ""0"", ""qty"": ""0"", ""reduceOnly"": true}]","[{""price"": ""4018.68"", ""qty"": ""0.217"", ""clientOrderId"": ""TP_AUTO_TP_1759034995194""}, {""price"": ""0"", ""qty"": ""0"", ""clientOrderId"": ""x-Cb7ytekJ692fc79cdf253d2dd9142e""}]",3806.32,v1,ETHUSDT
2025-09-28T04:52:56.441823+00:00,"{'tipo': 'SOPORTE', 'precio': 3000.0, 'volumen': 2077.029}",4003.15,0.217,4006.656912443,0.0,"[{""side"": ""BUY"", ""price"": ""4000.16"", ""qty"": ""0.024"", ""reduceOnly"": false}, {""side"": ""SELL"", ""price"": ""0"", ""qty"": ""0"", ""reduceOnly"": true}, {""side"": ""BUY"", ""price"": ""3994.15"", ""qty"": ""0.025"", ""reduceOnly"": false}, {""side"": ""SELL"", ""price"": ""4018.68"", ""qty"": ""0.217"", ""reduceOnly"": true}, {""side"": ""BUY"", ""price"": ""3997.16"", ""qty"": ""0.025"", ""reduceOnly"": false}, {""side"": ""BUY"", ""price"": ""3991.15"", ""qty"": ""0.025"", ""reduceOnly"": false}]","[{""price"": ""0"", ""qty"": ""0"", ""clientOrderId"": ""x-Cb7ytekJ5980403b2475b5d0f27ac2""}, {""price"": ""4018.68"", ""qty"": ""0.217"", ""clientOrderId"": ""TP_AUTO_TP_1759035175536""}]",3806.32,v1,ETHUSDT
2025-09-28T04:55:52.959585+00:00,DUMP,4001.45,0.217,4006.656912443,0.0,"[{""side"": ""BUY"", ""price"": ""4000.16"", ""qty"": ""0.024"", ""reduceOnly"": false}, {""side"": ""SELL"", ""price"": ""0"", ""qty"": ""0"", ""reduceOnly"": true}, {""side"": ""BUY"", ""price"": ""3994.15"", ""qty"": ""0.025"", ""reduceOnly"": false}, {""side"": ""SELL"", ""price"": ""4018.68"", ""qty"": ""0.217"", ""reduceOnly"": true}, {""side"": ""BUY"", ""price"": ""3997.16"", ""qty"": ""0.025"", ""reduceOnly"": false}, {""side"": ""BUY"", ""price"": ""3991.15"", ""qty"": ""0.025"", ""reduceOnly"": false}]","[{""price"": ""0"", ""qty"": ""0"", ""clientOrderId"": ""x-Cb7ytekJ5980403b2475b5d0f27ac2""}, {""price"": ""4018.68"", ""qty"": ""0.217"", ""clientOrderId"": ""TP_AUTO_TP_1759035175536""}]",3806.32,v1,ETHUSDT
2025-09-28T04:55:56.199292+00:00,DUMP,4001.44,0.217,4006.656912443,0.0,"[{""side"": ""BUY"", ""price"": ""3991.45"", ""qty"": ""0.025"", ""reduceOnly"": false}, {""side"": ""SELL"", ""price"": ""0"", ""qty"": ""0"", ""reduceOnly"": true}, {""side"": ""SELL"", ""price"": ""4018.68"", ""qty"": ""0.217"", ""reduceOnly"": true}, {""side"": ""BUY"", ""price"": ""3981.44"", ""qty"": ""0.025"", ""reduceOnly"": false}, {""side"": ""BUY"", ""price"": ""3971.44"", ""qty"": ""0.025"", ""reduceOnly"": false}]","[{""price"": ""0"", ""qty"": ""0"", ""clientOrderId"": ""x-Cb7ytekJd689b00fbeaee3824ce67d""}, {""price"": ""4018.68"", ""qty"": ""0.217"", ""clientOrderId"": ""TP_AUTO_TP_1759035355294""}]",3806.32,v1,ETHUSDT
2025-09-28T04:58:53.021606+00:00,"{'tipo': 'SOPORTE', 'precio': 200.0, 'volumen': 1624.415}",3999.6,0.217,4006.656912443,0.0,"[{""side"": ""BUY"", ""price"": ""3991.45"", ""qty"": ""0.025"", ""reduceOnly"": false}, {""side"": ""SELL"", ""price"": ""0"", ""qty"": ""0"", ""reduceOnly"": true}, {""side"": ""SELL"", ""price"": ""4018.68"", ""qty"": ""0.217"", ""reduceOnly"": true}, {""side"": ""BUY"", ""price"": ""3981.44"", ""qty"": ""0.025"", ""reduceOnly"": false}, {""side"": ""BUY"", ""price"": ""3971.44"", ""qty"": ""0.025"", ""reduceOnly"": false}]","[{""price"": ""0"", ""qty"": ""0"", ""clientOrderId"": ""x-Cb7ytekJd689b00fbeaee3824ce67d""}, {""price"": ""4018.68"", ""qty"": ""0.217"", ""clientOrderId"": ""TP_AUTO_TP_1759035355294""}]",3806.32,v1,ETHUSDT
2025-09-28T04:58:56.549439+00:00,"{'tipo': 'SOPORTE', 'precio': 200.0, 'volumen': 1624.415}",3999.61,0.217,4006.656912443,0.0,"[{""side"": ""BUY"", ""price"": ""3996.60"", ""qty"": ""0.025"", ""reduceOnly"": false}, {""side"": ""BUY"", ""price"": ""3987.60"", ""qty"": ""0.025"", ""reduceOnly"": false}, {""side"": ""BUY"", ""price"": ""3993.60"", ""qty"": ""0.025"", ""reduceOnly"": false}, {""side"": ""SELL"", ""price"": ""0"", ""qty"": ""0"", ""reduceOnly"": true}, {""side"": ""SELL"", ""price"": ""4018.68"", ""qty"": ""0.217"", ""reduceOnly"": true}, {""side"": ""BUY"", ""price"": ""3990.60"", ""qty"": ""0.025"", ""reduceOnly"": false}]","[{""price"": ""0"", ""qty"": ""0"", ""clientOrderId"": ""x-Cb7ytekJ30fa774b9758f51fe0c337""}, {""price"": ""4018.68"", ""qty"": ""0.217"", ""clientOrderId"": ""TP_AUTO_TP_1759035535639""}]",3806.32,v1,ETHUSDT
2025-09-28T05:01:53.086214+00:00,"{'tipo': 'SOPORTE', 'precio': 3000.0, 'volumen': 1563.2350000000001}",4003.49,0.217,4006.656912443,0.0,"[{""side"": ""BUY"", ""price"": ""3996.60"", ""qty"": ""0.025"", ""reduceOnly"": false}, {""side"": ""BUY"", ""price"": ""3987.60"", ""qty"": ""0.025"", ""reduceOnly"": false}, {""side"": ""BUY"", ""price"": ""3993.60"", ""qty"": ""0.025"", ""reduceOnly"": false}, {""side"": ""SELL"", ""price"": ""0"", ""qty"": ""0"", ""reduceOnly"": true}, {""side"": ""SELL"", ""price"": ""4018.68"", ""qty"": ""0.217"", ""reduceOnly"": true}, {""side"": ""BUY"", ""price"": ""3990.60"", ""qty"": ""0.025"", ""reduceOnly"": false}]","[{""price"": ""0"", ""qty"": ""0"", ""clientOrderId"": ""x-Cb7ytekJ30fa774b9758f51fe0c337""}, {""price"": ""4018.68"", ""qty"": ""0.217"", ""clientOrderId"": ""TP_AUTO_TP_1759035535639""}]",3806.32,v1,ETHUSDT
2025-09-28T05:01:56.326391+00:00,"{'tipo': 'SOPORTE', 'precio': 3000.0, 'volumen': 1563.2350000000001}",4004.0,0.217,4006.656912443,0.0,"[{""side"": ""BUY"", ""price"": ""4000.49"", ""qty"": ""0.024"", ""reduceOnly"": false}, {""side"": ""BUY"", ""price"": ""3997.48"", ""qty"": ""0.025"", ""reduceOnly"": false}, {""side"": ""SELL"", ""price"": ""0"", ""qty"": ""0"", ""reduceOnly"": true}, {""side"": ""BUY"", ""price"": ""3994.48"", ""qty"": ""0.025"", ""reduceOnly"": false}, {""side"": ""SELL"", ""price"": ""4018.68"", ""qty"": ""0.217"", ""reduceOnly"": true}]","[{""price"": ""0"", ""qty"": ""0"", ""clientOrderId"": ""x-Cb7ytekJ994b1647bc4258d9aba270""}, {""price"": ""4018.68"", ""qty"": ""0.217"", ""clientOrderId"": ""TP_AUTO_TP_1759035715407""}]",3806.32,v1,ETHUSDT
2025-09-28T05:04:53.112586+00:00,"{'tipo': 'SOPORTE', 'precio': 200.0, 'volumen': 1572.4689999999998}",4007.19,0.217,4006.656912443,0.0,"[{""side"": ""BUY"", ""price"": ""4000.49"", ""qty"": ""0.024"", ""reduceOnly"": false}, {""side"": ""BUY"", ""price"": ""3997.48"", ""qty"": ""0.025"", ""reduceOnly"": false}, {""side"": ""SELL"", ""price"": ""0"", ""qty"": ""0"", ""reduceOnly"": true}, {""side"": ""BUY"", ""price"": ""3994.48"", ""qty"": ""0.025"", ""reduceOnly"": false}, {""side"": ""SELL"", ""price"": ""4018.68"", ""qty"": ""0.217"", ""reduceOnly"": true}]","[{""price"": ""0"", ""qty"": ""0"", ""clientOrderId"": ""x-Cb7ytekJ994b1647bc4258d9aba270""}, {""price"": ""4018.68"", ""qty"": ""0.217"", ""clientOrderId"": ""TP_AUTO_TP_1759035715407""}]",3806.32,v1,ETHUSDT
2025-09-28T05:04:56.378588+00:00,"{'tipo': 'SOPORTE', 'precio': 200.0, 'volumen': 1572.4689999999998}",4007.18,0.217,4006.656912443,0.0,"[{""side"": ""BUY"", ""price"": ""4001.18"", ""qty"": ""0.024"", ""reduceOnly"": false}, {""side"": ""BUY"", ""price"": ""3998.17"", ""qty"": ""0.025"", ""reduceOnly"": false}, {""side"": ""SELL"", ""price"": ""0"", ""qty"": ""0"", ""reduceOnly"": true}, {""side"": ""BUY"", ""price"": ""3995.17"", ""qty"": ""0.025"", ""reduceOnly"": false}, {""side"": ""SELL"", ""price"": ""4018.68"", ""qty"": ""0.217"", ""reduceOnly"": true}]","[{""price"": ""0"", ""qty"": ""0"", ""clientOrderId"": ""x-Cb7ytekJ7b810f6d5955deb2b57601""}, {""price"": ""4018.68"", ""qty"": ""0.217"", ""clientOrderId"": ""TP_AUTO_TP_1759035895453""}]",3806.32,v1,ETHUSDT
2025-09-28T05:07:53.170346+00:00,"{'tipo': 'SOPORTE', 'precio': 200.0, 'volumen': 146.011}",4003.1,0.217,4006.656912443,0.0,"[{""side"": ""BUY"", ""price"": ""4001.18"", ""qty"": ""0.024"", ""reduceOnly"": false}, {""side"": ""BUY"", ""price"": ""3998.17"", ""qty"": ""0.025"", ""reduceOnly"": false}, {""side"": ""SELL"", ""price"": ""0"", ""qty"": ""0"", ""reduceOnly"": true}, {""side"": ""BUY"", ""price"": ""3995.17"", ""qty"": ""0.025"", ""reduceOnly"": false}, {""side"": ""SELL"", ""price"": ""4018.68"", ""qty"": ""0.217"", ""reduceOnly"": true}]","[{""price"": ""0"", ""qty"": ""0"", ""clientOrderId"": ""x-Cb7ytekJ7b810f6d5955deb2b57601""}, {""price"": ""4018.68"", ""qty"": ""0.217"", ""clientOrderId"": ""TP_AUTO_TP_1759035895453""}]",3806.32,v1,ETHUSDT
2025-09-28T05:07:56.729634+00:00,"{'tipo': 'SOPORTE', 'precio': 200.0, 'volumen': 146.011}",4003.52,0.217,4006.656912443,0.0,"[{""side"": ""SELL"", ""price"": ""4018.68"", ""qty"": ""0.217"", ""reduceOnly"": true}, {""side"": ""SELL"", ""price"": ""0"", ""qty"": ""0"", ""reduceOnly"": true}, {""side"": ""BUY"", ""price"": ""3994.09"", ""qty"": ""0.025"", ""reduceOnly"": false}, {""side"": ""BUY"", ""price"": ""3991.09"", ""qty"": ""0.025"", ""reduceOnly"": false}, {""side"": ""BUY"", ""price"": ""3997.10"", ""qty"": ""0.025"", ""reduceOnly"": false}, {""side"": ""BUY"", ""price"": ""4000.10"", ""qty"": ""0.024"", ""reduceOnly"": false}]","[{""price"": ""4018.68"", ""qty"": ""0.217"", ""clientOrderId"": ""TP_AUTO_TP_1759036075804""}, {""price"": ""0"", ""qty"": ""0"", ""clientOrderId"": ""x-Cb7ytekJ786ee86ef56e2c120b331f""}]",3806.32,v1,ETHUSDT
2025-09-28T05:10:53.228818+00:00,"{'tipo': 'SOPORTE', 'precio': 200.0, 'volumen': 122.589}",4003.48,0.217,4006.656912443,0.0,"[{""side"": ""SELL"", ""price"": ""4018.68"", ""qty"": ""0.217"", ""reduceOnly"": true}, {""side"": ""SELL"", ""price"": ""0"", ""qty"": ""0"", ""reduceOnly"": true}, {""side"": ""BUY"", ""price"": ""3994.09"", ""qty"": ""0.025"", ""reduceOnly"": false}, {""side"": ""BUY"", ""price"": ""3991.09"", ""qty"": ""0.025"", ""reduceOnly"": false}, {""side"": ""BUY"", ""price"": ""3997.10"", ""qty"": ""0.025"", ""reduceOnly"": false}, {""side"": ""BUY"", ""price"": ""4000.10"", ""qty"": ""0.024"", ""reduceOnly"": false}]","[{""price"": ""4018.68"", ""qty"": ""0.217"", ""clientOrderId"": ""TP_AUTO_TP_1759036075804""}, {""price"": ""0"", ""qty"": ""0"", ""clientOrderId"": ""x-Cb7ytekJ786ee86ef56e2c120b331f""}]",3806.32,v1,ETHUSDT
2025-09-28T05:10:56.473526+00:00,"{'tipo': 'SOPORTE', 'precio': 200.0, 'volumen': 122.589}",4003.48,0.217,4006.656912443,0.0,"[{""side"": ""SELL"", ""price"": ""0"", ""qty"": ""0"", ""reduceOnly"": true}, {""side"": ""BUY"", ""price"": ""3997.47"", ""qty"": ""0.025"", ""reduceOnly"": false}, {""side"": ""SELL"", ""price"": ""4018.68"", ""qty"": ""0.217"", ""reduceOnly"": true}, {""side"": ""BUY"", ""price"": ""4000.48"", ""qty"": ""0.024"", ""reduceOnly"": false}, {""side"": ""BUY"", ""price"": ""3994.47"", ""qty"": ""0.025"", ""reduceOnly"": false}]","[{""price"": ""0"", ""qty"": ""0"", ""clientOrderId"": ""x-Cb7ytekJfefb5fb9fd475cc0397e5b""}, {""price"": ""4018.68"", ""qty"": ""0.217"", ""clientOrderId"": ""TP_AUTO_TP_1759036255554""}]",3806.32,v1,ETHUSDT
2025-09-28T05:13:53.248477+00:00,"{'tipo': 'SOPORTE', 'precio': 3000.0, 'volumen': 3913.434}",4001.71,0.217,4006.656912443,0.0,"[{""side"": ""SELL"", ""price"": ""0"", ""qty"": ""0"", ""reduceOnly"": true}, {""side"": ""BUY"", ""price"": ""3997.47"", ""qty"": ""0.025"", ""reduceOnly"": false}, {""side"": ""SELL"", ""price"": ""4018.68"", ""qty"": ""0.217"", ""reduceOnly"": true}, {""side"": ""BUY"", ""price"": ""4000.48"", ""qty"": ""0.024"", ""reduceOnly"": false}, {""side"": ""BUY"", ""price"": ""3994.47"", ""qty"": ""0.025"", ""reduceOnly"": false}]","[{""price"": ""0"", ""qty"": ""0"", ""clientOrderId"": ""x-Cb7ytekJfefb5fb9fd475cc0397e5b""}, {""price"": ""4018.68"", ""qty"": ""0.217"", ""clientOrderId"": ""TP_AUTO_TP_1759036255554""}]",3806.32,v1,ETHUSDT
2025-09-28T05:13:56.820516+00:00,DUMP,4002.22,0.217,4006.656912443,0.0,"[{""side"": ""BUY"", ""price"": ""3998.71"", ""qty"": ""0.025"", ""reduceOnly"": false}, {""side"": ""BUY"", ""price"": ""3995.71"", ""qty"": ""0.025"", ""reduceOnly"": false}, {""side"": ""BUY"", ""price"": ""3992.71"", ""qty"": ""0.025"", ""reduceOnly"": false}, {""side"": ""SELL"", ""price"": ""4018.68"", ""qty"": ""0.217"", ""reduceOnly"": true}, {""side"": ""SELL"", ""price"": ""0"", ""qty"": ""0"", ""reduceOnly"": true}, {""side"": ""BUY"", ""price"": ""3989.70"", ""qty"": ""0.025"", ""reduceOnly"": false}]","[{""price"": ""4018.68"", ""qty"": ""0.217"", ""clientOrderId"": ""TP_AUTO_TP_1759036435908""}, {""price"": ""0"", ""qty"": ""0"", ""clientOrderId"": ""x-Cb7ytekJ331764b29080bb95c4c3fb""}]",3806.32,v1,ETHUSDT
2025-09-28T05:16:53.255007+00:00,"{'tipo': 'SOPORTE', 'precio': 200.0, 'volumen': 3449.335}",4003.66,0.217,4006.656912443,0.0,"[{""side"": ""BUY"", ""price"": ""3998.71"", ""qty"": ""0.025"", ""reduceOnly"": false}, {""side"": ""BUY"", ""price"": ""3995.71"", ""qty"": ""0.025"", ""reduceOnly"": false}, {""side"": ""BUY"", ""price"": ""3992.71"", ""qty"": ""0.025"", ""reduceOnly"": false}, {""side"": ""SELL"", ""price"": ""4018.68"", ""qty"": ""0.217"", ""reduceOnly"": true}, {""side"": ""SELL"", ""price"": ""0"", ""qty"": ""0"", ""reduceOnly"": true}, {""side"": ""BUY"", ""price"": ""3989.70"", ""qty"": ""0.025"", ""reduceOnly"": false}]","[{""price"": ""4018.68"", ""qty"": ""0.217"", ""clientOrderId"": ""TP_AUTO_TP_1759036435908""}, {""price"": ""0"", ""qty"": ""0"", ""clientOrderId"": ""x-Cb7ytekJ331764b29080bb95c4c3fb""}]",3806.32,v1,ETHUSDT
2025-09-28T05:16:56.534852+00:00,"{'tipo': 'SOPORTE', 'precio': 200.0, 'volumen': 3449.335}",4003.66,0.217,4006.656912443,0.0,"[{""side"": ""SELL"", ""price"": ""0"", ""qty"": ""0"", ""reduceOnly"": true}, {""side"": ""BUY"", ""price"": ""4000.66"", ""qty"": ""0.024"", ""reduceOnly"": false}, {""side"": ""BUY"", ""price"": ""3994.65"", ""qty"": ""0.025"", ""reduceOnly"": false}, {""side"": ""SELL"", ""price"": ""4018.68"", ""qty"": ""0.217"", ""reduceOnly"": true}, {""side"": ""BUY"", ""price"": ""3997.65"", ""qty"": ""0.025"", ""reduceOnly"": false}]","[{""price"": ""0"", ""qty"": ""0"", ""clientOrderId"": ""x-Cb7ytekJec69d4c466c47d8b43be9""}, {""price"": ""4018.68"", ""qty"": ""0.217"", ""clientOrderId"": ""TP_AUTO_TP_1759036615611""}]",3806.32,v1,ETHUSDT
2025-09-28T05:19:53.270271+00:00,"{'tipo': 'SOPORTE', 'precio': 200.0, 'volumen': 1563.837}",4006.25,0.217,4006.656912443,0.0,"[{""side"": ""SELL"", ""price"": ""0"", ""qty"": ""0"", ""reduceOnly"": true}, {""side"": ""BUY"", ""price"": ""4000.66"", ""qty"": ""0.024"", ""reduceOnly"": false}, {""side"": ""BUY"", ""price"": ""3994.65"", ""qty"": ""0.025"", ""reduceOnly"": false}, {""side"": ""SELL"", ""price"": ""4018.68"", ""qty"": ""0.217"", ""reduceOnly"": true}, {""side"": ""BUY"", ""price"": ""3997.65"", ""qty"": ""0.025"", ""reduceOnly"": false}]","[{""price"": ""0"", ""qty"": ""0"", ""clientOrderId"": ""x-Cb7ytekJec69d4c466c47d8b43be9""}, {""price"": ""4018.68"", ""qty"": ""0.217"", ""clientOrderId"": ""TP_AUTO_TP_1759036615611""}]",3806.32,v1,ETHUSDT
2025-09-28T05:19:56.519980+00:00,"{'tipo': 'SOPORTE', 'precio': 200.0, 'volumen': 1563.837}",4006.25,0.217,4006.656912443,0.0,"[{""side"": ""BUY"", ""price"": ""3994.23"", ""qty"": ""0.025"", ""reduceOnly"": false}, {""side"": ""BUY"", ""price"": ""4000.24"", ""qty"": ""0.024"", ""reduceOnly"": false}, {""side"": ""BUY"", ""price"": ""3997.24"", ""qty"": ""0.025"", ""reduceOnly"": false}, {""side"": ""SELL"", ""price"": ""0"", ""qty"": ""0"", ""reduceOnly"": true}, {""side"": ""SELL"", ""price"": ""4018.68"", ""qty"": ""0.217"", ""reduceOnly"": true}]","[{""price"": ""0"", ""qty"": ""0"", ""clientOrderId"": ""x-Cb7ytekJdfb45fba2cba87ae31e43b""}, {""price"": ""4018.68"", ""qty"": ""0.217"", ""clientOrderId"": ""TP_AUTO_TP_1759036795609""}]",3806.32,v1,ETHUSDT
2025-09-28T05:22:53.276799+00:00,"{'tipo': 'SOPORTE', 'precio': 3818.1, 'volumen': 1441.546}",4009.0,0.217,4006.656912443,0.0,"[{""side"": ""BUY"", ""price"": ""3994.23"", ""qty"": ""0.025"", ""reduceOnly"": false}, {""side"": ""BUY"", ""price"": ""4000.24"", ""qty"": ""0.024"", ""reduceOnly"": false}, {""side"": ""BUY"", ""price"": ""3997.24"", ""qty"": ""0.025"", ""reduceOnly"": false}, {""side"": ""SELL"", ""price"": ""0"", ""qty"": ""0"", ""reduceOnly"": true}, {""side"": ""SELL"", ""price"": ""4018.68"", ""qty"": ""0.217"", ""reduceOnly"": true}]","[{""price"": ""0"", ""qty"": ""0"", ""clientOrderId"": ""x-Cb7ytekJdfb45fba2cba87ae31e43b""}, {""price"": ""4018.68"", ""qty"": ""0.217"", ""clientOrderId"": ""TP_AUTO_TP_1759036795609""}]",3806.32,v1,ETHUSDT
2025-09-28T05:22:56.178437+00:00,"{'tipo': 'SOPORTE', 'precio': 3818.1, 'volumen': 1441.546}",4009.0,0.217,4006.656912443,0.0,"[{""side"": ""BUY"", ""price"": ""3996.97"", ""qty"": ""0.025"", ""reduceOnly"": false}, {""side"": ""BUY"", ""price"": ""3999.98"", ""qty"": ""0.025"", ""reduceOnly"": false}, {""side"": ""SELL"", ""price"": ""0"", ""qty"": ""0"", ""reduceOnly"": true}, {""side"": ""SELL"", ""price"": ""4018.68"", ""qty"": ""0.217"", ""reduceOnly"": true}]","[{""price"": ""0"", ""qty"": ""0"", ""clientOrderId"": ""x-Cb7ytekJ85b23dc031609de9e6200f""}, {""price"": ""4018.68"", ""qty"": ""0.217"", ""clientOrderId"": ""TP_AUTO_TP_1759036975268""}]",3806.32,v1,ETHUSDT
2025-09-28T05:25:53.295153+00:00,"{'tipo': 'SOPORTE', 'precio': 200.0, 'volumen': 1553.9189999999999}",4007.78,0.217,4006.656912443,0.0,"[{""side"": ""BUY"", ""price"": ""3996.97"", ""qty"": ""0.025"", ""reduceOnly"": false}, {""side"": ""BUY"", ""price"": ""3999.98"", ""qty"": ""0.025"", ""reduceOnly"": false}, {""side"": ""SELL"", ""price"": ""0"", ""qty"": ""0"", ""reduceOnly"": true}, {""side"": ""SELL"", ""price"": ""4018.68"", ""qty"": ""0.217"", ""reduceOnly"": true}]","[{""price"": ""0"", ""qty"": ""0"", ""clientOrderId"": ""x-Cb7ytekJ85b23dc031609de9e6200f""}, {""price"": ""4018.68"", ""qty"": ""0.217"", ""clientOrderId"": ""TP_AUTO_TP_1759036975268""}]",3806.32,v1,ETHUSDT
2025-09-28T05:25:56.526512+00:00,"{'tipo': 'SOPORTE', 'precio': 200.0, 'volumen': 1553.9189999999999}",0.0,0.217,4006.656912443,0.0,"[{""side"": ""BUY"", ""price"": ""3995.76"", ""qty"": ""0.025"", ""reduceOnly"": false}, {""side"": ""BUY"", ""price"": ""4001.77"", ""qty"": ""0.024"", ""reduceOnly"": false}, {""side"": ""SELL"", ""price"": ""0"", ""qty"": ""0"", ""reduceOnly"": true}, {""side"": ""BUY"", ""price"": ""3998.76"", ""qty"": ""0.025"", ""reduceOnly"": false}, {""side"": ""SELL"", ""price"": ""4018.68"", ""qty"": ""0.217"", ""reduceOnly"": true}]","[{""price"": ""0"", ""qty"": ""0"", ""clientOrderId"": ""x-Cb7ytekJc62b8cfcdb32b444e4f9fe""}, {""price"": ""4018.68"", ""qty"": ""0.217"", ""clientOrderId"": ""TP_AUTO_TP_1759037155622""}]",3806.32,v1,ETHUSDT
2025-09-28T05:28:53.346190+00:00,"{'tipo': 'SOPORTE', 'precio': 3000.0, 'volumen': 2110.831}",4010.05,0.217,4006.656912443,0.0,"[{""side"": ""BUY"", ""price"": ""3995.76"", ""qty"": ""0.025"", ""reduceOnly"": false}, {""side"": ""BUY"", ""price"": ""4001.77"", ""qty"": ""0.024"", ""reduceOnly"": false}, {""side"": ""SELL"", ""price"": ""0"", ""qty"": ""0"", ""reduceOnly"": true}, {""side"": ""BUY"", ""price"": ""3998.76"", ""qty"": ""0.025"", ""reduceOnly"": false}, {""side"": ""SELL"", ""price"": ""4018.68"", ""qty"": ""0.217"", ""reduceOnly"": true}]","[{""price"": ""0"", ""qty"": ""0"", ""clientOrderId"": ""x-Cb7ytekJc62b8cfcdb32b444e4f9fe""}, {""price"": ""4018.68"", ""qty"": ""0.217"", ""clientOrderId"": ""TP_AUTO_TP_1759037155622""}]",3806.32,v1,ETHUSDT
2025-09-28T05:28:56.277264+00:00,"{'tipo': 'SOPORTE', 'precio': 3000.0, 'volumen': 2110.831}",4010.04,0.217,4006.656912443,0.0,"[{""side"": ""SELL"", ""price"": ""0"", ""qty"": ""0"", ""reduceOnly"": true}, {""side"": ""BUY"", ""price"": ""4001.03"", ""qty"": ""0.024"", ""reduceOnly"": false}, {""side"": ""BUY"", ""price"": ""3998.02"", ""qty"": ""0.025"", ""reduceOnly"": false}, {""side"": ""SELL"", ""price"": ""4018.68"", ""qty"": ""0.217"", ""reduceOnly"": true}]","[{""price"": ""0"", ""qty"": ""0"", ""clientOrderId"": ""x-Cb7ytekJ344c17dfc02d79a6fa92fd""}, {""price"": ""4018.68"", ""qty"": ""0.217"", ""clientOrderId"": ""TP_AUTO_TP_1759037335366""}]",3806.32,v1,ETHUSDT
2025-09-28T05:31:53.671406+00:00,"{'tipo': 'SOPORTE', 'precio': 200.0, 'volumen': 1564.366}",4014.53,0.217,4006.656912443,0.0,"[{""side"": ""SELL"", ""price"": ""0"", ""qty"": ""0"", ""reduceOnly"": true}, {""side"": ""BUY"", ""price"": ""4001.03"", ""qty"": ""0.024"", ""reduceOnly"": false}, {""side"": ""BUY"", ""price"": ""3998.02"", ""qty"": ""0.025"", ""reduceOnly"": false}, {""side"": ""SELL"", ""price"": ""4018.68"", ""qty"": ""0.217"", ""reduceOnly"": true}]","[{""price"": ""0"", ""qty"": ""0"", ""clientOrderId"": ""x-Cb7ytekJ344c17dfc02d79a6fa92fd""}, {""price"": ""4018.68"", ""qty"": ""0.217"", ""clientOrderId"": ""TP_AUTO_TP_1759037335366""}]",3806.32,v1,ETHUSDT
2025-09-28T05:31:56.378062+00:00,"{'tipo': 'SOPORTE', 'precio': 200.0, 'volumen': 1564.366}",4015.0,0.217,4006.656912443,0.0,"[{""side"": ""SELL"", ""price"": ""4018.68"", ""qty"": ""0.217"", ""reduceOnly"": true}, {""side"": ""BUY"", ""price"": ""4002.49"", ""qty"": ""0.024"", ""reduceOnly"": false}, {""side"": ""SELL"", ""price"": ""0"", ""qty"": ""0"", ""reduceOnly"": true}]","[{""price"": ""4018.68"", ""qty"": ""0.217"", ""clientOrderId"": ""TP_AUTO_TP_1759037515380""}, {""price"": ""0"", ""qty"": ""0"", ""clientOrderId"": ""x-Cb7ytekJ9d555347a52ee92d6c981e""}]",3806.32,v1,ETHUSDT
2025-09-28T05:34:53.474874+00:00,"{'tipo': 'SOPORTE', 'precio': 200.0, 'volumen': 650.579}",4013.65,0.217,4006.656912443,0.0,"[{""side"": ""SELL"", ""price"": ""4018.68"", ""qty"": ""0.217"", ""reduceOnly"": true}, {""side"": ""BUY"", ""price"": ""4002.49"", ""qty"": ""0.024"", ""reduceOnly"": false}, {""side"": ""SELL"", ""price"": ""0"", ""qty"": ""0"", ""reduceOnly"": true}]","[{""price"": ""4018.68"", ""qty"": ""0.217"", ""clientOrderId"": ""TP_AUTO_TP_1759037515380""}, {""price"": ""0"", ""qty"": ""0"", ""clientOrderId"": ""x-Cb7ytekJ9d555347a52ee92d6c981e""}]",3806.32,v1,ETHUSDT
2025-09-28T05:34:56.078480+00:00,DUMP,4013.44,0.217,4006.656912443,0.0,"[{""side"": ""SELL"", ""price"": ""0"", ""qty"": ""0"", ""reduceOnly"": true}, {""side"": ""SELL"", ""price"": ""4018.68"", ""qty"": ""0.217"", ""reduceOnly"": true}, {""side"": ""BUY"", ""price"": ""4001.61"", ""qty"": ""0.024"", ""reduceOnly"": false}]","[{""price"": ""0"", ""qty"": ""0"", ""clientOrderId"": ""x-Cb7ytekJ3bb6b52b6959f8a8535508""}, {""price"": ""4018.68"", ""qty"": ""0.217"", ""clientOrderId"": ""TP_AUTO_TP_1759037695169""}]",3806.32,v1,ETHUSDT
2025-09-28T05:35:22.232522+00:00,,4011.83,0.316,4003.958227849,0.0,"[{""side"": ""SELL"", ""price"": ""0"", ""qty"": ""0"", ""reduceOnly"": true}, {""side"": ""SELL"", ""price"": ""4015.97"", ""qty"": ""0.316"", ""reduceOnly"": true}, {""side"": ""BUY"", ""price"": ""4001.61"", ""qty"": ""0.024"", ""reduceOnly"": false}]","[{""price"": ""0"", ""qty"": ""0"", ""clientOrderId"": ""x-Cb7ytekJ3bb6b52b6959f8a8535508""}, {""price"": ""4015.97"", ""qty"": ""0.316"", ""clientOrderId"": ""TP_AUTO_TP_1759037717895""}]",3806.32,v1,ETHUSDT
2025-09-28T05:35:25.153150+00:00,"{'tipo': 'SOPORTE', 'precio': 3610.46, 'volumen': 227.64100000000002}",4011.05,0.316,4003.958227849,0.0,"[{""side"": ""BUY"", ""price"": ""3990.47"", ""qty"": ""0.025"", ""reduceOnly"": false}, {""side"": ""SELL"", ""price"": ""4015.97"", ""qty"": ""0.316"", ""reduceOnly"": true}, {""side"": ""SELL"", ""price"": ""0"", ""qty"": ""0"", ""reduceOnly"": true}, {""side"": ""BUY"", ""price"": ""3997.59"", ""qty"": ""0.025"", ""reduceOnly"": false}]","[{""price"": ""4015.97"", ""qty"": ""0.316"", ""clientOrderId"": ""TP_AUTO_TP_1759037724244""}, {""price"": ""0"", ""qty"": ""0"", ""clientOrderId"": ""x-Cb7ytekJ45ca6e56e80fcbbb2487a3""}]",3803.76,v1,ETHUSDT
2025-09-28T05:37:52.283337+00:00,"{'tipo': 'SOPORTE', 'precio': 200.0, 'volumen': 223.086}",4010.65,0.316,4003.958227849,0.0,"[{""side"": ""BUY"", ""price"": ""3990.47"", ""qty"": ""0.025"", ""reduceOnly"": false}, {""side"": ""SELL"", ""price"": ""4015.97"", ""qty"": ""0.316"", ""reduceOnly"": true}, {""side"": ""SELL"", ""price"": ""0"", ""qty"": ""0"", ""reduceOnly"": true}, {""side"": ""BUY"", ""price"": ""3997.59"", ""qty"": ""0.025"", ""reduceOnly"": false}]","[{""price"": ""4015.97"", ""qty"": ""0.316"", ""clientOrderId"": ""TP_AUTO_TP_1759037724244""}, {""price"": ""0"", ""qty"": ""0"", ""clientOrderId"": ""x-Cb7ytekJ45ca6e56e80fcbbb2487a3""}]",3803.76,v1,ETHUSDT
2025-09-28T05:37:54.605840+00:00,"{'tipo': 'SOPORTE', 'precio': 200.0, 'volumen': 223.086}",4010.66,0.316,4003.958227849,0.0,"[{""side"": ""SELL"", ""price"": ""0"", ""qty"": ""0"", ""reduceOnly"": true}, {""side"": ""SELL"", ""price"": ""4015.97"", ""qty"": ""0.316"", ""reduceOnly"": true}]","[{""price"": ""0"", ""qty"": ""0"", ""clientOrderId"": ""x-Cb7ytekJ2217508ae0cee30ee6f5a8""}, {""price"": ""4015.97"", ""qty"": ""0.316"", ""clientOrderId"": ""TP_AUTO_TP_1759037873697""}]",3803.76,v1,ETHUSDT
2025-09-28T05:38:55.021631+00:00,"{'tipo': 'SOPORTE', 'precio': 3996.9, 'volumen': 400.609}",4010.9,0.316,4003.958227849,0.0,"[{""side"": ""SELL"", ""price"": ""0"", ""qty"": ""0"", ""reduceOnly"": true}, {""side"": ""SELL"", ""price"": ""4015.97"", ""qty"": ""0.316"", ""reduceOnly"": true}]","[{""price"": ""0"", ""qty"": ""0"", ""clientOrderId"": ""x-Cb7ytekJ2217508ae0cee30ee6f5a8""}, {""price"": ""4015.97"", ""qty"": ""0.316"", ""clientOrderId"": ""TP_AUTO_TP_1759037930230""}]",3803.76,v1,ETHUSDT
2025-09-28T05:38:57.338140+00:00,"{'tipo': 'SOPORTE', 'precio': 3996.9, 'volumen': 400.609}",4010.9,0.316,4003.958227849,0.0,"[{""side"": ""SELL"", ""price"": ""4015.97"", ""qty"": ""0.316"", ""reduceOnly"": true}, {""side"": ""SELL"", ""price"": ""0"", ""qty"": ""0"", ""reduceOnly"": true}]","[{""price"": ""4015.97"", ""qty"": ""0.316"", ""clientOrderId"": ""TP_AUTO_TP_1759037936433""}, {""price"": ""0"", ""qty"": ""0"", ""clientOrderId"": ""x-Cb7ytekJfc74ff656a45f8d85780f5""}]",3803.76,v1,ETHUSDT
2025-09-28T05:41:25.091735+00:00,"{'tipo': 'SOPORTE', 'precio': 200.0, 'volumen': 176.375}",4011.61,0.316,4003.958227849,0.0,"[{""side"": ""SELL"", ""price"": ""4015.97"", ""qty"": ""0.316"", ""reduceOnly"": true}, {""side"": ""SELL"", ""price"": ""0"", ""qty"": ""0"", ""reduceOnly"": true}]","[{""price"": ""4015.97"", ""qty"": ""0.316"", ""clientOrderId"": ""TP_AUTO_TP_1759037936433""}, {""price"": ""0"", ""qty"": ""0"", ""clientOrderId"": ""x-Cb7ytekJfc74ff656a45f8d85780f5""}]",3803.76,v1,ETHUSDT
2025-09-28T05:41:27.417251+00:00,"{'tipo': 'SOPORTE', 'precio': 200.0, 'volumen': 176.375}",4011.62,0.316,4003.958227849,0.0,"[{""side"": ""SELL"", ""price"": ""4015.97"", ""qty"": ""0.316"", ""reduceOnly"": true}, {""side"": ""SELL"", ""price"": ""0"", ""qty"": ""0"", ""reduceOnly"": true}]","[{""price"": ""4015.97"", ""qty"": ""0.316"", ""clientOrderId"": ""TP_AUTO_TP_1759038086502""}, {""price"": ""0"", ""qty"": ""0"", ""clientOrderId"": ""x-Cb7ytekJ53e602da22a6a0558d7006""}]",3803.76,v1,ETHUSDT
2025-09-28T05:44:31.156357+00:00,"{'tipo': 'SOPORTE', 'precio': 3800.0, 'volumen': 2994.872}",4009.92,0.316,4003.958227849,0.0,"[{""side"": ""SELL"", ""price"": ""4015.97"", ""qty"": ""0.316"", ""reduceOnly"": true}, {""side"": ""SELL"", ""price"": ""0"", ""qty"": ""0"", ""reduceOnly"": true}]","[{""price"": ""4015.97"", ""qty"": ""0.316"", ""clientOrderId"": ""TP_AUTO_TP_1759038086502""}, {""price"": ""0"", ""qty"": ""0"", ""clientOrderId"": ""x-Cb7ytekJ53e602da22a6a0558d7006""}]",3803.76,v1,ETHUSDT
2025-09-28T05:44:33.776916+00:00,"{'tipo': 'SOPORTE', 'precio': 3800.0, 'volumen': 2994.872}",3608.93,0.316,4003.958227849,0.0,"[{""side"": ""BUY"", ""price"": ""3999.69"", ""qty"": ""0.025"", ""reduceOnly"": false}, {""side"": ""SELL"", ""price"": ""0"", ""qty"": ""0"", ""reduceOnly"": true}, {""side"": ""SELL"", ""price"": ""4015.97"", ""qty"": ""0.316"", ""reduceOnly"": true}]","[{""price"": ""0"", ""qty"": ""0"", ""clientOrderId"": ""x-Cb7ytekJf791cef9f254ffa0fbeef3""}, {""price"": ""4015.97"", ""qty"": ""0.316"", ""clientOrderId"": ""TP_AUTO_TP_1759038272862""}]",3803.76,v1,ETHUSDT
2025-09-28T05:45:56.638384+00:00,,4009.09,0.316,4003.958227849,0.0,"[{""side"": ""BUY"", ""price"": ""3999.69"", ""qty"": ""0.025"", ""reduceOnly"": false}, {""side"": ""SELL"", ""price"": ""0"", ""qty"": ""0"", ""reduceOnly"": true}, {""side"": ""SELL"", ""price"": ""4015.97"", ""qty"": ""0.316"", ""reduceOnly"": true}]","[{""price"": ""0"", ""qty"": ""0"", ""clientOrderId"": ""x-Cb7ytekJf791cef9f254ffa0fbeef3""}, {""price"": ""4015.97"", ""qty"": ""0.316"", ""clientOrderId"": ""TP_AUTO_TP_1759038272862""}]",3803.76,v1,ETHUSDT
2025-09-28T05:45:59.562182+00:00,"{'tipo': 'SOPORTE', 'precio': 200.0, 'volumen': 1553.491}",4009.09,0.316,4003.958227849,0.0,"[{""side"": ""SELL"", ""price"": ""0"", ""qty"": ""0"", ""reduceOnly"": true}, {""side"": ""BUY"", ""price"": ""3987.74"", ""qty"": ""0.025"", ""reduceOnly"": false}, {""side"": ""BUY"", ""price"": ""3994.86"", ""qty"": ""0.025"", ""reduceOnly"": false}, {""side"": ""SELL"", ""price"": ""4015.97"", ""qty"": ""0.316"", ""reduceOnly"": true}]","[{""price"": ""0"", ""qty"": ""0"", ""clientOrderId"": ""x-Cb7ytekJ9f6df7fe3e3ef080926e61""}, {""price"": ""4015.97"", ""qty"": ""0.316"", ""clientOrderId"": ""TP_AUTO_TP_1759038358658""}]",3803.76,v1,ETHUSDT
2025-09-28T05:48:26.685999+00:00,"{'tipo': 'SOPORTE', 'precio': 3000.0, 'volumen': 1568.3100000000002}",4007.75,0.316,4003.958227849,0.0,"[{""side"": ""SELL"", ""price"": ""0"", ""qty"": ""0"", ""reduceOnly"": true}, {""side"": ""BUY"", ""price"": ""3987.74"", ""qty"": ""0.025"", ""reduceOnly"": false}, {""side"": ""BUY"", ""price"": ""3994.86"", ""qty"": ""0.025"", ""reduceOnly"": false}, {""side"": ""SELL"", ""price"": ""4015.97"", ""qty"": ""0.316"", ""reduceOnly"": true}]","[{""price"": ""0"", ""qty"": ""0"", ""clientOrderId"": ""x-Cb7ytekJ9f6df7fe3e3ef080926e61""}, {""price"": ""4015.97"", ""qty"": ""0.316"", ""clientOrderId"": ""TP_AUTO_TP_1759038358658""}]",3803.76,v1,ETHUSDT
2025-09-28T05:48:29.311570+00:00,"{'tipo': 'SOPORTE', 'precio': 3000.0, 'volumen': 1568.3100000000002}",4007.76,0.316,4003.958227849,0.0,"[{""side"": ""BUY"", ""price"": ""3997.53"", ""qty"": ""0.025"", ""reduceOnly"": false}, {""side"": ""SELL"", ""price"": ""0"", ""qty"": ""0"", ""reduceOnly"": true}, {""side"": ""SELL"", ""price"": ""4015.97"", ""qty"": ""0.316"", ""reduceOnly"": true}]","[{""price"": ""0"", ""qty"": ""0"", ""clientOrderId"": ""x-Cb7ytekJfec84683091a6a0ab9e733""}, {""price"": ""4015.97"", ""qty"": ""0.316"", ""clientOrderId"": ""TP_AUTO_TP_1759038508393""}]",3803.76,v1,ETHUSDT
2025-09-28T05:49:48.980440+00:00,"{'tipo': 'SOPORTE', 'precio': 200.0, 'volumen': 1577.394}",4006.32,0.316,4003.958227849,0.0,"[{""side"": ""BUY"", ""price"": ""3997.53"", ""qty"": ""0.025"", ""reduceOnly"": false}, {""side"": ""SELL"", ""price"": ""0"", ""qty"": ""0"", ""reduceOnly"": true}, {""side"": ""SELL"", ""price"": ""4015.97"", ""qty"": ""0.316"", ""reduceOnly"": true}]","[{""price"": ""0"", ""qty"": ""0"", ""clientOrderId"": ""x-Cb7ytekJfec84683091a6a0ab9e733""}, {""price"": ""4015.97"", ""qty"": ""0.316"", ""clientOrderId"": ""TP_AUTO_TP_1759038508393""}]",3803.76,v1,ETHUSDT
2025-09-28T05:49:51.907062+00:00,"{'tipo': 'SOPORTE', 'precio': 200.0, 'volumen': 1577.394}",4005.95,0.316,4003.958227849,0.0,"[{""side"": ""SELL"", ""price"": ""4015.97"", ""qty"": ""0.316"", ""reduceOnly"": true}, {""side"": ""BUY"", ""price"": ""3999.51"", ""qty"": ""0.025"", ""reduceOnly"": false}, {""side"": ""BUY"", ""price"": ""3996.10"", ""qty"": ""0.025"", ""reduceOnly"": false}, {""side"": ""SELL"", ""price"": ""0"", ""qty"": ""0"", ""reduceOnly"": true}]","[{""price"": ""4015.97"", ""qty"": ""0.316"", ""clientOrderId"": ""TP_AUTO_TP_1759038591000""}, {""price"": ""0"", ""qty"": ""0"", ""clientOrderId"": ""x-Cb7ytekJ40150cba2834f7aa704772""}]",3847.80,v1,ETHUSDT
2025-09-28T05:51:22.697976+00:00,,4007.82,0.316,4003.958227849,0.0,"[{""side"": ""SELL"", ""price"": ""4015.97"", ""qty"": ""0.316"", ""reduceOnly"": true}, {""side"": ""BUY"", ""price"": ""3999.51"", ""qty"": ""0.025"", ""reduceOnly"": false}, {""side"": ""BUY"", ""price"": ""3996.10"", ""qty"": ""0.025"", ""reduceOnly"": false}, {""side"": ""SELL"", ""price"": ""0"", ""qty"": ""0"", ""reduceOnly"": true}]","[{""price"": ""4015.97"", ""qty"": ""0.316"", ""clientOrderId"": ""TP_AUTO_TP_1759038591000""}, {""price"": ""0"", ""qty"": ""0"", ""clientOrderId"": ""x-Cb7ytekJ40150cba2834f7aa704772""}]",3847.80,v1,ETHUSDT
2025-09-28T05:51:25.911677+00:00,"{'tipo': 'SOPORTE', 'precio': 3670.0, 'volumen': 384.23}",4007.82,0.316,4003.958227849,0.0,"[{""side"": ""BUY"", ""price"": ""3977.76"", ""qty"": ""0.025"", ""reduceOnly"": false}, {""side"": ""BUY"", ""price"": ""3997.80"", ""qty"": ""0.025"", ""reduceOnly"": false}, {""side"": ""SELL"", ""price"": ""0"", ""qty"": ""0"", ""reduceOnly"": true}, {""side"": ""SELL"", ""price"": ""4015.97"", ""qty"": ""0.316"", ""reduceOnly"": true}, {""side"": ""BUY"", ""price"": ""3987.78"", ""qty"": ""0.025"", ""reduceOnly"": false}]","[{""price"": ""0"", ""qty"": ""0"", ""clientOrderId"": ""x-Cb7ytekJ85c6635d87e604ab7d49ff""}, {""price"": ""4015.97"", ""qty"": ""0.316"", ""clientOrderId"": ""TP_AUTO_TP_1759038684997""}]",3847.80,v1,ETHUSDT
2025-09-28T05:54:22.744813+00:00,"{'tipo': 'SOPORTE', 'precio': 200.0, 'volumen': 2809.044}",4007.05,0.316,4003.958227849,0.0,"[{""side"": ""BUY"", ""price"": ""3977.76"", ""qty"": ""0.025"", ""reduceOnly"": false}, {""side"": ""BUY"", ""price"": ""3997.80"", ""qty"": ""0.025"", ""reduceOnly"": false}, {""side"": ""SELL"", ""price"": ""0"", ""qty"": ""0"", ""reduceOnly"": true}, {""side"": ""SELL"", ""price"": ""4015.97"", ""qty"": ""0.316"", ""reduceOnly"": true}, {""side"": ""BUY"", ""price"": ""3987.78"", ""qty"": ""0.025"", ""reduceOnly"": false}]","[{""price"": ""0"", ""qty"": ""0"", ""clientOrderId"": ""x-Cb7ytekJ85c6635d87e604ab7d49ff""}, {""price"": ""4015.97"", ""qty"": ""0.316"", ""clientOrderId"": ""TP_AUTO_TP_1759038684997""}]",3847.80,v1,ETHUSDT
2025-09-28T05:54:25.650501+00:00,"{'tipo': 'SOPORTE', 'precio': 200.0, 'volumen': 2809.044}",4007.05,0.316,4003.958227849,0.0,"[{""side"": ""SELL"", ""price"": ""4015.97"", ""qty"": ""0.316"", ""reduceOnly"": true}, {""side"": ""SELL"", ""price"": ""0"", ""qty"": ""0"", ""reduceOnly"": true}, {""side"": ""BUY"", ""price"": ""3998.23"", ""qty"": ""0.025"", ""reduceOnly"": false}, {""side"": ""BUY"", ""price"": ""3993.83"", ""qty"": ""0.025"", ""reduceOnly"": false}]","[{""price"": ""4015.97"", ""qty"": ""0.316"", ""clientOrderId"": ""TP_AUTO_TP_1759038864744""}, {""price"": ""0"", ""qty"": ""0"", ""clientOrderId"": ""x-Cb7ytekJc89f6e701db2141b96a1a0""}]",3847.80,v1,ETHUSDT
2025-09-28T05:57:22.811805+00:00,"{'tipo': 'SOPORTE', 'precio': 200.0, 'volumen': 1578.238}",4008.37,0.316,4003.958227849,0.0,"[{""side"": ""SELL"", ""price"": ""4015.97"", ""qty"": ""0.316"", ""reduceOnly"": true}, {""side"": ""SELL"", ""price"": ""0"", ""qty"": ""0"", ""reduceOnly"": true}, {""side"": ""BUY"", ""price"": ""3998.23"", ""qty"": ""0.025"", ""reduceOnly"": false}, {""side"": ""BUY"", ""price"": ""3993.83"", ""qty"": ""0.025"", ""reduceOnly"": false}]","[{""price"": ""4015.97"", ""qty"": ""0.316"", ""clientOrderId"": ""TP_AUTO_TP_1759038864744""}, {""price"": ""0"", ""qty"": ""0"", ""clientOrderId"": ""x-Cb7ytekJc89f6e701db2141b96a1a0""}]",3847.80,v1,ETHUSDT
2025-09-28T05:57:25.754402+00:00,"{'tipo': 'SOPORTE', 'precio': 200.0, 'volumen': 1578.238}",4008.38,0.316,4003.958227849,0.0,"[{""side"": ""SELL"", ""price"": ""4015.97"", ""qty"": ""0.316"", ""reduceOnly"": true}, {""side"": ""BUY"", ""price"": ""3999.55"", ""qty"": ""0.025"", ""reduceOnly"": false}, {""side"": ""BUY"", ""price"": ""3995.14"", ""qty"": ""0.025"", ""reduceOnly"": false}, {""side"": ""SELL"", ""price"": ""0"", ""qty"": ""0"", ""reduceOnly"": true}]","[{""price"": ""4015.97"", ""qty"": ""0.316"", ""clientOrderId"": ""TP_AUTO_TP_1759039044829""}, {""price"": ""0"", ""qty"": ""0"", ""clientOrderId"": ""x-Cb7ytekJ650489fcc2994a9a4feee1""}]",3847.80,v1,ETHUSDT
2025-09-28T05:58:42.870197+00:00,,4009.21,0.316,4003.958227849,0.0,"[{""side"": ""SELL"", ""price"": ""4015.97"", ""qty"": ""0.316"", ""reduceOnly"": true}, {""side"": ""BUY"", ""price"": ""3999.55"", ""qty"": ""0.025"", ""reduceOnly"": false}, {""side"": ""BUY"", ""price"": ""3995.14"", ""qty"": ""0.025"", ""reduceOnly"": false}, {""side"": ""SELL"", ""price"": ""0"", ""qty"": ""0"", ""reduceOnly"": true}]","[{""price"": ""4015.97"", ""qty"": ""0.316"", ""clientOrderId"": ""TP_AUTO_TP_1759039044829""}, {""price"": ""0"", ""qty"": ""0"", ""clientOrderId"": ""x-Cb7ytekJ650489fcc2994a9a4feee1""}]",3847.80,v1,ETHUSDT
2025-09-28T05:58:46.084885+00:00,,4009.23,0.316,4003.958227849,0.0,"[{""side"": ""BUY"", ""price"": ""3979.14"", ""qty"": ""0.025"", ""reduceOnly"": false}, {""side"": ""BUY"", ""price"": ""3999.19"", ""qty"": ""0.025"", ""reduceOnly"": false}, {""side"": ""SELL"", ""price"": ""4015.97"", ""qty"": ""0.316"", ""reduceOnly"": true}, {""side"": ""SELL"", ""price"": ""0"", ""qty"": ""0"", ""reduceOnly"": true}, {""side"": ""BUY"", ""price"": ""3989.16"", ""qty"": ""0.025"", ""reduceOnly"": false}]","[{""price"": ""4015.97"", ""qty"": ""0.316"", ""clientOrderId"": ""TP_AUTO_TP_1759039125169""}, {""price"": ""0"", ""qty"": ""0"", ""clientOrderId"": ""x-Cb7ytekJeee43da456af4b6324d02d""}]",3847.80,v1,ETHUSDT
2025-09-28T06:01:42.895327+00:00,"{'tipo': 'SOPORTE', 'precio': 200.0, 'volumen': 1623.8650000000002}",4009.37,0.316,4003.958227849,0.0,"[{""side"": ""BUY"", ""price"": ""3979.14"", ""qty"": ""0.025"", ""reduceOnly"": false}, {""side"": ""BUY"", ""price"": ""3999.19"", ""qty"": ""0.025"", ""reduceOnly"": false}, {""side"": ""SELL"", ""price"": ""4015.97"", ""qty"": ""0.316"", ""reduceOnly"": true}, {""side"": ""SELL"", ""price"": ""0"", ""qty"": ""0"", ""reduceOnly"": true}, {""side"": ""BUY"", ""price"": ""3989.16"", ""qty"": ""0.025"", ""reduceOnly"": false}]","[{""price"": ""4015.97"", ""qty"": ""0.316"", ""clientOrderId"": ""TP_AUTO_TP_1759039125169""}, {""price"": ""0"", ""qty"": ""0"", ""clientOrderId"": ""x-Cb7ytekJeee43da456af4b6324d02d""}]",3847.80,v1,ETHUSDT
2025-09-28T06:01:45.508661+00:00,"{'tipo': 'SOPORTE', 'precio': 200.0, 'volumen': 1623.8650000000002}",4009.38,0.316,4003.958227849,0.0,"[{""side"": ""SELL"", ""price"": ""0"", ""qty"": ""0"", ""reduceOnly"": true}, {""side"": ""SELL"", ""price"": ""4015.97"", ""qty"": ""0.316"", ""reduceOnly"": true}, {""side"": ""BUY"", ""price"": ""3996.14"", ""qty"": ""0.025"", ""reduceOnly"": false}]","[{""price"": ""0"", ""qty"": ""0"", ""clientOrderId"": ""x-Cb7ytekJbeb7d775af0be8602c73be""}, {""price"": ""4015.97"", ""qty"": ""0.316"", ""clientOrderId"": ""TP_AUTO_TP_1759039304602""}]",3847.80,v1,ETHUSDT
2025-09-28T06:04:42.899937+00:00,"{'tipo': 'SOPORTE', 'precio': 3000.0, 'volumen': 1706.9230000000002}",4012.39,0.316,4003.958227849,0.0,"[{""side"": ""SELL"", ""price"": ""0"", ""qty"": ""0"", ""reduceOnly"": true}, {""side"": ""SELL"", ""price"": ""4015.97"", ""qty"": ""0.316"", ""reduceOnly"": true}, {""side"": ""BUY"", ""price"": ""3996.14"", ""qty"": ""0.025"", ""reduceOnly"": false}]","[{""price"": ""0"", ""qty"": ""0"", ""clientOrderId"": ""x-Cb7ytekJbeb7d775af0be8602c73be""}, {""price"": ""4015.97"", ""qty"": ""0.316"", ""clientOrderId"": ""TP_AUTO_TP_1759039304602""}]",3847.80,v1,ETHUSDT
2025-09-28T06:04:45.525940+00:00,"{'tipo': 'SOPORTE', 'precio': 3000.0, 'volumen': 1706.9230000000002}",4012.4,0.316,4003.958227849,0.0,"[{""side"": ""BUY"", ""price"": ""3999.15"", ""qty"": ""0.025"", ""reduceOnly"": false}, {""side"": ""SELL"", ""price"": ""0"", ""qty"": ""0"", ""reduceOnly"": true}, {""side"": ""SELL"", ""price"": ""4015.97"", ""qty"": ""0.316"", ""reduceOnly"": true}]","[{""price"": ""0"", ""qty"": ""0"", ""clientOrderId"": ""x-Cb7ytekJ9f82a80335ba555074ac91""}, {""price"": ""4015.97"", ""qty"": ""0.316"", ""clientOrderId"": ""TP_AUTO_TP_1759039484614""}]",3847.80,v1,ETHUSDT
2025-09-28T06:07:42.975386+00:00,"{'tipo': 'SOPORTE', 'precio': 3993.56, 'volumen': 102.17099999999999}",4013.62,0.316,4003.958227849,0.0,"[{""side"": ""BUY"", ""price"": ""3999.15"", ""qty"": ""0.025"", ""reduceOnly"": false}, {""side"": ""SELL"", ""price"": ""0"", ""qty"": ""0"", ""reduceOnly"": true}, {""side"": ""SELL"", ""price"": ""4015.97"", ""qty"": ""0.316"", ""reduceOnly"": true}]","[{""price"": ""0"", ""qty"": ""0"", ""clientOrderId"": ""x-Cb7ytekJ9f82a80335ba555074ac91""}, {""price"": ""4015.97"", ""qty"": ""0.316"", ""clientOrderId"": ""TP_AUTO_TP_1759039484614""}]",3847.80,v1,ETHUSDT
2025-09-28T06:07:45.290778+00:00,DUMP,4013.18,0.316,4003.958227849,0.0,"[{""side"": ""SELL"", ""price"": ""4015.97"", ""qty"": ""0.316"", ""reduceOnly"": true}, {""side"": ""SELL"", ""price"": ""0"", ""qty"": ""0"", ""reduceOnly"": true}]","[{""price"": ""4015.97"", ""qty"": ""0.316"", ""clientOrderId"": ""TP_AUTO_TP_1759039664389""}, {""price"": ""0"", ""qty"": ""0"", ""clientOrderId"": ""x-Cb7ytekJc6143d4888e32a3f24cdfc""}]",3847.80,v1,ETHUSDT
2025-09-28T06:10:43.046844+00:00,"{'tipo': 'SOPORTE', 'precio': 200.0, 'volumen': 1551.24}",4011.15,0.316,4003.958227849,0.0,"[{""side"": ""SELL"", ""price"": ""4015.97"", ""qty"": ""0.316"", ""reduceOnly"": true}, {""side"": ""SELL"", ""price"": ""0"", ""qty"": ""0"", ""reduceOnly"": true}]","[{""price"": ""4015.97"", ""qty"": ""0.316"", ""clientOrderId"": ""TP_AUTO_TP_1759039664389""}, {""price"": ""0"", ""qty"": ""0"", ""clientOrderId"": ""x-Cb7ytekJc6143d4888e32a3f24cdfc""}]",3847.80,v1,ETHUSDT
2025-09-28T06:10:45.689436+00:00,"{'tipo': 'SOPORTE', 'precio': 200.0, 'volumen': 1551.24}",4011.15,0.316,4003.958227849,0.0,"[{""side"": ""BUY"", ""price"": ""3997.91"", ""qty"": ""0.025"", ""reduceOnly"": false}, {""side"": ""SELL"", ""price"": ""0"", ""qty"": ""0"", ""reduceOnly"": true}, {""side"": ""SELL"", ""price"": ""4015.97"", ""qty"": ""0.316"", ""reduceOnly"": true}]","[{""price"": ""0"", ""qty"": ""0"", ""clientOrderId"": ""x-Cb7ytekJ3310d6b5bb795393e86bc2""}, {""price"": ""4015.97"", ""qty"": ""0.316"", ""clientOrderId"": ""TP_AUTO_TP_1759039844777""}]",3847.80,v1,ETHUSDT
2025-09-28T06:13:43.089559+00:00,"{'tipo': 'SOPORTE', 'precio': 200.0, 'volumen': 126.719}",4010.0,0.316,4003.958227849,0.0,"[{""side"": ""BUY"", ""price"": ""3997.91"", ""qty"": ""0.025"", ""reduceOnly"": false}, {""side"": ""SELL"", ""price"": ""0"", ""qty"": ""0"", ""reduceOnly"": true}, {""side"": ""SELL"", ""price"": ""4015.97"", ""qty"": ""0.316"", ""reduceOnly"": true}]","[{""price"": ""0"", ""qty"": ""0"", ""clientOrderId"": ""x-Cb7ytekJ3310d6b5bb795393e86bc2""}, {""price"": ""4015.97"", ""qty"": ""0.316"", ""clientOrderId"": ""TP_AUTO_TP_1759039844777""}]",3847.80,v1,ETHUSDT
2025-09-28T06:13:45.735130+00:00,"{'tipo': 'SOPORTE', 'precio': 200.0, 'volumen': 126.719}",4010.0,0.316,4003.958227849,0.0,"[{""side"": ""SELL"", ""price"": ""4015.97"", ""qty"": ""0.316"", ""reduceOnly"": true}, {""side"": ""BUY"", ""price"": ""3996.77"", ""qty"": ""0.025"", ""reduceOnly"": false}, {""side"": ""SELL"", ""price"": ""0"", ""qty"": ""0"", ""reduceOnly"": true}]","[{""price"": ""4015.97"", ""qty"": ""0.316"", ""clientOrderId"": ""TP_AUTO_TP_1759040024821""}, {""price"": ""0"", ""qty"": ""0"", ""clientOrderId"": ""x-Cb7ytekJ971bec0c2170fd1c1f810c""}]",3847.80,v1,ETHUSDT
2025-09-28T06:16:43.174722+00:00,"{'tipo': 'SOPORTE', 'precio': 200.0, 'volumen': 1689.006}",4007.95,0.316,4003.958227849,0.0,"[{""side"": ""SELL"", ""price"": ""4015.97"", ""qty"": ""0.316"", ""reduceOnly"": true}, {""side"": ""BUY"", ""price"": ""3996.77"", ""qty"": ""0.025"", ""reduceOnly"": false}, {""side"": ""SELL"", ""price"": ""0"", ""qty"": ""0"", ""reduceOnly"": true}]","[{""price"": ""4015.97"", ""qty"": ""0.316"", ""clientOrderId"": ""TP_AUTO_TP_1759040024821""}, {""price"": ""0"", ""qty"": ""0"", ""clientOrderId"": ""x-Cb7ytekJ971bec0c2170fd1c1f810c""}]",3847.80,v1,ETHUSDT
2025-09-28T06:16:46.142351+00:00,"{'tipo': 'SOPORTE', 'precio': 200.0, 'volumen': 1689.006}",4007.94,0.316,4003.958227849,0.0,"[{""side"": ""SELL"", ""price"": ""0"", ""qty"": ""0"", ""reduceOnly"": true}, {""side"": ""BUY"", ""price"": ""3999.13"", ""qty"": ""0.025"", ""reduceOnly"": false}, {""side"": ""BUY"", ""price"": ""3994.72"", ""qty"": ""0.025"", ""reduceOnly"": false}, {""side"": ""SELL"", ""price"": ""4015.97"", ""qty"": ""0.316"", ""reduceOnly"": true}]","[{""price"": ""0"", ""qty"": ""0"", ""clientOrderId"": ""x-Cb7ytekJ2d5c5c288c252c18bb934c""}, {""price"": ""4015.97"", ""qty"": ""0.316"", ""clientOrderId"": ""TP_AUTO_TP_1759040205223""}]",3847.80,v1,ETHUSDT
2025-09-28T06:19:43.196423+00:00,"{'tipo': 'SOPORTE', 'precio': 3000.0, 'volumen': 1565.092}",4009.5,0.316,4003.958227849,0.0,"[{""side"": ""SELL"", ""price"": ""0"", ""qty"": ""0"", ""reduceOnly"": true}, {""side"": ""BUY"", ""price"": ""3999.13"", ""qty"": ""0.025"", ""reduceOnly"": false}, {""side"": ""BUY"", ""price"": ""3994.72"", ""qty"": ""0.025"", ""reduceOnly"": false}, {""side"": ""SELL"", ""price"": ""4015.97"", ""qty"": ""0.316"", ""reduceOnly"": true}]","[{""price"": ""0"", ""qty"": ""0"", ""clientOrderId"": ""x-Cb7ytekJ2d5c5c288c252c18bb934c""}, {""price"": ""4015.97"", ""qty"": ""0.316"", ""clientOrderId"": ""TP_AUTO_TP_1759040205223""}]",3847.80,v1,ETHUSDT
2025-09-28T06:19:45.834201+00:00,"{'tipo': 'SOPORTE', 'precio': 3000.0, 'volumen': 1565.092}",4009.5,0.316,4003.958227849,0.0,"[{""side"": ""SELL"", ""price"": ""4015.97"", ""qty"": ""0.316"", ""reduceOnly"": true}, {""side"": ""BUY"", ""price"": ""3996.27"", ""qty"": ""0.025"", ""reduceOnly"": false}, {""side"": ""SELL"", ""price"": ""0"", ""qty"": ""0"", ""reduceOnly"": true}]","[{""price"": ""4015.97"", ""qty"": ""0.316"", ""clientOrderId"": ""TP_AUTO_TP_1759040384903""}, {""price"": ""0"", ""qty"": ""0"", ""clientOrderId"": ""x-Cb7ytekJ9b9da9220cffe44a0b9397""}]",3847.80,v1,ETHUSDT
2025-09-28T06:22:43.249255+00:00,DUMP,4012.35,0.316,4003.958227849,0.0,"[{""side"": ""SELL"", ""price"": ""4015.97"", ""qty"": ""0.316"", ""reduceOnly"": true}, {""side"": ""BUY"", ""price"": ""3996.27"", ""qty"": ""0.025"", ""reduceOnly"": false}, {""side"": ""SELL"", ""price"": ""0"", ""qty"": ""0"", ""reduceOnly"": true}]","[{""price"": ""4015.97"", ""qty"": ""0.316"", ""clientOrderId"": ""TP_AUTO_TP_1759040384903""}, {""price"": ""0"", ""qty"": ""0"", ""clientOrderId"": ""x-Cb7ytekJ9b9da9220cffe44a0b9397""}]",3847.80,v1,ETHUSDT
2025-09-28T06:22:46.760000+00:00,DUMP,4012.35,0.316,4003.958227849,0.0,"[{""side"": ""BUY"", ""price"": ""3981.05"", ""qty"": ""0.025"", ""reduceOnly"": false}, {""side"": ""BUY"", ""price"": ""3965.41"", ""qty"": ""0.025"", ""reduceOnly"": false}, {""side"": ""BUY"", ""price"": ""3949.76"", ""qty"": ""0.025"", ""reduceOnly"": false}, {""side"": ""SELL"", ""price"": ""0"", ""qty"": ""0"", ""reduceOnly"": true}, {""side"": ""SELL"", ""price"": ""4015.97"", ""qty"": ""0.316"", ""reduceOnly"": true}, {""side"": ""BUY"", ""price"": ""3996.70"", ""qty"": ""0.025"", ""reduceOnly"": false}]","[{""price"": ""0"", ""qty"": ""0"", ""clientOrderId"": ""x-Cb7ytekJ33e94971db5614cf710dd1""}, {""price"": ""4015.97"", ""qty"": ""0.316"", ""clientOrderId"": ""TP_AUTO_TP_1759040565857""}]",3847.80,v1,ETHUSDT
2025-09-28T06:25:43.287965+00:00,DUMP,4007.7,0.316,4003.958227849,0.0,"[{""side"": ""BUY"", ""price"": ""3981.05"", ""qty"": ""0.025"", ""reduceOnly"": false}, {""side"": ""BUY"", ""price"": ""3965.41"", ""qty"": ""0.025"", ""reduceOnly"": false}, {""side"": ""BUY"", ""price"": ""3949.76"", ""qty"": ""0.025"", ""reduceOnly"": false}, {""side"": ""SELL"", ""price"": ""0"", ""qty"": ""0"", ""reduceOnly"": true}, {""side"": ""SELL"", ""price"": ""4015.97"", ""qty"": ""0.316"", ""reduceOnly"": true}, {""side"": ""BUY"", ""price"": ""3996.70"", ""qty"": ""0.025"", ""reduceOnly"": false}]","[{""price"": ""0"", ""qty"": ""0"", ""clientOrderId"": ""x-Cb7ytekJ33e94971db5614cf710dd1""}, {""price"": ""4015.97"", ""qty"": ""0.316"", ""clientOrderId"": ""TP_AUTO_TP_1759040565857""}]",3847.80,v1,ETHUSDT
2025-09-28T06:25:46.514370+00:00,DUMP,4007.67,0.316,4003.958227849,0.0,"[{""side"": ""BUY"", ""price"": ""3992.07"", ""qty"": ""0.025"", ""reduceOnly"": false}, {""side"": ""SELL"", ""price"": ""4015.97"", ""qty"": ""0.316"", ""reduceOnly"": true}, {""side"": ""SELL"", ""price"": ""0"", ""qty"": ""0"", ""reduceOnly"": true}, {""side"": ""BUY"", ""price"": ""3960.81"", ""qty"": ""0.025"", ""reduceOnly"": false}, {""side"": ""BUY"", ""price"": ""3976.44"", ""qty"": ""0.025"", ""reduceOnly"": false}]","[{""price"": ""4015.97"", ""qty"": ""0.316"", ""clientOrderId"": ""TP_AUTO_TP_1759040745591""}, {""price"": ""0"", ""qty"": ""0"", ""clientOrderId"": ""x-Cb7ytekJ3eac19631db8b794e3947a""}]",3847.80,v1,ETHUSDT
2025-09-28T06:28:43.323685+00:00,"{'tipo': 'SOPORTE', 'precio': 3601.79, 'volumen': 1103.423}",4002.0,0.316,4003.958227849,0.0,"[{""side"": ""BUY"", ""price"": ""3992.07"", ""qty"": ""0.025"", ""reduceOnly"": false}, {""side"": ""SELL"", ""price"": ""4015.97"", ""qty"": ""0.316"", ""reduceOnly"": true}, {""side"": ""SELL"", ""price"": ""0"", ""qty"": ""0"", ""reduceOnly"": true}, {""side"": ""BUY"", ""price"": ""3960.81"", ""qty"": ""0.025"", ""reduceOnly"": false}, {""side"": ""BUY"", ""price"": ""3976.44"", ""qty"": ""0.025"", ""reduceOnly"": false}]","[{""price"": ""4015.97"", ""qty"": ""0.316"", ""clientOrderId"": ""TP_AUTO_TP_1759040745591""}, {""price"": ""0"", ""qty"": ""0"", ""clientOrderId"": ""x-Cb7ytekJ3eac19631db8b794e3947a""}]",3847.80,v1,ETHUSDT
2025-09-28T06:28:46.560392+00:00,DUMP,4002.6,0.316,4003.958227849,0.0,"[{""side"": ""SELL"", ""price"": ""0"", ""qty"": ""0"", ""reduceOnly"": true}, {""side"": ""BUY"", ""price"": ""3988.79"", ""qty"": ""0.025"", ""reduceOnly"": false}, {""side"": ""SELL"", ""price"": ""4015.97"", ""qty"": ""0.316"", ""reduceOnly"": true}, {""side"": ""BUY"", ""price"": ""3993.20"", ""qty"": ""0.025"", ""reduceOnly"": false}, {""side"": ""BUY"", ""price"": ""3997.60"", ""qty"": ""0.025"", ""reduceOnly"": false}]","[{""price"": ""0"", ""qty"": ""0"", ""clientOrderId"": ""x-Cb7ytekJc47aa5e401d3f4274a5771""}, {""price"": ""4015.97"", ""qty"": ""0.316"", ""clientOrderId"": ""TP_AUTO_TP_1759040925639""}]",3847.80,v1,ETHUSDT
2025-09-28T06:29:29.177278+00:00,"{'tipo': 'SOPORTE', 'precio': 200.0, 'volumen': 1567.5469999999998}",3997.9,0.341,4003.4920821122696,0.01998799,"[{""side"": ""SELL"", ""price"": ""0"", ""qty"": ""0"", ""reduceOnly"": true}, {""side"": ""BUY"", ""price"": ""3988.79"", ""qty"": ""0.025"", ""reduceOnly"": false}, {""side"": ""SELL"", ""price"": ""4015.97"", ""qty"": ""0.316"", ""reduceOnly"": true}, {""side"": ""BUY"", ""price"": ""3993.20"", ""qty"": ""0.025"", ""reduceOnly"": false}, {""side"": ""SELL"", ""price"": ""0"", ""qty"": ""0"", ""reduceOnly"": true}]","[{""price"": ""0"", ""qty"": ""0"", ""clientOrderId"": ""x-Cb7ytekJc47aa5e401d3f4274a5771""}, {""price"": ""4015.97"", ""qty"": ""0.316"", ""clientOrderId"": ""TP_AUTO_TP_1759040925639""}, {""price"": ""0"", ""qty"": ""0"", ""clientOrderId"": ""x-Cb7ytekJ6ed0b17d9a5de449aea200""}]",3847.80,v1,ETHUSDT
2025-09-28T06:31:43.377453+00:00,"{'tipo': 'SOPORTE', 'precio': 3000.0, 'volumen': 1650.507}",3996.33,0.341,4003.4920821122696,0.01998799,"[{""side"": ""SELL"", ""price"": ""0"", ""qty"": ""0"", ""reduceOnly"": true}, {""side"": ""BUY"", ""price"": ""3988.79"", ""qty"": ""0.025"", ""reduceOnly"": false}, {""side"": ""SELL"", ""price"": ""4015.97"", ""qty"": ""0.316"", ""reduceOnly"": true}, {""side"": ""BUY"", ""price"": ""3993.20"", ""qty"": ""0.025"", ""reduceOnly"": false}, {""side"": ""SELL"", ""price"": ""0"", ""qty"": ""0"", ""reduceOnly"": true}]","[{""price"": ""0"", ""qty"": ""0"", ""clientOrderId"": ""x-Cb7ytekJc47aa5e401d3f4274a5771""}, {""price"": ""4015.97"", ""qty"": ""0.316"", ""clientOrderId"": ""TP_AUTO_TP_1759040925639""}, {""price"": ""0"", ""qty"": ""0"", ""clientOrderId"": ""x-Cb7ytekJ6ed0b17d9a5de449aea200""}]",3847.80,v1,ETHUSDT
2025-09-28T06:31:46.613246+00:00,"{'tipo': 'SOPORTE', 'precio': 3000.0, 'volumen': 1650.507}",3995.81,0.341,4003.4920821122696,0.01998799,"[{""side"": ""BUY"", ""price"": ""3991.93"", ""qty"": ""0.025"", ""reduceOnly"": false}, {""side"": ""SELL"", ""price"": ""0"", ""qty"": ""0"", ""reduceOnly"": true}, {""side"": ""SELL"", ""price"": ""4015.50"", ""qty"": ""0.341"", ""reduceOnly"": true}, {""side"": ""BUY"", ""price"": ""3987.54"", ""qty"": ""0.025"", ""reduceOnly"": false}, {""side"": ""BUY"", ""price"": ""3983.14"", ""qty"": ""0.025"", ""reduceOnly"": false}]","[{""price"": ""0"", ""qty"": ""0"", ""clientOrderId"": ""x-Cb7ytekJ36d5b4a0fdcfdbce3fbf48""}, {""price"": ""4015.50"", ""qty"": ""0.341"", ""clientOrderId"": ""TP_AUTO_TP_1759041105702""}]",3847.36,v1,ETHUSDT
2025-09-28T06:34:43.418653+00:00,DUMP,3997.87,0.341,4003.4920821122696,0.01998799,"[{""side"": ""BUY"", ""price"": ""3991.93"", ""qty"": ""0.025"", ""reduceOnly"": false}, {""side"": ""SELL"", ""price"": ""0"", ""qty"": ""0"", ""reduceOnly"": true}, {""side"": ""SELL"", ""price"": ""4015.50"", ""qty"": ""0.341"", ""reduceOnly"": true}, {""side"": ""BUY"", ""price"": ""3987.54"", ""qty"": ""0.025"", ""reduceOnly"": false}, {""side"": ""BUY"", ""price"": ""3983.14"", ""qty"": ""0.025"", ""reduceOnly"": false}]","[{""price"": ""0"", ""qty"": ""0"", ""clientOrderId"": ""x-Cb7ytekJ36d5b4a0fdcfdbce3fbf48""}, {""price"": ""4015.50"", ""qty"": ""0.341"", ""clientOrderId"": ""TP_AUTO_TP_1759041105702""}]",3847.36,v1,ETHUSDT
2025-09-28T06:34:46.637338+00:00,DUMP,3997.87,0.341,4003.4920821122696,0.01998799,"[{""side"": ""BUY"", ""price"": ""3966.69"", ""qty"": ""0.025"", ""reduceOnly"": false}, {""side"": ""SELL"", ""price"": ""0"", ""qty"": ""0"", ""reduceOnly"": true}, {""side"": ""SELL"", ""price"": ""4015.50"", ""qty"": ""0.341"", ""reduceOnly"": true}, {""side"": ""BUY"", ""price"": ""3951.09"", ""qty"": ""0.025"", ""reduceOnly"": false}, {""side"": ""BUY"", ""price"": ""3982.28"", ""qty"": ""0.025"", ""reduceOnly"": false}]","[{""price"": ""0"", ""qty"": ""0"", ""clientOrderId"": ""x-Cb7ytekJd89620c40639d51ca1df65""}, {""price"": ""4015.50"", ""qty"": ""0.341"", ""clientOrderId"": ""TP_AUTO_TP_1759041285728""}]",3847.36,v1,ETHUSDT
2025-09-28T06:37:43.453512+00:00,"{'tipo': 'SOPORTE', 'precio': 200.0, 'volumen': 1583.088}",3998.07,0.341,4003.4920821122696,0.01998799,"[{""side"": ""BUY"", ""price"": ""3966.69"", ""qty"": ""0.025"", ""reduceOnly"": false}, {""side"": ""SELL"", ""price"": ""0"", ""qty"": ""0"", ""reduceOnly"": true}, {""side"": ""SELL"", ""price"": ""4015.50"", ""qty"": ""0.341"", ""reduceOnly"": true}, {""side"": ""BUY"", ""price"": ""3951.09"", ""qty"": ""0.025"", ""reduceOnly"": false}, {""side"": ""BUY"", ""price"": ""3982.28"", ""qty"": ""0.025"", ""reduceOnly"": false}]","[{""price"": ""0"", ""qty"": ""0"", ""clientOrderId"": ""x-Cb7ytekJd89620c40639d51ca1df65""}, {""price"": ""4015.50"", ""qty"": ""0.341"", ""clientOrderId"": ""TP_AUTO_TP_1759041285728""}]",3847.36,v1,ETHUSDT
2025-09-28T06:37:46.786339+00:00,"{'tipo': 'SOPORTE', 'precio': 200.0, 'volumen': 1583.088}",3998.43,0.341,4003.4920821122696,0.01998799,"[{""side"": ""BUY"", ""price"": ""3984.88"", ""qty"": ""0.025"", ""reduceOnly"": false}, {""side"": ""SELL"", ""price"": ""0"", ""qty"": ""0"", ""reduceOnly"": true}, {""side"": ""BUY"", ""price"": ""3989.27"", ""qty"": ""0.025"", ""reduceOnly"": false}, {""side"": ""SELL"", ""price"": ""4015.50"", ""qty"": ""0.341"", ""reduceOnly"": true}, {""side"": ""BUY"", ""price"": ""3993.67"", ""qty"": ""0.025"", ""reduceOnly"": false}]","[{""price"": ""0"", ""qty"": ""0"", ""clientOrderId"": ""x-Cb7ytekJf3eb48ef679a548ef0caf3""}, {""price"": ""4015.50"", ""qty"": ""0.341"", ""clientOrderId"": ""TP_AUTO_TP_1759041465869""}]",3847.36,v1,ETHUSDT
2025-09-28T06:40:43.515420+00:00,"{'tipo': 'SOPORTE', 'precio': 200.0, 'volumen': 717.832}",4006.0,0.341,4003.4920821122696,0.01998799,"[{""side"": ""BUY"", ""price"": ""3984.88"", ""qty"": ""0.025"", ""reduceOnly"": false}, {""side"": ""SELL"", ""price"": ""0"", ""qty"": ""0"", ""reduceOnly"": true}, {""side"": ""BUY"", ""price"": ""3989.27"", ""qty"": ""0.025"", ""reduceOnly"": false}, {""side"": ""SELL"", ""price"": ""4015.50"", ""qty"": ""0.341"", ""reduceOnly"": true}, {""side"": ""BUY"", ""price"": ""3993.67"", ""qty"": ""0.025"", ""reduceOnly"": false}]","[{""price"": ""0"", ""qty"": ""0"", ""clientOrderId"": ""x-Cb7ytekJf3eb48ef679a548ef0caf3""}, {""price"": ""4015.50"", ""qty"": ""0.341"", ""clientOrderId"": ""TP_AUTO_TP_1759041465869""}]",3847.36,v1,ETHUSDT
2025-09-28T06:40:46.446058+00:00,DUMP,4007.77,0.341,4003.4920821122696,0.01998799,"[{""side"": ""BUY"", ""price"": ""3992.78"", ""qty"": ""0.025"", ""reduceOnly"": false}, {""side"": ""BUY"", ""price"": ""3997.19"", ""qty"": ""0.025"", ""reduceOnly"": false}, {""side"": ""SELL"", ""price"": ""0"", ""qty"": ""0"", ""reduceOnly"": true}, {""side"": ""SELL"", ""price"": ""4015.50"", ""qty"": ""0.341"", ""reduceOnly"": true}]","[{""price"": ""0"", ""qty"": ""0"", ""clientOrderId"": ""x-Cb7ytekJf6cf44f5caa70e073483c0""}, {""price"": ""4015.50"", ""qty"": ""0.341"", ""clientOrderId"": ""TP_AUTO_TP_1759041645530""}]",3847.36,v1,ETHUSDT
2025-09-28T06:43:43.540994+00:00,"{'tipo': 'SOPORTE', 'precio': 3919.99, 'volumen': 1135.477}",3999.99,0.341,4003.4920821122696,0.01998799,"[{""side"": ""BUY"", ""price"": ""3992.78"", ""qty"": ""0.025"", ""reduceOnly"": false}, {""side"": ""BUY"", ""price"": ""3997.19"", ""qty"": ""0.025"", ""reduceOnly"": false}, {""side"": ""SELL"", ""price"": ""0"", ""qty"": ""0"", ""reduceOnly"": true}, {""side"": ""SELL"", ""price"": ""4015.50"", ""qty"": ""0.341"", ""reduceOnly"": true}]","[{""price"": ""0"", ""qty"": ""0"", ""clientOrderId"": ""x-Cb7ytekJf6cf44f5caa70e073483c0""}, {""price"": ""4015.50"", ""qty"": ""0.341"", ""clientOrderId"": ""TP_AUTO_TP_1759041645530""}]",3847.36,v1,ETHUSDT
2025-09-28T06:43:46.770700+00:00,"{'tipo': 'SOPORTE', 'precio': 3919.99, 'volumen': 1135.477}",4000.0,0.341,4003.4920821122696,0.01998799,"[{""side"": ""BUY"", ""price"": ""3991.19"", ""qty"": ""0.025"", ""reduceOnly"": false}, {""side"": ""SELL"", ""price"": ""0"", ""qty"": ""0"", ""reduceOnly"": true}, {""side"": ""BUY"", ""price"": ""3986.79"", ""qty"": ""0.025"", ""reduceOnly"": false}, {""side"": ""SELL"", ""price"": ""4015.50"", ""qty"": ""0.341"", ""reduceOnly"": true}, {""side"": ""BUY"", ""price"": ""3995.59"", ""qty"": ""0.025"", ""reduceOnly"": false}]","[{""price"": ""0"", ""qty"": ""0"", ""clientOrderId"": ""x-Cb7ytekJ2a386068e22398c5f6e18e""}, {""price"": ""4015.50"", ""qty"": ""0.341"", ""clientOrderId"": ""TP_AUTO_TP_1759041825857""}]",3847.36,v1,ETHUSDT
2025-09-28T06:46:43.622410+00:00,DUMP,4000.8,0.341,4003.4920821122696,0.01998799,"[{""side"": ""BUY"", ""price"": ""3991.19"", ""qty"": ""0.025"", ""reduceOnly"": false}, {""side"": ""SELL"", ""price"": ""0"", ""qty"": ""0"", ""reduceOnly"": true}, {""side"": ""BUY"", ""price"": ""3986.79"", ""qty"": ""0.025"", ""reduceOnly"": false}, {""side"": ""SELL"", ""price"": ""4015.50"", ""qty"": ""0.341"", ""reduceOnly"": true}, {""side"": ""BUY"", ""price"": ""3995.59"", ""qty"": ""0.025"", ""reduceOnly"": false}]","[{""price"": ""0"", ""qty"": ""0"", ""clientOrderId"": ""x-Cb7ytekJ2a386068e22398c5f6e18e""}, {""price"": ""4015.50"", ""qty"": ""0.341"", ""clientOrderId"": ""TP_AUTO_TP_1759041825857""}]",3847.36,v1,ETHUSDT
2025-09-28T06:46:46.852116+00:00,DUMP,4000.8,0.341,4003.4920821122696,0.01998799,"[{""side"": ""SELL"", ""price"": ""0"", ""qty"": ""0"", ""reduceOnly"": true}, {""side"": ""BUY"", ""price"": ""3985.20"", ""qty"": ""0.025"", ""reduceOnly"": false}, {""side"": ""SELL"", ""price"": ""4015.50"", ""qty"": ""0.341"", ""reduceOnly"": true}, {""side"": ""BUY"", ""price"": ""3969.59"", ""qty"": ""0.025"", ""reduceOnly"": false}, {""side"": ""BUY"", ""price"": ""3953.99"", ""qty"": ""0.025"", ""reduceOnly"": false}]","[{""price"": ""0"", ""qty"": ""0"", ""clientOrderId"": ""x-Cb7ytekJ5bea22e112c2b5e52ab2bd""}, {""price"": ""4015.50"", ""qty"": ""0.341"", ""clientOrderId"": ""TP_AUTO_TP_1759042005948""}]",3847.36,v1,ETHUSDT
2025-09-28T06:49:43.649396+00:00,"{'tipo': 'SOPORTE', 'precio': 3000.0, 'volumen': 1618.4789999999998}",3998.92,0.341,4003.4920821122696,0.01998799,"[{""side"": ""SELL"", ""price"": ""0"", ""qty"": ""0"", ""reduceOnly"": true}, {""side"": ""BUY"", ""price"": ""3985.20"", ""qty"": ""0.025"", ""reduceOnly"": false}, {""side"": ""SELL"", ""price"": ""4015.50"", ""qty"": ""0.341"", ""reduceOnly"": true}, {""side"": ""BUY"", ""price"": ""3969.59"", ""qty"": ""0.025"", ""reduceOnly"": false}, {""side"": ""BUY"", ""price"": ""3953.99"", ""qty"": ""0.025"", ""reduceOnly"": false}]","[{""price"": ""0"", ""qty"": ""0"", ""clientOrderId"": ""x-Cb7ytekJ5bea22e112c2b5e52ab2bd""}, {""price"": ""4015.50"", ""qty"": ""0.341"", ""clientOrderId"": ""TP_AUTO_TP_1759042005948""}]",3847.36,v1,ETHUSDT
2025-09-28T06:49:46.861064+00:00,"{'tipo': 'SOPORTE', 'precio': 3000.0, 'volumen': 1618.4789999999998}",3998.92,0.341,4003.4920821122696,0.01998799,"[{""side"": ""BUY"", ""price"": ""3994.52"", ""qty"": ""0.025"", ""reduceOnly"": false}, {""side"": ""SELL"", ""price"": ""0"", ""qty"": ""0"", ""reduceOnly"": true}, {""side"": ""BUY"", ""price"": ""3985.72"", ""qty"": ""0.025"", ""reduceOnly"": false}, {""side"": ""BUY"", ""price"": ""3990.12"", ""qty"": ""0.025"", ""reduceOnly"": false}, {""side"": ""SELL"", ""price"": ""4015.50"", ""qty"": ""0.341"", ""reduceOnly"": true}]","[{""price"": ""0"", ""qty"": ""0"", ""clientOrderId"": ""x-Cb7ytekJ43024657a5203badc76d22""}, {""price"": ""4015.50"", ""qty"": ""0.341"", ""clientOrderId"": ""TP_AUTO_TP_1759042185951""}]",3847.36,v1,ETHUSDT
2025-09-28T06:52:43.678534+00:00,"{'tipo': 'SOPORTE', 'precio': 3000.0, 'volumen': 1699.8819999999998}",3999.77,0.341,4003.4920821122696,0.01998799,"[{""side"": ""BUY"", ""price"": ""3994.52"", ""qty"": ""0.025"", ""reduceOnly"": false}, {""side"": ""SELL"", ""price"": ""0"", ""qty"": ""0"", ""reduceOnly"": true}, {""side"": ""BUY"", ""price"": ""3985.72"", ""qty"": ""0.025"", ""reduceOnly"": false}, {""side"": ""BUY"", ""price"": ""3990.12"", ""qty"": ""0.025"", ""reduceOnly"": false}, {""side"": ""SELL"", ""price"": ""4015.50"", ""qty"": ""0.341"", ""reduceOnly"": true}]","[{""price"": ""0"", ""qty"": ""0"", ""clientOrderId"": ""x-Cb7ytekJ43024657a5203badc76d22""}, {""price"": ""4015.50"", ""qty"": ""0.341"", ""clientOrderId"": ""TP_AUTO_TP_1759042185951""}]",3847.36,v1,ETHUSDT
2025-09-28T06:52:46.895180+00:00,"{'tipo': 'SOPORTE', 'precio': 3000.0, 'volumen': 1699.8819999999998}",3999.78,0.341,4003.4920821122696,0.01998799,"[{""side"": ""BUY"", ""price"": ""3990.97"", ""qty"": ""0.025"", ""reduceOnly"": false}, {""side"": ""SELL"", ""price"": ""0"", ""qty"": ""0"", ""reduceOnly"": true}, {""side"": ""BUY"", ""price"": ""3986.57"", ""qty"": ""0.025"", ""reduceOnly"": false}, {""side"": ""SELL"", ""price"": ""4015.50"", ""qty"": ""0.341"", ""reduceOnly"": true}, {""side"": ""BUY"", ""price"": ""3995.37"", ""qty"": ""0.025"", ""reduceOnly"": false}]","[{""price"": ""0"", ""qty"": ""0"", ""clientOrderId"": ""x-Cb7ytekJe326d2bfd508942bef8771""}, {""price"": ""4015.50"", ""qty"": ""0.341"", ""clientOrderId"": ""TP_AUTO_TP_1759042365988""}]",3847.36,v1,ETHUSDT
2025-09-28T06:55:43.715178+00:00,"{'tipo': 'SOPORTE', 'precio': 200.0, 'volumen': 1640.546}",4002.0,0.341,4003.4920821122696,0.01998799,"[{""side"": ""BUY"", ""price"": ""3990.97"", ""qty"": ""0.025"", ""reduceOnly"": false}, {""side"": ""SELL"", ""price"": ""0"", ""qty"": ""0"", ""reduceOnly"": true}, {""side"": ""BUY"", ""price"": ""3986.57"", ""qty"": ""0.025"", ""reduceOnly"": false}, {""side"": ""SELL"", ""price"": ""4015.50"", ""qty"": ""0.341"", ""reduceOnly"": true}, {""side"": ""BUY"", ""price"": ""3995.37"", ""qty"": ""0.025"", ""reduceOnly"": false}]","[{""price"": ""0"", ""qty"": ""0"", ""clientOrderId"": ""x-Cb7ytekJe326d2bfd508942bef8771""}, {""price"": ""4015.50"", ""qty"": ""0.341"", ""clientOrderId"": ""TP_AUTO_TP_1759042365988""}]",3847.36,v1,ETHUSDT
2025-09-28T06:55:46.932858+00:00,"{'tipo': 'SOPORTE', 'precio': 200.0, 'volumen': 1640.546}",4002.0,0.341,4003.4920821122696,0.01998799,"[{""side"": ""SELL"", ""price"": ""0"", ""qty"": ""0"", ""reduceOnly"": true}, {""side"": ""SELL"", ""price"": ""4015.50"", ""qty"": ""0.341"", ""reduceOnly"": true}, {""side"": ""BUY"", ""price"": ""3993.20"", ""qty"": ""0.025"", ""reduceOnly"": false}, {""side"": ""BUY"", ""price"": ""3997.60"", ""qty"": ""0.025"", ""reduceOnly"": false}, {""side"": ""BUY"", ""price"": ""3988.79"", ""qty"": ""0.025"", ""reduceOnly"": false}]","[{""price"": ""0"", ""qty"": ""0"", ""clientOrderId"": ""x-Cb7ytekJb2da2cf0ee2582af940e86""}, {""price"": ""4015.50"", ""qty"": ""0.341"", ""clientOrderId"": ""TP_AUTO_TP_1759042546021""}]",3847.36,v1,ETHUSDT
2025-09-28T06:58:43.764314+00:00,"{'tipo': 'SOPORTE', 'precio': 3000.0, 'volumen': 1567.2040000000002}",4002.24,0.341,4003.4920821122696,0.01998799,"[{""side"": ""SELL"", ""price"": ""0"", ""qty"": ""0"", ""reduceOnly"": true}, {""side"": ""SELL"", ""price"": ""4015.50"", ""qty"": ""0.341"", ""reduceOnly"": true}, {""side"": ""BUY"", ""price"": ""3993.20"", ""qty"": ""0.025"", ""reduceOnly"": false}, {""side"": ""BUY"", ""price"": ""3997.60"", ""qty"": ""0.025"", ""reduceOnly"": false}, {""side"": ""BUY"", ""price"": ""3988.79"", ""qty"": ""0.025"", ""reduceOnly"": false}]","[{""price"": ""0"", ""qty"": ""0"", ""clientOrderId"": ""x-Cb7ytekJb2da2cf0ee2582af940e86""}, {""price"": ""4015.50"", ""qty"": ""0.341"", ""clientOrderId"": ""TP_AUTO_TP_1759042546021""}]",3847.36,v1,ETHUSDT
2025-09-28T06:58:46.991974+00:00,"{'tipo': 'SOPORTE', 'precio': 3000.0, 'volumen': 1567.2040000000002}",4002.24,0.341,4003.4920821122696,0.01998799,"[{""side"": ""BUY"", ""price"": ""3989.03"", ""qty"": ""0.025"", ""reduceOnly"": false}, {""side"": ""SELL"", ""price"": ""4015.50"", ""qty"": ""0.341"", ""reduceOnly"": true}, {""side"": ""SELL"", ""price"": ""0"", ""qty"": ""0"", ""reduceOnly"": true}, {""side"": ""BUY"", ""price"": ""3993.44"", ""qty"": ""0.025"", ""reduceOnly"": false}, {""side"": ""BUY"", ""price"": ""3997.84"", ""qty"": ""0.025"", ""reduceOnly"": false}]","[{""price"": ""4015.50"", ""qty"": ""0.341"", ""clientOrderId"": ""TP_AUTO_TP_1759042726087""}, {""price"": ""0"", ""qty"": ""0"", ""clientOrderId"": ""x-Cb7ytekJ6c581c311de0c7ab878235""}]",3847.36,v1,ETHUSDT
2025-09-28T07:01:43.771750+00:00,"{'tipo': 'SOPORTE', 'precio': 200.0, 'volumen': 1674.782}",4005.56,0.341,4003.4920821122696,0.01998799,"[{""side"": ""BUY"", ""price"": ""3989.03"", ""qty"": ""0.025"", ""reduceOnly"": false}, {""side"": ""SELL"", ""price"": ""4015.50"", ""qty"": ""0.341"", ""reduceOnly"": true}, {""side"": ""SELL"", ""price"": ""0"", ""qty"": ""0"", ""reduceOnly"": true}, {""side"": ""BUY"", ""price"": ""3993.44"", ""qty"": ""0.025"", ""reduceOnly"": false}, {""side"": ""BUY"", ""price"": ""3997.84"", ""qty"": ""0.025"", ""reduceOnly"": false}]","[{""price"": ""4015.50"", ""qty"": ""0.341"", ""clientOrderId"": ""TP_AUTO_TP_1759042726087""}, {""price"": ""0"", ""qty"": ""0"", ""clientOrderId"": ""x-Cb7ytekJ6c581c311de0c7ab878235""}]",3847.36,v1,ETHUSDT
2025-09-28T07:01:46.698050+00:00,"{'tipo': 'SOPORTE', 'precio': 200.0, 'volumen': 1674.782}",4005.55,0.341,4003.4920821122696,0.01998799,"[{""side"": ""SELL"", ""price"": ""4015.50"", ""qty"": ""0.341"", ""reduceOnly"": true}, {""side"": ""BUY"", ""price"": ""3992.34"", ""qty"": ""0.025"", ""reduceOnly"": false}, {""side"": ""SELL"", ""price"": ""0"", ""qty"": ""0"", ""reduceOnly"": true}, {""side"": ""BUY"", ""price"": ""3996.75"", ""qty"": ""0.025"", ""reduceOnly"": false}]","[{""price"": ""4015.50"", ""qty"": ""0.341"", ""clientOrderId"": ""TP_AUTO_TP_1759042905782""}, {""price"": ""0"", ""qty"": ""0"", ""clientOrderId"": ""x-Cb7ytekJ19d1306b1b9638cbab34e8""}]",3847.36,v1,ETHUSDT
2025-09-28T07:04:43.800763+00:00,"{'tipo': 'SOPORTE', 'precio': 3000.0, 'volumen': 1562.021}",4004.28,0.341,4003.4920821122696,0.01998799,"[{""side"": ""SELL"", ""price"": ""4015.50"", ""qty"": ""0.341"", ""reduceOnly"": true}, {""side"": ""BUY"", ""price"": ""3992.34"", ""qty"": ""0.025"", ""reduceOnly"": false}, {""side"": ""SELL"", ""price"": ""0"", ""qty"": ""0"", ""reduceOnly"": true}, {""side"": ""BUY"", ""price"": ""3996.75"", ""qty"": ""0.025"", ""reduceOnly"": false}]","[{""price"": ""4015.50"", ""qty"": ""0.341"", ""clientOrderId"": ""TP_AUTO_TP_1759042905782""}, {""price"": ""0"", ""qty"": ""0"", ""clientOrderId"": ""x-Cb7ytekJ19d1306b1b9638cbab34e8""}]",3847.36,v1,ETHUSDT
2025-09-28T07:04:46.707618+00:00,"{'tipo': 'SOPORTE', 'precio': 3000.0, 'volumen': 1562.021}",4004.29,0.341,4003.4920821122696,0.01998799,"[{""side"": ""SELL"", ""price"": ""4015.50"", ""qty"": ""0.341"", ""reduceOnly"": true}, {""side"": ""SELL"", ""price"": ""0"", ""qty"": ""0"", ""reduceOnly"": true}, {""side"": ""BUY"", ""price"": ""3995.47"", ""qty"": ""0.025"", ""reduceOnly"": false}, {""side"": ""BUY"", ""price"": ""3991.07"", ""qty"": ""0.025"", ""reduceOnly"": false}]","[{""price"": ""4015.50"", ""qty"": ""0.341"", ""clientOrderId"": ""TP_AUTO_TP_1759043085802""}, {""price"": ""0"", ""qty"": ""0"", ""clientOrderId"": ""x-Cb7ytekJ5c6badd61e7dfb14457fd6""}]",3847.36,v1,ETHUSDT
2025-09-28T07:07:43.879233+00:00,DUMP,4002.01,0.341,4003.4920821122696,0.01998799,"[{""side"": ""SELL"", ""price"": ""4015.50"", ""qty"": ""0.341"", ""reduceOnly"": true}, {""side"": ""SELL"", ""price"": ""0"", ""qty"": ""0"", ""reduceOnly"": true}, {""side"": ""BUY"", ""price"": ""3995.47"", ""qty"": ""0.025"", ""reduceOnly"": false}, {""side"": ""BUY"", ""price"": ""3991.07"", ""qty"": ""0.025"", ""reduceOnly"": false}]","[{""price"": ""4015.50"", ""qty"": ""0.341"", ""clientOrderId"": ""TP_AUTO_TP_1759043085802""}, {""price"": ""0"", ""qty"": ""0"", ""clientOrderId"": ""x-Cb7ytekJ5c6badd61e7dfb14457fd6""}]",3847.36,v1,ETHUSDT
2025-09-28T07:07:47.417954+00:00,DUMP,4002.01,0.341,4003.4920821122696,0.01998799,"[{""side"": ""SELL"", ""price"": ""0"", ""qty"": ""0"", ""reduceOnly"": true}, {""side"": ""SELL"", ""price"": ""4015.50"", ""qty"": ""0.341"", ""reduceOnly"": true}, {""side"": ""BUY"", ""price"": ""3939.58"", ""qty"": ""0.025"", ""reduceOnly"": false}, {""side"": ""BUY"", ""price"": ""3970.79"", ""qty"": ""0.025"", ""reduceOnly"": false}, {""side"": ""BUY"", ""price"": ""3955.19"", ""qty"": ""0.025"", ""reduceOnly"": false}, {""side"": ""BUY"", ""price"": ""3986.40"", ""qty"": ""0.025"", ""reduceOnly"": false}]","[{""price"": ""0"", ""qty"": ""0"", ""clientOrderId"": ""x-Cb7ytekJc34b1ae7d0f2c0407f3e9b""}, {""price"": ""4015.50"", ""qty"": ""0.341"", ""clientOrderId"": ""TP_AUTO_TP_1759043266504""}]",3847.36,v1,ETHUSDT
2025-09-28T07:10:43.885153+00:00,"{'tipo': 'SOPORTE', 'precio': 3000.0, 'volumen': 1670.463}",4001.2,0.341,4003.4920821122696,0.01998799,"[{""side"": ""SELL"", ""price"": ""0"", ""qty"": ""0"", ""reduceOnly"": true}, {""side"": ""SELL"", ""price"": ""4015.50"", ""qty"": ""0.341"", ""reduceOnly"": true}, {""side"": ""BUY"", ""price"": ""3939.58"", ""qty"": ""0.025"", ""reduceOnly"": false}, {""side"": ""BUY"", ""price"": ""3970.79"", ""qty"": ""0.025"", ""reduceOnly"": false}, {""side"": ""BUY"", ""price"": ""3955.19"", ""qty"": ""0.025"", ""reduceOnly"": false}, {""side"": ""BUY"", ""price"": ""3986.40"", ""qty"": ""0.025"", ""reduceOnly"": false}]","[{""price"": ""0"", ""qty"": ""0"", ""clientOrderId"": ""x-Cb7ytekJc34b1ae7d0f2c0407f3e9b""}, {""price"": ""4015.50"", ""qty"": ""0.341"", ""clientOrderId"": ""TP_AUTO_TP_1759043266504""}]",3847.36,v1,ETHUSDT
2025-09-28T07:10:46.844812+00:00,"{'tipo': 'SOPORTE', 'precio': 3000.0, 'volumen': 1670.463}",4001.2,0.341,4003.4920821122696,0.01998799,"[{""side"": ""SELL"", ""price"": ""0"", ""qty"": ""0"", ""reduceOnly"": true}, {""side"": ""BUY"", ""price"": ""3992.40"", ""qty"": ""0.025"", ""reduceOnly"": false}, {""side"": ""BUY"", ""price"": ""3996.80"", ""qty"": ""0.025"", ""reduceOnly"": false}, {""side"": ""SELL"", ""price"": ""4015.50"", ""qty"": ""0.341"", ""reduceOnly"": true}]","[{""price"": ""0"", ""qty"": ""0"", ""clientOrderId"": ""x-Cb7ytekJ529c874562cd5ba11392da""}, {""price"": ""4015.50"", ""qty"": ""0.341"", ""clientOrderId"": ""TP_AUTO_TP_1759043445918""}]",3847.36,v1,ETHUSDT
2025-09-28T07:13:43.965958+00:00,"{'tipo': 'SOPORTE', 'precio': 3000.0, 'volumen': 1670.845}",4005.8,0.341,4003.4920821122696,0.01998799,"[{""side"": ""SELL"", ""price"": ""0"", ""qty"": ""0"", ""reduceOnly"": true}, {""side"": ""BUY"", ""price"": ""3992.40"", ""qty"": ""0.025"", ""reduceOnly"": false}, {""side"": ""BUY"", ""price"": ""3996.80"", ""qty"": ""0.025"", ""reduceOnly"": false}, {""side"": ""SELL"", ""price"": ""4015.50"", ""qty"": ""0.341"", ""reduceOnly"": true}]","[{""price"": ""0"", ""qty"": ""0"", ""clientOrderId"": ""x-Cb7ytekJ529c874562cd5ba11392da""}, {""price"": ""4015.50"", ""qty"": ""0.341"", ""clientOrderId"": ""TP_AUTO_TP_1759043445918""}]",3847.36,v1,ETHUSDT
2025-09-28T07:13:46.888861+00:00,"{'tipo': 'SOPORTE', 'precio': 3000.0, 'volumen': 1670.845}",4005.8,0.341,4003.4920821122696,0.01998799,"[{""side"": ""SELL"", ""price"": ""0"", ""qty"": ""0"", ""reduceOnly"": true}, {""side"": ""BUY"", ""price"": ""3992.58"", ""qty"": ""0.025"", ""reduceOnly"": false}, {""side"": ""BUY"", ""price"": ""3996.99"", ""qty"": ""0.025"", ""reduceOnly"": false}, {""side"": ""SELL"", ""price"": ""4015.50"", ""qty"": ""0.341"", ""reduceOnly"": true}]","[{""price"": ""0"", ""qty"": ""0"", ""clientOrderId"": ""x-Cb7ytekJ87d7609ede9f548ad22844""}, {""price"": ""4015.50"", ""qty"": ""0.341"", ""clientOrderId"": ""TP_AUTO_TP_1759043625982""}]",3847.36,v1,ETHUSDT
2025-09-28T07:16:44.000921+00:00,"{'tipo': 'SOPORTE', 'precio': 200.0, 'volumen': 1571.432}",4007.84,0.341,4003.4920821122696,0.01998799,"[{""side"": ""SELL"", ""price"": ""0"", ""qty"": ""0"", ""reduceOnly"": true}, {""side"": ""BUY"", ""price"": ""3992.58"", ""qty"": ""0.025"", ""reduceOnly"": false}, {""side"": ""BUY"", ""price"": ""3996.99"", ""qty"": ""0.025"", ""reduceOnly"": false}, {""side"": ""SELL"", ""price"": ""4015.50"", ""qty"": ""0.341"", ""reduceOnly"": true}]","[{""price"": ""0"", ""qty"": ""0"", ""clientOrderId"": ""x-Cb7ytekJ87d7609ede9f548ad22844""}, {""price"": ""4015.50"", ""qty"": ""0.341"", ""clientOrderId"": ""TP_AUTO_TP_1759043625982""}]",3847.36,v1,ETHUSDT
2025-09-28T07:16:46.957057+00:00,"{'tipo': 'SOPORTE', 'precio': 200.0, 'volumen': 1571.432}",4007.83,0.341,4003.4920821122696,0.01998799,"[{""side"": ""SELL"", ""price"": ""0"", ""qty"": ""0"", ""reduceOnly"": true}, {""side"": ""BUY"", ""price"": ""3999.02"", ""qty"": ""0.025"", ""reduceOnly"": false}, {""side"": ""SELL"", ""price"": ""4015.50"", ""qty"": ""0.341"", ""reduceOnly"": true}, {""side"": ""BUY"", ""price"": ""3994.61"", ""qty"": ""0.025"", ""reduceOnly"": false}]","[{""price"": ""0"", ""qty"": ""0"", ""clientOrderId"": ""x-Cb7ytekJb9055d1909ae09d77b3fe""}, {""price"": ""4015.50"", ""qty"": ""0.341"", ""clientOrderId"": ""TP_AUTO_TP_1759043806030""}]",3847.36,v1,ETHUSDT
2025-09-28T07:19:44.056054+00:00,"{'tipo': 'SOPORTE', 'precio': 3000.0, 'volumen': 1611.4550000000002}",4010.12,0.341,4003.4920821122696,0.01998799,"[{""side"": ""SELL"", ""price"": ""0"", ""qty"": ""0"", ""reduceOnly"": true}, {""side"": ""BUY"", ""price"": ""3999.02"", ""qty"": ""0.025"", ""reduceOnly"": false}, {""side"": ""SELL"", ""price"": ""4015.50"", ""qty"": ""0.341"", ""reduceOnly"": true}, {""side"": ""BUY"", ""price"": ""3994.61"", ""qty"": ""0.025"", ""reduceOnly"": false}]","[{""price"": ""0"", ""qty"": ""0"", ""clientOrderId"": ""x-Cb7ytekJb9055d1909ae09d77b3fe""}, {""price"": ""4015.50"", ""qty"": ""0.341"", ""clientOrderId"": ""TP_AUTO_TP_1759043806030""}]",3847.36,v1,ETHUSDT
2025-09-28T07:19:46.693006+00:00,"{'tipo': 'SOPORTE', 'precio': 3000.0, 'volumen': 1611.4550000000002}",4010.12,0.341,4003.4920821122696,0.01998799,"[{""side"": ""SELL"", ""price"": ""4015.50"", ""qty"": ""0.341"", ""reduceOnly"": true}, {""side"": ""BUY"", ""price"": ""3996.89"", ""qty"": ""0.025"", ""reduceOnly"": false}, {""side"": ""SELL"", ""price"": ""0"", ""qty"": ""0"", ""reduceOnly"": true}]","[{""price"": ""4015.50"", ""qty"": ""0.341"", ""clientOrderId"": ""TP_AUTO_TP_1759043985766""}, {""price"": ""0"", ""qty"": ""0"", ""clientOrderId"": ""x-Cb7ytekJ3e2ec8ac9c48698d8e48f7""}]",3847.36,v1,ETHUSDT
2025-09-28T07:22:44.110857+00:00,"{'tipo': 'SOPORTE', 'precio': 3942.88, 'volumen': 1422.027}",4009.03,0.341,4003.4920821122696,0.01998799,"[{""side"": ""SELL"", ""price"": ""4015.50"", ""qty"": ""0.341"", ""reduceOnly"": true}, {""side"": ""BUY"", ""price"": ""3996.89"", ""qty"": ""0.025"", ""reduceOnly"": false}, {""side"": ""SELL"", ""price"": ""0"", ""qty"": ""0"", ""reduceOnly"": true}]","[{""price"": ""4015.50"", ""qty"": ""0.341"", ""clientOrderId"": ""TP_AUTO_TP_1759043985766""}, {""price"": ""0"", ""qty"": ""0"", ""clientOrderId"": ""x-Cb7ytekJ3e2ec8ac9c48698d8e48f7""}]",3847.36,v1,ETHUSDT
2025-09-28T07:22:46.720766+00:00,"{'tipo': 'SOPORTE', 'precio': 3942.88, 'volumen': 1422.027}",4009.03,0.341,4003.4920821122696,0.01998799,"[{""side"": ""BUY"", ""price"": ""3995.80"", ""qty"": ""0.025"", ""reduceOnly"": false}, {""side"": ""SELL"", ""price"": ""4015.50"", ""qty"": ""0.341"", ""reduceOnly"": true}, {""side"": ""SELL"", ""price"": ""0"", ""qty"": ""0"", ""reduceOnly"": true}]","[{""price"": ""4015.50"", ""qty"": ""0.341"", ""clientOrderId"": ""TP_AUTO_TP_1759044165808""}, {""price"": ""0"", ""qty"": ""0"", ""clientOrderId"": ""x-Cb7ytekJ2ff4080282f98f87ac160e""}]",3847.36,v1,ETHUSDT
2025-09-28T07:25:44.138398+00:00,"{'tipo': 'SOPORTE', 'precio': 3000.0, 'volumen': 1735.841}",4008.49,0.341,4003.4920821122696,0.01998799,"[{""side"": ""BUY"", ""price"": ""3995.80"", ""qty"": ""0.025"", ""reduceOnly"": false}, {""side"": ""SELL"", ""price"": ""4015.50"", ""qty"": ""0.341"", ""reduceOnly"": true}, {""side"": ""SELL"", ""price"": ""0"", ""qty"": ""0"", ""reduceOnly"": true}]","[{""price"": ""4015.50"", ""qty"": ""0.341"", ""clientOrderId"": ""TP_AUTO_TP_1759044165808""}, {""price"": ""0"", ""qty"": ""0"", ""clientOrderId"": ""x-Cb7ytekJ2ff4080282f98f87ac160e""}]",3847.36,v1,ETHUSDT
2025-09-28T07:25:46.759946+00:00,"{'tipo': 'SOPORTE', 'precio': 3000.0, 'volumen': 1735.841}",4008.49,0.341,4003.4920821122696,0.01998799,"[{""side"": ""SELL"", ""price"": ""4015.50"", ""qty"": ""0.341"", ""reduceOnly"": true}, {""side"": ""BUY"", ""price"": ""3995.26"", ""qty"": ""0.025"", ""reduceOnly"": false}, {""side"": ""SELL"", ""price"": ""0"", ""qty"": ""0"", ""reduceOnly"": true}]","[{""price"": ""4015.50"", ""qty"": ""0.341"", ""clientOrderId"": ""TP_AUTO_TP_1759044345848""}, {""price"": ""0"", ""qty"": ""0"", ""clientOrderId"": ""x-Cb7ytekJ802f2358e387427dafbf52""}]",3847.36,v1,ETHUSDT
2025-09-28T07:28:44.132385+00:00,"{'tipo': 'SOPORTE', 'precio': 3995.63, 'volumen': 892.954}",4009.59,0.341,4003.4920821122696,0.01998799,"[{""side"": ""SELL"", ""price"": ""4015.50"", ""qty"": ""0.341"", ""reduceOnly"": true}, {""side"": ""BUY"", ""price"": ""3995.26"", ""qty"": ""0.025"", ""reduceOnly"": false}, {""side"": ""SELL"", ""price"": ""0"", ""qty"": ""0"", ""reduceOnly"": true}]","[{""price"": ""4015.50"", ""qty"": ""0.341"", ""clientOrderId"": ""TP_AUTO_TP_1759044345848""}, {""price"": ""0"", ""qty"": ""0"", ""clientOrderId"": ""x-Cb7ytekJ802f2358e387427dafbf52""}]",3847.36,v1,ETHUSDT
2025-09-28T07:28:46.756937+00:00,"{'tipo': 'SOPORTE', 'precio': 3995.63, 'volumen': 892.954}",4009.59,0.341,4003.4920821122696,0.01998799,"[{""side"": ""BUY"", ""price"": ""3996.36"", ""qty"": ""0.025"", ""reduceOnly"": false}, {""side"": ""SELL"", ""price"": ""4015.50"", ""qty"": ""0.341"", ""reduceOnly"": true}, {""side"": ""SELL"", ""price"": ""0"", ""qty"": ""0"", ""reduceOnly"": true}]","[{""price"": ""4015.50"", ""qty"": ""0.341"", ""clientOrderId"": ""TP_AUTO_TP_1759044525845""}, {""price"": ""0"", ""qty"": ""0"", ""clientOrderId"": ""x-Cb7ytekJ76f5f511f16a727563831f""}]",3847.36,v1,ETHUSDT
2025-09-28T07:31:44.201256+00:00,"{'tipo': 'SOPORTE', 'precio': 3000.0, 'volumen': 1745.4289999999999}",4008.55,0.341,4003.4920821122696,0.01998799,"[{""side"": ""BUY"", ""price"": ""3996.36"", ""qty"": ""0.025"", ""reduceOnly"": false}, {""side"": ""SELL"", ""price"": ""4015.50"", ""qty"": ""0.341"", ""reduceOnly"": true}, {""side"": ""SELL"", ""price"": ""0"", ""qty"": ""0"", ""reduceOnly"": true}]","[{""price"": ""4015.50"", ""qty"": ""0.341"", ""clientOrderId"": ""TP_AUTO_TP_1759044525845""}, {""price"": ""0"", ""qty"": ""0"", ""clientOrderId"": ""x-Cb7ytekJ76f5f511f16a727563831f""}]",3847.36,v1,ETHUSDT
2025-09-28T07:31:46.802800+00:00,"{'tipo': 'SOPORTE', 'precio': 3000.0, 'volumen': 1745.4289999999999}",4008.55,0.341,4003.4920821122696,0.01998799,"[{""side"": ""SELL"", ""price"": ""4015.50"", ""qty"": ""0.341"", ""reduceOnly"": true}, {""side"": ""BUY"", ""price"": ""3995.32"", ""qty"": ""0.025"", ""reduceOnly"": false}, {""side"": ""SELL"", ""price"": ""0"", ""qty"": ""0"", ""reduceOnly"": true}]","[{""price"": ""4015.50"", ""qty"": ""0.341"", ""clientOrderId"": ""TP_AUTO_TP_1759044705895""}, {""price"": ""0"", ""qty"": ""0"", ""clientOrderId"": ""x-Cb7ytekJ3c5f05f49dd7f41c072d79""}]",3847.36,v1,ETHUSDT
2025-09-28T07:34:44.261083+00:00,"{'tipo': 'SOPORTE', 'precio': 200.0, 'volumen': 1562.044}",4011.64,0.341,4003.4920821122696,0.01998799,"[{""side"": ""SELL"", ""price"": ""4015.50"", ""qty"": ""0.341"", ""reduceOnly"": true}, {""side"": ""BUY"", ""price"": ""3995.32"", ""qty"": ""0.025"", ""reduceOnly"": false}, {""side"": ""SELL"", ""price"": ""0"", ""qty"": ""0"", ""reduceOnly"": true}]","[{""price"": ""4015.50"", ""qty"": ""0.341"", ""clientOrderId"": ""TP_AUTO_TP_1759044705895""}, {""price"": ""0"", ""qty"": ""0"", ""clientOrderId"": ""x-Cb7ytekJ3c5f05f49dd7f41c072d79""}]",3847.36,v1,ETHUSDT
2025-09-28T07:34:46.874636+00:00,"{'tipo': 'SOPORTE', 'precio': 200.0, 'volumen': 1562.044}",4011.64,0.341,4003.4920821122696,0.01998799,"[{""side"": ""SELL"", ""price"": ""4015.50"", ""qty"": ""0.341"", ""reduceOnly"": true}, {""side"": ""SELL"", ""price"": ""0"", ""qty"": ""0"", ""reduceOnly"": true}, {""side"": ""BUY"", ""price"": ""3998.40"", ""qty"": ""0.025"", ""reduceOnly"": false}]","[{""price"": ""4015.50"", ""qty"": ""0.341"", ""clientOrderId"": ""TP_AUTO_TP_1759044885962""}, {""price"": ""0"", ""qty"": ""0"", ""clientOrderId"": ""x-Cb7ytekJ60940e91324515b85532ed""}]",3847.36,v1,ETHUSDT
2025-09-28T07:37:44.278428+00:00,"{'tipo': 'SOPORTE', 'precio': 200.0, 'volumen': 568.021}",4011.0,0.341,4003.4920821122696,0.01998799,"[{""side"": ""SELL"", ""price"": ""4015.50"", ""qty"": ""0.341"", ""reduceOnly"": true}, {""side"": ""SELL"", ""price"": ""0"", ""qty"": ""0"", ""reduceOnly"": true}, {""side"": ""BUY"", ""price"": ""3998.40"", ""qty"": ""0.025"", ""reduceOnly"": false}]","[{""price"": ""4015.50"", ""qty"": ""0.341"", ""clientOrderId"": ""TP_AUTO_TP_1759044885962""}, {""price"": ""0"", ""qty"": ""0"", ""clientOrderId"": ""x-Cb7ytekJ60940e91324515b85532ed""}]",3847.36,v1,ETHUSDT
2025-09-28T07:37:46.899980+00:00,"{'tipo': 'SOPORTE', 'precio': 200.0, 'volumen': 568.021}",4011.0,0.341,4003.4920821122696,0.01998799,"[{""side"": ""SELL"", ""price"": ""0"", ""qty"": ""0"", ""reduceOnly"": true}, {""side"": ""BUY"", ""price"": ""3997.76"", ""qty"": ""0.025"", ""reduceOnly"": false}, {""side"": ""SELL"", ""price"": ""4015.50"", ""qty"": ""0.341"", ""reduceOnly"": true}]","[{""price"": ""0"", ""qty"": ""0"", ""clientOrderId"": ""x-Cb7ytekJ8d57cc1694e4c8e1f8e4cb""}, {""price"": ""4015.50"", ""qty"": ""0.341"", ""clientOrderId"": ""TP_AUTO_TP_1759045065984""}]",3847.36,v1,ETHUSDT
2025-09-28T07:40:44.303125+00:00,"{'tipo': 'SOPORTE', 'precio': 200.0, 'volumen': 1604.086}",4008.22,0.341,4003.4920821122696,0.01998799,"[{""side"": ""SELL"", ""price"": ""0"", ""qty"": ""0"", ""reduceOnly"": true}, {""side"": ""BUY"", ""price"": ""3997.76"", ""qty"": ""0.025"", ""reduceOnly"": false}, {""side"": ""SELL"", ""price"": ""4015.50"", ""qty"": ""0.341"", ""reduceOnly"": true}]","[{""price"": ""0"", ""qty"": ""0"", ""clientOrderId"": ""x-Cb7ytekJ8d57cc1694e4c8e1f8e4cb""}, {""price"": ""4015.50"", ""qty"": ""0.341"", ""clientOrderId"": ""TP_AUTO_TP_1759045065984""}]",3847.36,v1,ETHUSDT
2025-09-28T07:40:47.231744+00:00,"{'tipo': 'SOPORTE', 'precio': 200.0, 'volumen': 1604.086}",4008.22,0.341,4003.4920821122696,0.01998799,"[{""side"": ""SELL"", ""price"": ""0"", ""qty"": ""0"", ""reduceOnly"": true}, {""side"": ""BUY"", ""price"": ""3994.99"", ""qty"": ""0.025"", ""reduceOnly"": false}, {""side"": ""SELL"", ""price"": ""4015.50"", ""qty"": ""0.341"", ""reduceOnly"": true}, {""side"": ""BUY"", ""price"": ""3999.40"", ""qty"": ""0.025"", ""reduceOnly"": false}]","[{""price"": ""0"", ""qty"": ""0"", ""clientOrderId"": ""x-Cb7ytekJ5e49b736ef2f6bbd675a81""}, {""price"": ""4015.50"", ""qty"": ""0.341"", ""clientOrderId"": ""TP_AUTO_TP_1759045246314""}]",3847.36,v1,ETHUSDT
2025-09-28T07:43:44.369873+00:00,"{'tipo': 'SOPORTE', 'precio': 200.0, 'volumen': 1596.158}",4010.32,0.341,4003.4920821122696,0.01998799,"[{""side"": ""SELL"", ""price"": ""0"", ""qty"": ""0"", ""reduceOnly"": true}, {""side"": ""BUY"", ""price"": ""3994.99"", ""qty"": ""0.025"", ""reduceOnly"": false}, {""side"": ""SELL"", ""price"": ""4015.50"", ""qty"": ""0.341"", ""reduceOnly"": true}, {""side"": ""BUY"", ""price"": ""3999.40"", ""qty"": ""0.025"", ""reduceOnly"": false}]","[{""price"": ""0"", ""qty"": ""0"", ""clientOrderId"": ""x-Cb7ytekJ5e49b736ef2f6bbd675a81""}, {""price"": ""4015.50"", ""qty"": ""0.341"", ""clientOrderId"": ""TP_AUTO_TP_1759045246314""}]",3847.36,v1,ETHUSDT
2025-09-28T07:43:46.969416+00:00,"{'tipo': 'SOPORTE', 'precio': 200.0, 'volumen': 1596.158}",4010.32,0.341,4003.4920821122696,0.01998799,"[{""side"": ""BUY"", ""price"": ""3997.09"", ""qty"": ""0.025"", ""reduceOnly"": false}, {""side"": ""SELL"", ""price"": ""0"", ""qty"": ""0"", ""reduceOnly"": true}, {""side"": ""SELL"", ""price"": ""4015.50"", ""qty"": ""0.341"", ""reduceOnly"": true}]","[{""price"": ""0"", ""qty"": ""0"", ""clientOrderId"": ""x-Cb7ytekJ1e641ea8860af90f67d373""}, {""price"": ""4015.50"", ""qty"": ""0.341"", ""clientOrderId"": ""TP_AUTO_TP_1759045426060""}]",3847.36,v1,ETHUSDT
2025-09-28T07:46:44.434117+00:00,"{'tipo': 'SOPORTE', 'precio': 3609.18, 'volumen': 1280.4359999999997}",4010.42,0.341,4003.4920821122696,0.01998799,"[{""side"": ""BUY"", ""price"": ""3997.09"", ""qty"": ""0.025"", ""reduceOnly"": false}, {""side"": ""SELL"", ""price"": ""0"", ""qty"": ""0"", ""reduceOnly"": true}, {""side"": ""SELL"", ""price"": ""4015.50"", ""qty"": ""0.341"", ""reduceOnly"": true}]","[{""price"": ""0"", ""qty"": ""0"", ""clientOrderId"": ""x-Cb7ytekJ1e641ea8860af90f67d373""}, {""price"": ""4015.50"", ""qty"": ""0.341"", ""clientOrderId"": ""TP_AUTO_TP_1759045426060""}]",3847.36,v1,ETHUSDT
2025-09-28T07:46:47.067787+00:00,"{'tipo': 'SOPORTE', 'precio': 3609.18, 'volumen': 1280.4359999999997}",4010.43,0.341,4003.4920821122696,0.01998799,"[{""side"": ""BUY"", ""price"": ""3997.19"", ""qty"": ""0.025"", ""reduceOnly"": false}, {""side"": ""SELL"", ""price"": ""0"", ""qty"": ""0"", ""reduceOnly"": true}, {""side"": ""SELL"", ""price"": ""4015.50"", ""qty"": ""0.341"", ""reduceOnly"": true}]","[{""price"": ""0"", ""qty"": ""0"", ""clientOrderId"": ""x-Cb7ytekJdce8064badb3abbcba288c""}, {""price"": ""4015.50"", ""qty"": ""0.341"", ""clientOrderId"": ""TP_AUTO_TP_1759045606157""}]",3847.36,v1,ETHUSDT
2025-09-28T07:49:44.484703+00:00,"{'tipo': 'SOPORTE', 'precio': 200.0, 'volumen': 1537.235}",4011.36,0.341,4003.4920821122696,0.01998799,"[{""side"": ""BUY"", ""price"": ""3997.19"", ""qty"": ""0.025"", ""reduceOnly"": false}, {""side"": ""SELL"", ""price"": ""0"", ""qty"": ""0"", ""reduceOnly"": true}, {""side"": ""SELL"", ""price"": ""4015.50"", ""qty"": ""0.341"", ""reduceOnly"": true}]","[{""price"": ""0"", ""qty"": ""0"", ""clientOrderId"": ""x-Cb7ytekJdce8064badb3abbcba288c""}, {""price"": ""4015.50"", ""qty"": ""0.341"", ""clientOrderId"": ""TP_AUTO_TP_1759045606157""}]",3847.36,v1,ETHUSDT
2025-09-28T07:49:47.093501+00:00,"{'tipo': 'SOPORTE', 'precio': 200.0, 'volumen': 1537.235}",4011.36,0.341,4003.4920821122696,0.01998799,"[{""side"": ""SELL"", ""price"": ""4015.50"", ""qty"": ""0.341"", ""reduceOnly"": true}, {""side"": ""SELL"", ""price"": ""0"", ""qty"": ""0"", ""reduceOnly"": true}, {""side"": ""BUY"", ""price"": ""3998.12"", ""qty"": ""0.025"", ""reduceOnly"": false}]","[{""price"": ""4015.50"", ""qty"": ""0.341"", ""clientOrderId"": ""TP_AUTO_TP_1759045786190""}, {""price"": ""0"", ""qty"": ""0"", ""clientOrderId"": ""x-Cb7ytekJdfa26999bcffb536a5d59d""}]",3847.36,v1,ETHUSDT
2025-09-28T07:52:44.533604+00:00,"{'tipo': 'SOPORTE', 'precio': 200.0, 'volumen': 1590.3279999999997}",4013.35,0.341,4003.4920821122696,0.01998799,"[{""side"": ""SELL"", ""price"": ""4015.50"", ""qty"": ""0.341"", ""reduceOnly"": true}, {""side"": ""SELL"", ""price"": ""0"", ""qty"": ""0"", ""reduceOnly"": true}, {""side"": ""BUY"", ""price"": ""3998.12"", ""qty"": ""0.025"", ""reduceOnly"": false}]","[{""price"": ""4015.50"", ""qty"": ""0.341"", ""clientOrderId"": ""TP_AUTO_TP_1759045786190""}, {""price"": ""0"", ""qty"": ""0"", ""clientOrderId"": ""x-Cb7ytekJdfa26999bcffb536a5d59d""}]",3847.36,v1,ETHUSDT
2025-09-28T07:52:46.845224+00:00,"{'tipo': 'SOPORTE', 'precio': 200.0, 'volumen': 1590.3279999999997}",4013.35,0.341,4003.4920821122696,0.01998799,"[{""side"": ""SELL"", ""price"": ""4015.50"", ""qty"": ""0.341"", ""reduceOnly"": true}, {""side"": ""SELL"", ""price"": ""0"", ""qty"": ""0"", ""reduceOnly"": true}]","[{""price"": ""4015.50"", ""qty"": ""0.341"", ""clientOrderId"": ""TP_AUTO_TP_1759045965938""}, {""price"": ""0"", ""qty"": ""0"", ""clientOrderId"": ""x-Cb7ytekJc9681ffbec23e83fbce937""}]",3847.36,v1,ETHUSDT
2025-09-28T07:55:44.597424+00:00,"{'tipo': 'SOPORTE', 'precio': 3000.0, 'volumen': 1595.424}",4011.36,0.341,4003.4920821122696,0.01998799,"[{""side"": ""SELL"", ""price"": ""4015.50"", ""qty"": ""0.341"", ""reduceOnly"": true}, {""side"": ""SELL"", ""price"": ""0"", ""qty"": ""0"", ""reduceOnly"": true}]","[{""price"": ""4015.50"", ""qty"": ""0.341"", ""clientOrderId"": ""TP_AUTO_TP_1759045965938""}, {""price"": ""0"", ""qty"": ""0"", ""clientOrderId"": ""x-Cb7ytekJc9681ffbec23e83fbce937""}]",3847.36,v1,ETHUSDT
2025-09-28T07:55:47.192202+00:00,"{'tipo': 'SOPORTE', 'precio': 3000.0, 'volumen': 1595.424}",4011.36,0.341,4003.4920821122696,0.01998799,"[{""side"": ""BUY"", ""price"": ""3998.12"", ""qty"": ""0.025"", ""reduceOnly"": false}, {""side"": ""SELL"", ""price"": ""0"", ""qty"": ""0"", ""reduceOnly"": true}, {""side"": ""SELL"", ""price"": ""4015.50"", ""qty"": ""0.341"", ""reduceOnly"": true}]","[{""price"": ""0"", ""qty"": ""0"", ""clientOrderId"": ""x-Cb7ytekJ6c6ab3aa92fbc9acaaa395""}, {""price"": ""4015.50"", ""qty"": ""0.341"", ""clientOrderId"": ""TP_AUTO_TP_1759046146290""}]",3847.36,v1,ETHUSDT
2025-09-28T07:58:45.299363+00:00,"{'tipo': 'SOPORTE', 'precio': 3000.0, 'volumen': 2143.504}",4013.28,0.341,4003.4920821122696,0.01998799,"[{""side"": ""BUY"", ""price"": ""3998.12"", ""qty"": ""0.025"", ""reduceOnly"": false}, {""side"": ""SELL"", ""price"": ""0"", ""qty"": ""0"", ""reduceOnly"": true}, {""side"": ""SELL"", ""price"": ""4015.50"", ""qty"": ""0.341"", ""reduceOnly"": true}]","[{""price"": ""0"", ""qty"": ""0"", ""clientOrderId"": ""x-Cb7ytekJ6c6ab3aa92fbc9acaaa395""}, {""price"": ""4015.50"", ""qty"": ""0.341"", ""clientOrderId"": ""TP_AUTO_TP_1759046146290""}]",3847.36,v1,ETHUSDT
2025-09-28T07:58:47.606834+00:00,"{'tipo': 'SOPORTE', 'precio': 3000.0, 'volumen': 2143.504}",4013.28,0.341,4003.4920821122696,0.01998799,"[{""side"": ""SELL"", ""price"": ""0"", ""qty"": ""0"", ""reduceOnly"": true}, {""side"": ""SELL"", ""price"": ""4015.50"", ""qty"": ""0.341"", ""reduceOnly"": true}]","[{""price"": ""0"", ""qty"": ""0"", ""clientOrderId"": ""x-Cb7ytekJ3d9de41fbcf2db2fbc5cfe""}, {""price"": ""4015.50"", ""qty"": ""0.341"", ""clientOrderId"": ""TP_AUTO_TP_1759046326700""}]",3847.36,v1,ETHUSDT
2025-09-28T08:01:45.315076+00:00,"{'tipo': 'SOPORTE', 'precio': 200.0, 'volumen': 1565.321}",4014.12,0.341,4003.4920821122696,0.01998799,"[{""side"": ""SELL"", ""price"": ""0"", ""qty"": ""0"", ""reduceOnly"": true}, {""side"": ""SELL"", ""price"": ""4015.50"", ""qty"": ""0.341"", ""reduceOnly"": true}]","[{""price"": ""0"", ""qty"": ""0"", ""clientOrderId"": ""x-Cb7ytekJ3d9de41fbcf2db2fbc5cfe""}, {""price"": ""4015.50"", ""qty"": ""0.341"", ""clientOrderId"": ""TP_AUTO_TP_1759046326700""}]",3847.36,v1,ETHUSDT
2025-09-28T08:01:47.617562+00:00,"{'tipo': 'SOPORTE', 'precio': 200.0, 'volumen': 1565.321}",4014.12,0.341,4003.4920821122696,0.01998799,"[{""side"": ""SELL"", ""price"": ""4015.50"", ""qty"": ""0.341"", ""reduceOnly"": true}, {""side"": ""SELL"", ""price"": ""0"", ""qty"": ""0"", ""reduceOnly"": true}]","[{""price"": ""4015.50"", ""qty"": ""0.341"", ""clientOrderId"": ""TP_AUTO_TP_1759046506719""}, {""price"": ""0"", ""qty"": ""0"", ""clientOrderId"": ""x-Cb7ytekJ2148fd0e3c91d8b4f5e707""}]",3847.36,v1,ETHUSDT
2025-09-28T08:04:45.347309+00:00,DUMP,4011.0,0.341,4003.4920821122696,0.01998799,"[{""side"": ""SELL"", ""price"": ""4015.50"", ""qty"": ""0.341"", ""reduceOnly"": true}, {""side"": ""SELL"", ""price"": ""0"", ""qty"": ""0"", ""reduceOnly"": true}]","[{""price"": ""4015.50"", ""qty"": ""0.341"", ""clientOrderId"": ""TP_AUTO_TP_1759046506719""}, {""price"": ""0"", ""qty"": ""0"", ""clientOrderId"": ""x-Cb7ytekJ2148fd0e3c91d8b4f5e707""}]",3847.36,v1,ETHUSDT
2025-09-28T08:04:48.876069+00:00,DUMP,4011.0,0.341,4003.4920821122696,0.01998799,"[{""side"": ""BUY"", ""price"": ""3964.07"", ""qty"": ""0.025"", ""reduceOnly"": false}, {""side"": ""BUY"", ""price"": ""3995.36"", ""qty"": ""0.025"", ""reduceOnly"": false}, {""side"": ""BUY"", ""price"": ""3948.43"", ""qty"": ""0.025"", ""reduceOnly"": false}, {""side"": ""BUY"", ""price"": ""3979.71"", ""qty"": ""0.025"", ""reduceOnly"": false}, {""side"": ""SELL"", ""price"": ""4015.50"", ""qty"": ""0.341"", ""reduceOnly"": true}, {""side"": ""SELL"", ""price"": ""0"", ""qty"": ""0"", ""reduceOnly"": true}]","[{""price"": ""4015.50"", ""qty"": ""0.341"", ""clientOrderId"": ""TP_AUTO_TP_1759046687966""}, {""price"": ""0"", ""qty"": ""0"", ""clientOrderId"": ""x-Cb7ytekJbcd5edeaf423283969e3be""}]",3847.36,v1,ETHUSDT
2025-09-28T08:07:45.393703+00:00,"{'tipo': 'SOPORTE', 'precio': 200.0, 'volumen': 1580.7859999999998}",4011.71,0.341,4003.4920821122696,0.01998799,"[{""side"": ""BUY"", ""price"": ""3964.07"", ""qty"": ""0.025"", ""reduceOnly"": false}, {""side"": ""BUY"", ""price"": ""3995.36"", ""qty"": ""0.025"", ""reduceOnly"": false}, {""side"": ""BUY"", ""price"": ""3948.43"", ""qty"": ""0.025"", ""reduceOnly"": false}, {""side"": ""BUY"", ""price"": ""3979.71"", ""qty"": ""0.025"", ""reduceOnly"": false}, {""side"": ""SELL"", ""price"": ""4015.50"", ""qty"": ""0.341"", ""reduceOnly"": true}, {""side"": ""SELL"", ""price"": ""0"", ""qty"": ""0"", ""reduceOnly"": true}]","[{""price"": ""4015.50"", ""qty"": ""0.341"", ""clientOrderId"": ""TP_AUTO_TP_1759046687966""}, {""price"": ""0"", ""qty"": ""0"", ""clientOrderId"": ""x-Cb7ytekJbcd5edeaf423283969e3be""}]",3847.36,v1,ETHUSDT
2025-09-28T08:07:47.688374+00:00,"{'tipo': 'SOPORTE', 'precio': 200.0, 'volumen': 1580.7859999999998}",4011.71,0.341,4003.4920821122696,0.01998799,"[{""side"": ""SELL"", ""price"": ""0"", ""qty"": ""0"", ""reduceOnly"": true}, {""side"": ""SELL"", ""price"": ""4015.50"", ""qty"": ""0.341"", ""reduceOnly"": true}]","[{""price"": ""0"", ""qty"": ""0"", ""clientOrderId"": ""x-Cb7ytekJb5679b32983360e0089aba""}, {""price"": ""4015.50"", ""qty"": ""0.341"", ""clientOrderId"": ""TP_AUTO_TP_1759046866791""}]",3847.36,v1,ETHUSDT
2025-09-28T08:10:45.712238+00:00,DUMP,4010.2,0.341,4003.4920821122696,0.01998799,"[{""side"": ""SELL"", ""price"": ""0"", ""qty"": ""0"", ""reduceOnly"": true}, {""side"": ""SELL"", ""price"": ""4015.50"", ""qty"": ""0.341"", ""reduceOnly"": true}]","[{""price"": ""0"", ""qty"": ""0"", ""clientOrderId"": ""x-Cb7ytekJb5679b32983360e0089aba""}, {""price"": ""4015.50"", ""qty"": ""0.341"", ""clientOrderId"": ""TP_AUTO_TP_1759046866791""}]",3847.36,v1,ETHUSDT
2025-09-28T08:10:49.269864+00:00,DUMP,4009.96,0.341,4003.4920821122696,0.01998799,"[{""side"": ""BUY"", ""price"": ""3978.92"", ""qty"": ""0.025"", ""reduceOnly"": false}, {""side"": ""SELL"", ""price"": ""4015.50"", ""qty"": ""0.341"", ""reduceOnly"": true}, {""side"": ""SELL"", ""price"": ""0"", ""qty"": ""0"", ""reduceOnly"": true}, {""side"": ""BUY"", ""price"": ""3963.28"", ""qty"": ""0.025"", ""reduceOnly"": false}, {""side"": ""BUY"", ""price"": ""3994.56"", ""qty"": ""0.025"", ""reduceOnly"": false}, {""side"": ""BUY"", ""price"": ""3947.64"", ""qty"": ""0.025"", ""reduceOnly"": false}]","[{""price"": ""4015.50"", ""qty"": ""0.341"", ""clientOrderId"": ""TP_AUTO_TP_1759047048358""}, {""price"": ""0"", ""qty"": ""0"", ""clientOrderId"": ""x-Cb7ytekJ86880f4f5633a25aadbd20""}]",3847.36,v1,ETHUSDT
2025-09-28T08:13:45.506068+00:00,"{'tipo': 'SOPORTE', 'precio': 3931.21, 'volumen': 191.026}",4011.94,0.341,4003.4920821122696,0.01998799,"[{""side"": ""BUY"", ""price"": ""3978.92"", ""qty"": ""0.025"", ""reduceOnly"": false}, {""side"": ""SELL"", ""price"": ""4015.50"", ""qty"": ""0.341"", ""reduceOnly"": true}, {""side"": ""SELL"", ""price"": ""0"", ""qty"": ""0"", ""reduceOnly"": true}, {""side"": ""BUY"", ""price"": ""3963.28"", ""qty"": ""0.025"", ""reduceOnly"": false}, {""side"": ""BUY"", ""price"": ""3994.56"", ""qty"": ""0.025"", ""reduceOnly"": false}, {""side"": ""BUY"", ""price"": ""3947.64"", ""qty"": ""0.025"", ""reduceOnly"": false}]","[{""price"": ""4015.50"", ""qty"": ""0.341"", ""clientOrderId"": ""TP_AUTO_TP_1759047048358""}, {""price"": ""0"", ""qty"": ""0"", ""clientOrderId"": ""x-Cb7ytekJ86880f4f5633a25aadbd20""}]",3847.36,v1,ETHUSDT
2025-09-28T08:13:47.829701+00:00,"{'tipo': 'SOPORTE', 'precio': 3931.21, 'volumen': 191.026}",4011.93,0.341,4003.4920821122696,0.01998799,"[{""side"": ""SELL"", ""price"": ""4015.50"", ""qty"": ""0.341"", ""reduceOnly"": true}, {""side"": ""SELL"", ""price"": ""0"", ""qty"": ""0"", ""reduceOnly"": true}]","[{""price"": ""4015.50"", ""qty"": ""0.341"", ""clientOrderId"": ""TP_AUTO_TP_1759047226913""}, {""price"": ""0"", ""qty"": ""0"", ""clientOrderId"": ""x-Cb7ytekJ70bca1e4d9ccffa3681061""}]",3847.36,v1,ETHUSDT
2025-09-28T08:16:45.512009+00:00,"{'tipo': 'SOPORTE', 'precio': 2806.27, 'volumen': 1563.996}",4009.08,0.341,4003.4920821122696,0.01998799,"[{""side"": ""SELL"", ""price"": ""4015.50"", ""qty"": ""0.341"", ""reduceOnly"": true}, {""side"": ""SELL"", ""price"": ""0"", ""qty"": ""0"", ""reduceOnly"": true}]","[{""price"": ""4015.50"", ""qty"": ""0.341"", ""clientOrderId"": ""TP_AUTO_TP_1759047226913""}, {""price"": ""0"", ""qty"": ""0"", ""clientOrderId"": ""x-Cb7ytekJ70bca1e4d9ccffa3681061""}]",3847.36,v1,ETHUSDT
2025-09-28T08:16:48.157011+00:00,"{'tipo': 'SOPORTE', 'precio': 2806.27, 'volumen': 1563.996}",4009.07,0.341,4003.4920821122696,0.01998799,"[{""side"": ""SELL"", ""price"": ""0"", ""qty"": ""0"", ""reduceOnly"": true}, {""side"": ""SELL"", ""price"": ""4015.50"", ""qty"": ""0.341"", ""reduceOnly"": true}, {""side"": ""BUY"", ""price"": ""3995.85"", ""qty"": ""0.025"", ""reduceOnly"": false}]","[{""price"": ""0"", ""qty"": ""0"", ""clientOrderId"": ""x-Cb7ytekJ73c5d396b3b7e6864eb27a""}, {""price"": ""4015.50"", ""qty"": ""0.341"", ""clientOrderId"": ""TP_AUTO_TP_1759047407238""}]",3847.36,v1,ETHUSDT
2025-09-28T08:19:45.569482+00:00,"{'tipo': 'SOPORTE', 'precio': 200.0, 'volumen': 213.888}",4006.08,0.341,4003.4920821122696,0.01998799,"[{""side"": ""SELL"", ""price"": ""0"", ""qty"": ""0"", ""reduceOnly"": true}, {""side"": ""SELL"", ""price"": ""4015.50"", ""qty"": ""0.341"", ""reduceOnly"": true}, {""side"": ""BUY"", ""price"": ""3995.85"", ""qty"": ""0.025"", ""reduceOnly"": false}]","[{""price"": ""0"", ""qty"": ""0"", ""clientOrderId"": ""x-Cb7ytekJ73c5d396b3b7e6864eb27a""}, {""price"": ""4015.50"", ""qty"": ""0.341"", ""clientOrderId"": ""TP_AUTO_TP_1759047407238""}]",3847.36,v1,ETHUSDT
2025-09-28T08:19:48.506205+00:00,DUMP,4006.06,0.341,4003.4920821122696,0.01998799,"[{""side"": ""BUY"", ""price"": ""3997.27"", ""qty"": ""0.025"", ""reduceOnly"": false}, {""side"": ""SELL"", ""price"": ""0"", ""qty"": ""0"", ""reduceOnly"": true}, {""side"": ""SELL"", ""price"": ""4015.50"", ""qty"": ""0.341"", ""reduceOnly"": true}, {""side"": ""BUY"", ""price"": ""3992.86"", ""qty"": ""0.025"", ""reduceOnly"": false}]","[{""price"": ""0"", ""qty"": ""0"", ""clientOrderId"": ""x-Cb7ytekJc0da8773e6f70116a5d34d""}, {""price"": ""4015.50"", ""qty"": ""0.341"", ""clientOrderId"": ""TP_AUTO_TP_1759047587588""}]",3847.36,v1,ETHUSDT
2025-09-28T08:22:45.754254+00:00,"{'tipo': 'SOPORTE', 'precio': 200.0, 'volumen': 1575.463}",4002.9,0.341,4003.4920821122696,0.01998799,"[{""side"": ""BUY"", ""price"": ""3997.27"", ""qty"": ""0.025"", ""reduceOnly"": false}, {""side"": ""SELL"", ""price"": ""0"", ""qty"": ""0"", ""reduceOnly"": true}, {""side"": ""SELL"", ""price"": ""4015.50"", ""qty"": ""0.341"", ""reduceOnly"": true}, {""side"": ""BUY"", ""price"": ""3992.86"", ""qty"": ""0.025"", ""reduceOnly"": false}]","[{""price"": ""0"", ""qty"": ""0"", ""clientOrderId"": ""x-Cb7ytekJc0da8773e6f70116a5d34d""}, {""price"": ""4015.50"", ""qty"": ""0.341"", ""clientOrderId"": ""TP_AUTO_TP_1759047587588""}]",3847.36,v1,ETHUSDT
2025-09-28T08:22:48.979247+00:00,"{'tipo': 'SOPORTE', 'precio': 200.0, 'volumen': 1575.463}",4003.14,0.341,4003.4920821122696,0.01998799,"[{""side"": ""BUY"", ""price"": ""3998.50"", ""qty"": ""0.025"", ""reduceOnly"": false}, {""side"": ""BUY"", ""price"": ""3989.69"", ""qty"": ""0.025"", ""reduceOnly"": false}, {""side"": ""SELL"", ""price"": ""0"", ""qty"": ""0"", ""reduceOnly"": true}, {""side"": ""SELL"", ""price"": ""4015.50"", ""qty"": ""0.341"", ""reduceOnly"": true}, {""side"": ""BUY"", ""price"": ""3994.09"", ""qty"": ""0.025"", ""reduceOnly"": false}]","[{""price"": ""0"", ""qty"": ""0"", ""clientOrderId"": ""x-Cb7ytekJ38bf061109ee6581792c96""}, {""price"": ""4015.50"", ""qty"": ""0.341"", ""clientOrderId"": ""TP_AUTO_TP_1759047768068""}]",3847.36,v1,ETHUSDT
2025-09-28T08:25:45.793846+00:00,DUMP,4004.15,0.341,4003.4920821122696,0.01998799,"[{""side"": ""BUY"", ""price"": ""3998.50"", ""qty"": ""0.025"", ""reduceOnly"": false}, {""side"": ""BUY"", ""price"": ""3989.69"", ""qty"": ""0.025"", ""reduceOnly"": false}, {""side"": ""SELL"", ""price"": ""0"", ""qty"": ""0"", ""reduceOnly"": true}, {""side"": ""SELL"", ""price"": ""4015.50"", ""qty"": ""0.341"", ""reduceOnly"": true}, {""side"": ""BUY"", ""price"": ""3994.09"", ""qty"": ""0.025"", ""reduceOnly"": false}]","[{""price"": ""0"", ""qty"": ""0"", ""clientOrderId"": ""x-Cb7ytekJ38bf061109ee6581792c96""}, {""price"": ""4015.50"", ""qty"": ""0.341"", ""clientOrderId"": ""TP_AUTO_TP_1759047768068""}]",3847.36,v1,ETHUSDT
2025-09-28T08:25:49.020515+00:00,DUMP,4004.15,0.341,4003.4920821122696,0.01998799,"[{""side"": ""BUY"", ""price"": ""3988.53"", ""qty"": ""0.025"", ""reduceOnly"": false}, {""side"": ""BUY"", ""price"": ""3972.92"", ""qty"": ""0.025"", ""reduceOnly"": false}, {""side"": ""SELL"", ""price"": ""0"", ""qty"": ""0"", ""reduceOnly"": true}, {""side"": ""BUY"", ""price"": ""3957.30"", ""qty"": ""0.025"", ""reduceOnly"": false}, {""side"": ""SELL"", ""price"": ""4015.50"", ""qty"": ""0.341"", ""reduceOnly"": true}]","[{""price"": ""0"", ""qty"": ""0"", ""clientOrderId"": ""x-Cb7ytekJ6ec301c9cdb70a72d693d1""}, {""price"": ""4015.50"", ""qty"": ""0.341"", ""clientOrderId"": ""TP_AUTO_TP_1759047948105""}]",3847.36,v1,ETHUSDT
2025-09-28T08:28:45.985123+00:00,"{'tipo': 'SOPORTE', 'precio': 200.0, 'volumen': 1577.982}",4003.48,0.341,4003.4920821122696,0.01998799,"[{""side"": ""BUY"", ""price"": ""3988.53"", ""qty"": ""0.025"", ""reduceOnly"": false}, {""side"": ""BUY"", ""price"": ""3972.92"", ""qty"": ""0.025"", ""reduceOnly"": false}, {""side"": ""SELL"", ""price"": ""0"", ""qty"": ""0"", ""reduceOnly"": true}, {""side"": ""BUY"", ""price"": ""3957.30"", ""qty"": ""0.025"", ""reduceOnly"": false}, {""side"": ""SELL"", ""price"": ""4015.50"", ""qty"": ""0.341"", ""reduceOnly"": true}]","[{""price"": ""0"", ""qty"": ""0"", ""clientOrderId"": ""x-Cb7ytekJ6ec301c9cdb70a72d693d1""}, {""price"": ""4015.50"", ""qty"": ""0.341"", ""clientOrderId"": ""TP_AUTO_TP_1759047948105""}]",3847.36,v1,ETHUSDT
2025-09-28T08:28:49.212510+00:00,"{'tipo': 'SOPORTE', 'precio': 200.0, 'volumen': 1577.982}",4003.74,0.341,4003.4920821122696,0.01998799,"[{""side"": ""SELL"", ""price"": ""4015.50"", ""qty"": ""0.341"", ""reduceOnly"": true}, {""side"": ""SELL"", ""price"": ""0"", ""qty"": ""0"", ""reduceOnly"": true}, {""side"": ""BUY"", ""price"": ""3990.27"", ""qty"": ""0.025"", ""reduceOnly"": false}, {""side"": ""BUY"", ""price"": ""3994.67"", ""qty"": ""0.025"", ""reduceOnly"": false}, {""side"": ""BUY"", ""price"": ""3999.08"", ""qty"": ""0.025"", ""reduceOnly"": false}]","[{""price"": ""4015.50"", ""qty"": ""0.341"", ""clientOrderId"": ""TP_AUTO_TP_1759048128287""}, {""price"": ""0"", ""qty"": ""0"", ""clientOrderId"": ""x-Cb7ytekJf5cb6c1a2fc9a29d7b1282""}]",3847.36,v1,ETHUSDT
2025-09-28T08:31:46.058720+00:00,"{'tipo': 'SOPORTE', 'precio': 3000.0, 'volumen': 1606.647}",4003.0,0.341,4003.4920821122696,0.01998799,"[{""side"": ""SELL"", ""price"": ""4015.50"", ""qty"": ""0.341"", ""reduceOnly"": true}, {""side"": ""SELL"", ""price"": ""0"", ""qty"": ""0"", ""reduceOnly"": true}, {""side"": ""BUY"", ""price"": ""3990.27"", ""qty"": ""0.025"", ""reduceOnly"": false}, {""side"": ""BUY"", ""price"": ""3994.67"", ""qty"": ""0.025"", ""reduceOnly"": false}, {""side"": ""BUY"", ""price"": ""3999.08"", ""qty"": ""0.025"", ""reduceOnly"": false}]","[{""price"": ""4015.50"", ""qty"": ""0.341"", ""clientOrderId"": ""TP_AUTO_TP_1759048128287""}, {""price"": ""0"", ""qty"": ""0"", ""clientOrderId"": ""x-Cb7ytekJf5cb6c1a2fc9a29d7b1282""}]",3847.36,v1,ETHUSDT
2025-09-28T08:31:49.339357+00:00,"{'tipo': 'SOPORTE', 'precio': 3000.0, 'volumen': 1606.647}",4003.0,0.341,4003.4920821122696,0.01998799,"[{""side"": ""BUY"", ""price"": ""3994.19"", ""qty"": ""0.025"", ""reduceOnly"": false}, {""side"": ""SELL"", ""price"": ""4015.50"", ""qty"": ""0.341"", ""reduceOnly"": true}, {""side"": ""BUY"", ""price"": ""3998.60"", ""qty"": ""0.025"", ""reduceOnly"": false}, {""side"": ""SELL"", ""price"": ""0"", ""qty"": ""0"", ""reduceOnly"": true}, {""side"": ""BUY"", ""price"": ""3989.79"", ""qty"": ""0.025"", ""reduceOnly"": false}]","[{""price"": ""4015.50"", ""qty"": ""0.341"", ""clientOrderId"": ""TP_AUTO_TP_1759048308383""}, {""price"": ""0"", ""qty"": ""0"", ""clientOrderId"": ""x-Cb7ytekJ6638a036c690194889e28f""}]",3847.36,v1,ETHUSDT
2025-09-28T08:34:46.076178+00:00,"{'tipo': 'SOPORTE', 'precio': 3000.0, 'volumen': 1640.4899999999998}",4000.97,0.341,4003.4920821122696,0.01998799,"[{""side"": ""BUY"", ""price"": ""3994.19"", ""qty"": ""0.025"", ""reduceOnly"": false}, {""side"": ""SELL"", ""price"": ""4015.50"", ""qty"": ""0.341"", ""reduceOnly"": true}, {""side"": ""BUY"", ""price"": ""3998.60"", ""qty"": ""0.025"", ""reduceOnly"": false}, {""side"": ""SELL"", ""price"": ""0"", ""qty"": ""0"", ""reduceOnly"": true}, {""side"": ""BUY"", ""price"": ""3989.79"", ""qty"": ""0.025"", ""reduceOnly"": false}]","[{""price"": ""4015.50"", ""qty"": ""0.341"", ""clientOrderId"": ""TP_AUTO_TP_1759048308383""}, {""price"": ""0"", ""qty"": ""0"", ""clientOrderId"": ""x-Cb7ytekJ6638a036c690194889e28f""}]",3847.36,v1,ETHUSDT
2025-09-28T08:34:49.284422+00:00,"{'tipo': 'SOPORTE', 'precio': 3000.0, 'volumen': 1640.4899999999998}",4001.25,0.341,4003.4920821122696,0.01998799,"[{""side"": ""SELL"", ""price"": ""4015.50"", ""qty"": ""0.341"", ""reduceOnly"": true}, {""side"": ""BUY"", ""price"": ""3987.77"", ""qty"": ""0.025"", ""reduceOnly"": false}, {""side"": ""BUY"", ""price"": ""3992.17"", ""qty"": ""0.025"", ""reduceOnly"": false}, {""side"": ""BUY"", ""price"": ""3996.57"", ""qty"": ""0.025"", ""reduceOnly"": false}, {""side"": ""SELL"", ""price"": ""0"", ""qty"": ""0"", ""reduceOnly"": true}]","[{""price"": ""4015.50"", ""qty"": ""0.341"", ""clientOrderId"": ""TP_AUTO_TP_1759048488378""}, {""price"": ""0"", ""qty"": ""0"", ""clientOrderId"": ""x-Cb7ytekJ3599ef6172e2b67f5741a""}]",3847.36,v1,ETHUSDT
2025-09-28T08:37:46.153959+00:00,"{'tipo': 'SOPORTE', 'precio': 3599.46, 'volumen': 919.4630000000001}",3999.41,0.341,4003.4920821122696,0.01998799,"[{""side"": ""SELL"", ""price"": ""4015.50"", ""qty"": ""0.341"", ""reduceOnly"": true}, {""side"": ""BUY"", ""price"": ""3987.77"", ""qty"": ""0.025"", ""reduceOnly"": false}, {""side"": ""BUY"", ""price"": ""3992.17"", ""qty"": ""0.025"", ""reduceOnly"": false}, {""side"": ""BUY"", ""price"": ""3996.57"", ""qty"": ""0.025"", ""reduceOnly"": false}, {""side"": ""SELL"", ""price"": ""0"", ""qty"": ""0"", ""reduceOnly"": true}]","[{""price"": ""4015.50"", ""qty"": ""0.341"", ""clientOrderId"": ""TP_AUTO_TP_1759048488378""}, {""price"": ""0"", ""qty"": ""0"", ""clientOrderId"": ""x-Cb7ytekJ3599ef6172e2b67f5741a""}]",3847.36,v1,ETHUSDT
2025-09-28T08:37:49.376688+00:00,"{'tipo': 'SOPORTE', 'precio': 3599.46, 'volumen': 919.4630000000001}",3999.4,0.341,4003.4920821122696,0.01998799,"[{""side"": ""SELL"", ""price"": ""4015.50"", ""qty"": ""0.341"", ""reduceOnly"": true}, {""side"": ""BUY"", ""price"": ""3986.21"", ""qty"": ""0.025"", ""reduceOnly"": false}, {""side"": ""SELL"", ""price"": ""0"", ""qty"": ""0"", ""reduceOnly"": true}, {""side"": ""BUY"", ""price"": ""3990.61"", ""qty"": ""0.025"", ""reduceOnly"": false}, {""side"": ""BUY"", ""price"": ""3995.01"", ""qty"": ""0.025"", ""reduceOnly"": false}]","[{""price"": ""4015.50"", ""qty"": ""0.341"", ""clientOrderId"": ""TP_AUTO_TP_1759048668469""}, {""price"": ""0"", ""qty"": ""0"", ""clientOrderId"": ""x-Cb7ytekJ5af067d2b0abc812dfdbbb""}]",3847.36,v1,ETHUSDT
2025-09-28T08:40:46.193811+00:00,DUMP,4002.99,0.341,4003.4920821122696,0.01998799,"[{""side"": ""SELL"", ""price"": ""4015.50"", ""qty"": ""0.341"", ""reduceOnly"": true}, {""side"": ""BUY"", ""price"": ""3986.21"", ""qty"": ""0.025"", ""reduceOnly"": false}, {""side"": ""SELL"", ""price"": ""0"", ""qty"": ""0"", ""reduceOnly"": true}, {""side"": ""BUY"", ""price"": ""3990.61"", ""qty"": ""0.025"", ""reduceOnly"": false}, {""side"": ""BUY"", ""price"": ""3995.01"", ""qty"": ""0.025"", ""reduceOnly"": false}]","[{""price"": ""4015.50"", ""qty"": ""0.341"", ""clientOrderId"": ""TP_AUTO_TP_1759048668469""}, {""price"": ""0"", ""qty"": ""0"", ""clientOrderId"": ""x-Cb7ytekJ5af067d2b0abc812dfdbbb""}]",3847.36,v1,ETHUSDT
2025-09-28T08:40:49.430892+00:00,DUMP,4002.62,0.341,4003.4920821122696,0.01998799,"[{""side"": ""BUY"", ""price"": ""3971.77"", ""qty"": ""0.025"", ""reduceOnly"": false}, {""side"": ""BUY"", ""price"": ""3987.38"", ""qty"": ""0.025"", ""reduceOnly"": false}, {""side"": ""BUY"", ""price"": ""3956.16"", ""qty"": ""0.025"", ""reduceOnly"": false}, {""side"": ""SELL"", ""price"": ""4015.50"", ""qty"": ""0.341"", ""reduceOnly"": true}, {""side"": ""SELL"", ""price"": ""0"", ""qty"": ""0"", ""reduceOnly"": true}]","[{""price"": ""4015.50"", ""qty"": ""0.341"", ""clientOrderId"": ""TP_AUTO_TP_1759048848521""}, {""price"": ""0"", ""qty"": ""0"", ""clientOrderId"": ""x-Cb7ytekJ24f54120b1adcfcc28f9a2""}]",3847.36,v1,ETHUSDT
2025-09-28T08:43:46.200276+00:00,"{'tipo': 'SOPORTE', 'precio': 3000.0, 'volumen': 1647.9049999999997}",4004.54,0.341,4003.4920821122696,0.01998799,"[{""side"": ""BUY"", ""price"": ""3971.77"", ""qty"": ""0.025"", ""reduceOnly"": false}, {""side"": ""BUY"", ""price"": ""3987.38"", ""qty"": ""0.025"", ""reduceOnly"": false}, {""side"": ""BUY"", ""price"": ""3956.16"", ""qty"": ""0.025"", ""reduceOnly"": false}, {""side"": ""SELL"", ""price"": ""4015.50"", ""qty"": ""0.341"", ""reduceOnly"": true}, {""side"": ""SELL"", ""price"": ""0"", ""qty"": ""0"", ""reduceOnly"": true}]","[{""price"": ""4015.50"", ""qty"": ""0.341"", ""clientOrderId"": ""TP_AUTO_TP_1759048848521""}, {""price"": ""0"", ""qty"": ""0"", ""clientOrderId"": ""x-Cb7ytekJ24f54120b1adcfcc28f9a2""}]",3847.36,v1,ETHUSDT
2025-09-28T08:43:49.140970+00:00,"{'tipo': 'SOPORTE', 'precio': 3000.0, 'volumen': 1647.9049999999997}",4004.54,0.341,4003.4920821122696,0.01998799,"[{""side"": ""BUY"", ""price"": ""3995.73"", ""qty"": ""0.025"", ""reduceOnly"": false}, {""side"": ""SELL"", ""price"": ""0"", ""qty"": ""0"", ""reduceOnly"": true}, {""side"": ""SELL"", ""price"": ""4015.50"", ""qty"": ""0.341"", ""reduceOnly"": true}, {""side"": ""BUY"", ""price"": ""3991.33"", ""qty"": ""0.025"", ""reduceOnly"": false}]","[{""price"": ""0"", ""qty"": ""0"", ""clientOrderId"": ""x-Cb7ytekJ141e6063968e0fd45223b8""}, {""price"": ""4015.50"", ""qty"": ""0.341"", ""clientOrderId"": ""TP_AUTO_TP_1759049028227""}]",3847.36,v1,ETHUSDT
2025-09-28T08:46:46.256991+00:00,"{'tipo': 'SOPORTE', 'precio': 200.0, 'volumen': 1572.5409999999997}",4004.55,0.341,4003.4920821122696,0.01998799,"[{""side"": ""BUY"", ""price"": ""3995.73"", ""qty"": ""0.025"", ""reduceOnly"": false}, {""side"": ""SELL"", ""price"": ""0"", ""qty"": ""0"", ""reduceOnly"": true}, {""side"": ""SELL"", ""price"": ""4015.50"", ""qty"": ""0.341"", ""reduceOnly"": true}, {""side"": ""BUY"", ""price"": ""3991.33"", ""qty"": ""0.025"", ""reduceOnly"": false}]","[{""price"": ""0"", ""qty"": ""0"", ""clientOrderId"": ""x-Cb7ytekJ141e6063968e0fd45223b8""}, {""price"": ""4015.50"", ""qty"": ""0.341"", ""clientOrderId"": ""TP_AUTO_TP_1759049028227""}]",3847.36,v1,ETHUSDT
2025-09-28T08:46:49.189246+00:00,"{'tipo': 'SOPORTE', 'precio': 200.0, 'volumen': 1572.5409999999997}",4004.55,0.341,4003.4920821122696,0.01998799,"[{""side"": ""BUY"", ""price"": ""3995.74"", ""qty"": ""0.025"", ""reduceOnly"": false}, {""side"": ""SELL"", ""price"": ""0"", ""qty"": ""0"", ""reduceOnly"": true}, {""side"": ""BUY"", ""price"": ""3991.33"", ""qty"": ""0.025"", ""reduceOnly"": false}, {""side"": ""SELL"", ""price"": ""4015.50"", ""qty"": ""0.341"", ""reduceOnly"": true}]","[{""price"": ""0"", ""qty"": ""0"", ""clientOrderId"": ""x-Cb7ytekJ85dfcbacab79eb25e0b818""}, {""price"": ""4015.50"", ""qty"": ""0.341"", ""clientOrderId"": ""TP_AUTO_TP_1759049208276""}]",3847.36,v1,ETHUSDT
2025-09-28T08:49:46.295010+00:00,DUMP,4007.37,0.341,4003.4920821122696,0.01998799,"[{""side"": ""BUY"", ""price"": ""3995.74"", ""qty"": ""0.025"", ""reduceOnly"": false}, {""side"": ""SELL"", ""price"": ""0"", ""qty"": ""0"", ""reduceOnly"": true}, {""side"": ""BUY"", ""price"": ""3991.33"", ""qty"": ""0.025"", ""reduceOnly"": false}, {""side"": ""SELL"", ""price"": ""4015.50"", ""qty"": ""0.341"", ""reduceOnly"": true}]","[{""price"": ""0"", ""qty"": ""0"", ""clientOrderId"": ""x-Cb7ytekJ85dfcbacab79eb25e0b818""}, {""price"": ""4015.50"", ""qty"": ""0.341"", ""clientOrderId"": ""TP_AUTO_TP_1759049208276""}]",3847.36,v1,ETHUSDT
2025-09-28T08:49:49.881521+00:00,DUMP,4007.36,0.341,4003.4920821122696,0.01998799,"[{""side"": ""BUY"", ""price"": ""3944.86"", ""qty"": ""0.025"", ""reduceOnly"": false}, {""side"": ""BUY"", ""price"": ""3991.74"", ""qty"": ""0.025"", ""reduceOnly"": false}, {""side"": ""SELL"", ""price"": ""0"", ""qty"": ""0"", ""reduceOnly"": true}, {""side"": ""BUY"", ""price"": ""3960.48"", ""qty"": ""0.025"", ""reduceOnly"": false}, {""side"": ""BUY"", ""price"": ""3976.11"", ""qty"": ""0.025"", ""reduceOnly"": false}, {""side"": ""SELL"", ""price"": ""4015.50"", ""qty"": ""0.341"", ""reduceOnly"": true}]","[{""price"": ""0"", ""qty"": ""0"", ""clientOrderId"": ""x-Cb7ytekJe7f19742f3991f7748f960""}, {""price"": ""4015.50"", ""qty"": ""0.341"", ""clientOrderId"": ""TP_AUTO_TP_1759049388984""}]",3847.36,v1,ETHUSDT
2025-09-28T08:52:46.360593+00:00,"{'tipo': 'SOPORTE', 'precio': 3000.0, 'volumen': 1712.7520000000002}",4007.06,0.341,4003.4920821122696,0.01998799,"[{""side"": ""BUY"", ""price"": ""3944.86"", ""qty"": ""0.025"", ""reduceOnly"": false}, {""side"": ""BUY"", ""price"": ""3991.74"", ""qty"": ""0.025"", ""reduceOnly"": false}, {""side"": ""SELL"", ""price"": ""0"", ""qty"": ""0"", ""reduceOnly"": true}, {""side"": ""BUY"", ""price"": ""3960.48"", ""qty"": ""0.025"", ""reduceOnly"": false}, {""side"": ""BUY"", ""price"": ""3976.11"", ""qty"": ""0.025"", ""reduceOnly"": false}, {""side"": ""SELL"", ""price"": ""4015.50"", ""qty"": ""0.341"", ""reduceOnly"": true}]","[{""price"": ""0"", ""qty"": ""0"", ""clientOrderId"": ""x-Cb7ytekJe7f19742f3991f7748f960""}, {""price"": ""4015.50"", ""qty"": ""0.341"", ""clientOrderId"": ""TP_AUTO_TP_1759049388984""}]",3847.36,v1,ETHUSDT
2025-09-28T08:52:48.980952+00:00,"{'tipo': 'SOPORTE', 'precio': 3000.0, 'volumen': 1712.7520000000002}",4007.05,0.341,4003.4920821122696,0.01998799,"[{""side"": ""SELL"", ""price"": ""0"", ""qty"": ""0"", ""reduceOnly"": true}, {""side"": ""BUY"", ""price"": ""3998.24"", ""qty"": ""0.025"", ""reduceOnly"": false}, {""side"": ""SELL"", ""price"": ""4015.50"", ""qty"": ""0.341"", ""reduceOnly"": true}]","[{""price"": ""0"", ""qty"": ""0"", ""clientOrderId"": ""x-Cb7ytekJ8632ba4cb486ea6a4c19fd""}, {""price"": ""4015.50"", ""qty"": ""0.341"", ""clientOrderId"": ""TP_AUTO_TP_1759049568069""}]",3847.36,v1,ETHUSDT
2025-09-28T08:55:46.463904+00:00,"{'tipo': 'SOPORTE', 'precio': 200.0, 'volumen': 1604.607}",4003.33,0.341,4003.4920821122696,0.01998799,"[{""side"": ""SELL"", ""price"": ""0"", ""qty"": ""0"", ""reduceOnly"": true}, {""side"": ""BUY"", ""price"": ""3998.24"", ""qty"": ""0.025"", ""reduceOnly"": false}, {""side"": ""SELL"", ""price"": ""4015.50"", ""qty"": ""0.341"", ""reduceOnly"": true}]","[{""price"": ""0"", ""qty"": ""0"", ""clientOrderId"": ""x-Cb7ytekJ8632ba4cb486ea6a4c19fd""}, {""price"": ""4015.50"", ""qty"": ""0.341"", ""clientOrderId"": ""TP_AUTO_TP_1759049568069""}]",3847.36,v1,ETHUSDT
2025-09-28T08:55:49.706711+00:00,"{'tipo': 'SOPORTE', 'precio': 200.0, 'volumen': 1604.607}",4003.33,0.341,4003.4920821122696,0.01998799,"[{""side"": ""SELL"", ""price"": ""4015.50"", ""qty"": ""0.341"", ""reduceOnly"": true}, {""side"": ""BUY"", ""price"": ""3990.12"", ""qty"": ""0.025"", ""reduceOnly"": false}, {""side"": ""BUY"", ""price"": ""3994.52"", ""qty"": ""0.025"", ""reduceOnly"": false}, {""side"": ""BUY"", ""price"": ""3998.93"", ""qty"": ""0.025"", ""reduceOnly"": false}, {""side"": ""SELL"", ""price"": ""0"", ""qty"": ""0"", ""reduceOnly"": true}]","[{""price"": ""4015.50"", ""qty"": ""0.341"", ""clientOrderId"": ""TP_AUTO_TP_1759049748791""}, {""price"": ""0"", ""qty"": ""0"", ""clientOrderId"": ""x-Cb7ytekJ14bc638d2a16d5bc715da7""}]",3847.36,v1,ETHUSDT
2025-09-28T08:58:47.069543+00:00,"{'tipo': 'SOPORTE', 'precio': 200.0, 'volumen': 1583.3739999999998}",4001.38,0.341,4003.4920821122696,0.01998799,"[{""side"": ""SELL"", ""price"": ""4015.50"", ""qty"": ""0.341"", ""reduceOnly"": true}, {""side"": ""BUY"", ""price"": ""3990.12"", ""qty"": ""0.025"", ""reduceOnly"": false}, {""side"": ""BUY"", ""price"": ""3994.52"", ""qty"": ""0.025"", ""reduceOnly"": false}, {""side"": ""BUY"", ""price"": ""3998.93"", ""qty"": ""0.025"", ""reduceOnly"": false}, {""side"": ""SELL"", ""price"": ""0"", ""qty"": ""0"", ""reduceOnly"": true}]","[{""price"": ""4015.50"", ""qty"": ""0.341"", ""clientOrderId"": ""TP_AUTO_TP_1759049748791""}, {""price"": ""0"", ""qty"": ""0"", ""clientOrderId"": ""x-Cb7ytekJ14bc638d2a16d5bc715da7""}]",3847.36,v1,ETHUSDT
2025-09-28T08:58:50.312239+00:00,"{'tipo': 'SOPORTE', 'precio': 200.0, 'volumen': 1583.3739999999998}",4001.6,0.341,4003.4920821122696,0.01998799,"[{""side"": ""SELL"", ""price"": ""4015.50"", ""qty"": ""0.341"", ""reduceOnly"": true}, {""side"": ""SELL"", ""price"": ""0"", ""qty"": ""0"", ""reduceOnly"": true}, {""side"": ""BUY"", ""price"": ""3992.58"", ""qty"": ""0.025"", ""reduceOnly"": false}, {""side"": ""BUY"", ""price"": ""3996.98"", ""qty"": ""0.025"", ""reduceOnly"": false}, {""side"": ""BUY"", ""price"": ""3988.18"", ""qty"": ""0.025"", ""reduceOnly"": false}]","[{""price"": ""4015.50"", ""qty"": ""0.341"", ""clientOrderId"": ""TP_AUTO_TP_1759049929389""}, {""price"": ""0"", ""qty"": ""0"", ""clientOrderId"": ""x-Cb7ytekJebd3d4cc888d4d1bf71be0""}]",3847.36,v1,ETHUSDT
2025-09-28T09:01:46.718359+00:00,"{'tipo': 'SOPORTE', 'precio': 3000.0, 'volumen': 1573.913}",4004.03,0.341,4003.4920821122696,0.01998799,"[{""side"": ""SELL"", ""price"": ""4015.50"", ""qty"": ""0.341"", ""reduceOnly"": true}, {""side"": ""SELL"", ""price"": ""0"", ""qty"": ""0"", ""reduceOnly"": true}, {""side"": ""BUY"", ""price"": ""3992.58"", ""qty"": ""0.025"", ""reduceOnly"": false}, {""side"": ""BUY"", ""price"": ""3996.98"", ""qty"": ""0.025"", ""reduceOnly"": false}, {""side"": ""BUY"", ""price"": ""3988.18"", ""qty"": ""0.025"", ""reduceOnly"": false}]","[{""price"": ""4015.50"", ""qty"": ""0.341"", ""clientOrderId"": ""TP_AUTO_TP_1759049929389""}, {""price"": ""0"", ""qty"": ""0"", ""clientOrderId"": ""x-Cb7ytekJebd3d4cc888d4d1bf71be0""}]",3847.36,v1,ETHUSDT
2025-09-28T09:01:49.642973+00:00,"{'tipo': 'SOPORTE', 'precio': 3000.0, 'volumen': 1573.913}",4004.03,0.341,4003.4920821122696,0.01998799,"[{""side"": ""BUY"", ""price"": ""3990.82"", ""qty"": ""0.025"", ""reduceOnly"": false}, {""side"": ""SELL"", ""price"": ""4015.50"", ""qty"": ""0.341"", ""reduceOnly"": true}, {""side"": ""SELL"", ""price"": ""0"", ""qty"": ""0"", ""reduceOnly"": true}, {""side"": ""BUY"", ""price"": ""3995.22"", ""qty"": ""0.025"", ""reduceOnly"": false}]","[{""price"": ""4015.50"", ""qty"": ""0.341"", ""clientOrderId"": ""TP_AUTO_TP_1759050108739""}, {""price"": ""0"", ""qty"": ""0"", ""clientOrderId"": ""x-Cb7ytekJ374c26ccdc59d2001d6b4a""}]",3847.36,v1,ETHUSDT
2025-09-28T09:04:46.706652+00:00,"{'tipo': 'SOPORTE', 'precio': 200.0, 'volumen': 1566.1209999999999}",3997.2,0.341,4003.4920821122696,0.01998799,"[{""side"": ""BUY"", ""price"": ""3990.82"", ""qty"": ""0.025"", ""reduceOnly"": false}, {""side"": ""SELL"", ""price"": ""4015.50"", ""qty"": ""0.341"", ""reduceOnly"": true}, {""side"": ""SELL"", ""price"": ""0"", ""qty"": ""0"", ""reduceOnly"": true}, {""side"": ""BUY"", ""price"": ""3995.22"", ""qty"": ""0.025"", ""reduceOnly"": false}]","[{""price"": ""4015.50"", ""qty"": ""0.341"", ""clientOrderId"": ""TP_AUTO_TP_1759050108739""}, {""price"": ""0"", ""qty"": ""0"", ""clientOrderId"": ""x-Cb7ytekJ374c26ccdc59d2001d6b4a""}]",3847.36,v1,ETHUSDT
2025-09-28T09:04:49.925972+00:00,"{'tipo': 'SOPORTE', 'precio': 200.0, 'volumen': 1566.1209999999999}",3997.2,0.341,4003.4920821122696,0.01998799,"[{""side"": ""SELL"", ""price"": ""4015.50"", ""qty"": ""0.341"", ""reduceOnly"": true}, {""side"": ""BUY"", ""price"": ""3988.41"", ""qty"": ""0.025"", ""reduceOnly"": false}, {""side"": ""SELL"", ""price"": ""0"", ""qty"": ""0"", ""reduceOnly"": true}, {""side"": ""BUY"", ""price"": ""3984.01"", ""qty"": ""0.025"", ""reduceOnly"": false}, {""side"": ""BUY"", ""price"": ""3992.80"", ""qty"": ""0.025"", ""reduceOnly"": false}]","[{""price"": ""4015.50"", ""qty"": ""0.341"", ""clientOrderId"": ""TP_AUTO_TP_1759050289021""}, {""price"": ""0"", ""qty"": ""0"", ""clientOrderId"": ""x-Cb7ytekJ59a00e0968adf906ec8d60""}]",3847.36,v1,ETHUSDT
2025-09-28T09:07:46.790555+00:00,"{'tipo': 'SOPORTE', 'precio': 3893.84, 'volumen': 225.41600000000003}",3993.85,0.341,4003.4920821122696,0.01998799,"[{""side"": ""SELL"", ""price"": ""4015.50"", ""qty"": ""0.341"", ""reduceOnly"": true}, {""side"": ""BUY"", ""price"": ""3988.41"", ""qty"": ""0.025"", ""reduceOnly"": false}, {""side"": ""SELL"", ""price"": ""0"", ""qty"": ""0"", ""reduceOnly"": true}, {""side"": ""BUY"", ""price"": ""3984.01"", ""qty"": ""0.025"", ""reduceOnly"": false}]","[{""price"": ""4015.50"", ""qty"": ""0.341"", ""clientOrderId"": ""TP_AUTO_TP_1759050289021""}, {""price"": ""0"", ""qty"": ""0"", ""clientOrderId"": ""x-Cb7ytekJ59a00e0968adf906ec8d60""}]",3847.36,v1,ETHUSDT
2025-09-28T09:07:50.037275+00:00,"{'tipo': 'SOPORTE', 'precio': 3893.84, 'volumen': 225.41600000000003}",3993.84,0.341,4003.4920821122696,0.01998799,"[{""side"": ""BUY"", ""price"": ""3985.06"", ""qty"": ""0.025"", ""reduceOnly"": false}, {""side"": ""BUY"", ""price"": ""3980.67"", ""qty"": ""0.025"", ""reduceOnly"": false}, {""side"": ""BUY"", ""price"": ""3989.46"", ""qty"": ""0.025"", ""reduceOnly"": false}, {""side"": ""SELL"", ""price"": ""0"", ""qty"": ""0"", ""reduceOnly"": true}, {""side"": ""SELL"", ""price"": ""4015.50"", ""qty"": ""0.341"", ""reduceOnly"": true}]","[{""price"": ""0"", ""qty"": ""0"", ""clientOrderId"": ""x-Cb7ytekJ93c8ccb6944d148e4126ed""}, {""price"": ""4015.50"", ""qty"": ""0.341"", ""clientOrderId"": ""TP_AUTO_TP_1759050469117""}]",3847.36,v1,ETHUSDT
2025-09-28T09:10:46.861702+00:00,DUMP,3993.8,0.341,4003.4920821122696,0.01998799,"[{""side"": ""BUY"", ""price"": ""3985.06"", ""qty"": ""0.025"", ""reduceOnly"": false}, {""side"": ""BUY"", ""price"": ""3980.67"", ""qty"": ""0.025"", ""reduceOnly"": false}, {""side"": ""BUY"", ""price"": ""3989.46"", ""qty"": ""0.025"", ""reduceOnly"": false}, {""side"": ""SELL"", ""price"": ""0"", ""qty"": ""0"", ""reduceOnly"": true}, {""side"": ""SELL"", ""price"": ""4015.50"", ""qty"": ""0.341"", ""reduceOnly"": true}]","[{""price"": ""0"", ""qty"": ""0"", ""clientOrderId"": ""x-Cb7ytekJ93c8ccb6944d148e4126ed""}, {""price"": ""4015.50"", ""qty"": ""0.341"", ""clientOrderId"": ""TP_AUTO_TP_1759050469117""}]",3847.36,v1,ETHUSDT
2025-09-28T09:10:49.786356+00:00,DUMP,3993.8,0.341,4003.4920821122696,0.01998799,"[{""side"": ""BUY"", ""price"": ""3978.22"", ""qty"": ""0.025"", ""reduceOnly"": false}, {""side"": ""BUY"", ""price"": ""3962.65"", ""qty"": ""0.025"", ""reduceOnly"": false}, {""side"": ""SELL"", ""price"": ""0"", ""qty"": ""0"", ""reduceOnly"": true}, {""side"": ""SELL"", ""price"": ""4015.50"", ""qty"": ""0.341"", ""reduceOnly"": true}]","[{""price"": ""0"", ""qty"": ""0"", ""clientOrderId"": ""x-Cb7ytekJeaac21413039dc9858f43c""}, {""price"": ""4015.50"", ""qty"": ""0.341"", ""clientOrderId"": ""TP_AUTO_TP_1759050648871""}]",3847.36,v1,ETHUSDT
2025-09-28T09:13:46.875046+00:00,"{'tipo': 'SOPORTE', 'precio': 3000.0, 'volumen': 1576.031}",3991.84,0.341,4003.4920821122696,0.01998799,"[{""side"": ""BUY"", ""price"": ""3978.22"", ""qty"": ""0.025"", ""reduceOnly"": false}, {""side"": ""BUY"", ""price"": ""3962.65"", ""qty"": ""0.025"", ""reduceOnly"": false}, {""side"": ""SELL"", ""price"": ""0"", ""qty"": ""0"", ""reduceOnly"": true}, {""side"": ""SELL"", ""price"": ""4015.50"", ""qty"": ""0.341"", ""reduceOnly"": true}]","[{""price"": ""0"", ""qty"": ""0"", ""clientOrderId"": ""x-Cb7ytekJeaac21413039dc9858f43c""}, {""price"": ""4015.50"", ""qty"": ""0.341"", ""clientOrderId"": ""TP_AUTO_TP_1759050648871""}]",3847.36,v1,ETHUSDT
2025-09-28T09:13:50.072883+00:00,"{'tipo': 'SOPORTE', 'precio': 3000.0, 'volumen': 1576.031}",3991.84,0.341,4003.4920821122696,0.01998799,"[{""side"": ""BUY"", ""price"": ""3983.06"", ""qty"": ""0.025"", ""reduceOnly"": false}, {""side"": ""BUY"", ""price"": ""3987.45"", ""qty"": ""0.025"", ""reduceOnly"": false}, {""side"": ""BUY"", ""price"": ""3978.67"", ""qty"": ""0.025"", ""reduceOnly"": false}, {""side"": ""SELL"", ""price"": ""4015.50"", ""qty"": ""0.341"", ""reduceOnly"": true}, {""side"": ""SELL"", ""price"": ""0"", ""qty"": ""0"", ""reduceOnly"": true}]","[{""price"": ""4015.50"", ""qty"": ""0.341"", ""clientOrderId"": ""TP_AUTO_TP_1759050829156""}, {""price"": ""0"", ""qty"": ""0"", ""clientOrderId"": ""x-Cb7ytekJ26cb5a475780c709f4d5bb""}]",3847.36,v1,ETHUSDT
2025-09-28T09:16:46.895948+00:00,"{'tipo': 'SOPORTE', 'precio': 2791.6, 'volumen': 2590.699}",3987.89,0.341,4003.4920821122696,0.01998799,"[{""side"": ""BUY"", ""price"": ""3983.06"", ""qty"": ""0.025"", ""reduceOnly"": false}, {""side"": ""BUY"", ""price"": ""3978.67"", ""qty"": ""0.025"", ""reduceOnly"": false}, {""side"": ""SELL"", ""price"": ""4015.50"", ""qty"": ""0.341"", ""reduceOnly"": true}, {""side"": ""SELL"", ""price"": ""0"", ""qty"": ""0"", ""reduceOnly"": true}]","[{""price"": ""4015.50"", ""qty"": ""0.341"", ""clientOrderId"": ""TP_AUTO_TP_1759050829156""}, {""price"": ""0"", ""qty"": ""0"", ""clientOrderId"": ""x-Cb7ytekJ26cb5a475780c709f4d5bb""}]",3847.36,v1,ETHUSDT
2025-09-28T09:16:49.815572+00:00,"{'tipo': 'SOPORTE', 'precio': 2791.6, 'volumen': 2590.699}",3987.99,0.341,4003.4920821122696,0.01998799,"[{""side"": ""BUY"", ""price"": ""3979.12"", ""qty"": ""0.025"", ""reduceOnly"": false}, {""side"": ""BUY"", ""price"": ""3983.50"", ""qty"": ""0.025"", ""reduceOnly"": false}, {""side"": ""SELL"", ""price"": ""0"", ""qty"": ""0"", ""reduceOnly"": true}, {""side"": ""SELL"", ""price"": ""4015.50"", ""qty"": ""0.341"", ""reduceOnly"": true}]","[{""price"": ""0"", ""qty"": ""0"", ""clientOrderId"": ""x-Cb7ytekJc5292915b4b298524efb09""}, {""price"": ""4015.50"", ""qty"": ""0.341"", ""clientOrderId"": ""TP_AUTO_TP_1759051008908""}]",3847.36,v1,ETHUSDT
2025-09-28T09:19:46.957564+00:00,"{'tipo': 'SOPORTE', 'precio': 200.0, 'volumen': 1630.4979999999998}",3993.45,0.341,4003.4920821122696,0.01998799,"[{""side"": ""BUY"", ""price"": ""3979.12"", ""qty"": ""0.025"", ""reduceOnly"": false}, {""side"": ""BUY"", ""price"": ""3983.50"", ""qty"": ""0.025"", ""reduceOnly"": false}, {""side"": ""SELL"", ""price"": ""0"", ""qty"": ""0"", ""reduceOnly"": true}, {""side"": ""SELL"", ""price"": ""4015.50"", ""qty"": ""0.341"", ""reduceOnly"": true}]","[{""price"": ""0"", ""qty"": ""0"", ""clientOrderId"": ""x-Cb7ytekJc5292915b4b298524efb09""}, {""price"": ""4015.50"", ""qty"": ""0.341"", ""clientOrderId"": ""TP_AUTO_TP_1759051008908""}]",3847.36,v1,ETHUSDT
2025-09-28T09:19:49.913686+00:00,"{'tipo': 'SOPORTE', 'precio': 200.0, 'volumen': 1630.4979999999998}",3993.59,0.341,4003.4920821122696,0.01998799,"[{""side"": ""BUY"", ""price"": ""3989.06"", ""qty"": ""0.025"", ""reduceOnly"": false}, {""side"": ""BUY"", ""price"": ""3984.66"", ""qty"": ""0.025"", ""reduceOnly"": false}, {""side"": ""SELL"", ""price"": ""4015.50"", ""qty"": ""0.341"", ""reduceOnly"": true}, {""side"": ""SELL"", ""price"": ""0"", ""qty"": ""0"", ""reduceOnly"": true}]","[{""price"": ""4015.50"", ""qty"": ""0.341"", ""clientOrderId"": ""TP_AUTO_TP_1759051188999""}, {""price"": ""0"", ""qty"": ""0"", ""clientOrderId"": ""x-Cb7ytekJ4b614383c8ce0a6747ebc1""}]",3847.36,v1,ETHUSDT
2025-09-28T09:22:47.063967+00:00,DUMP,3994.06,0.341,4003.4920821122696,0.01998799,"[{""side"": ""BUY"", ""price"": ""3989.06"", ""qty"": ""0.025"", ""reduceOnly"": false}, {""side"": ""BUY"", ""price"": ""3984.66"", ""qty"": ""0.025"", ""reduceOnly"": false}, {""side"": ""SELL"", ""price"": ""4015.50"", ""qty"": ""0.341"", ""reduceOnly"": true}, {""side"": ""SELL"", ""price"": ""0"", ""qty"": ""0"", ""reduceOnly"": true}]","[{""price"": ""4015.50"", ""qty"": ""0.341"", ""clientOrderId"": ""TP_AUTO_TP_1759051188999""}, {""price"": ""0"", ""qty"": ""0"", ""clientOrderId"": ""x-Cb7ytekJ4b614383c8ce0a6747ebc1""}]",3847.36,v1,ETHUSDT
2025-09-28T09:22:49.985580+00:00,DUMP,3994.06,0.341,4003.4920821122696,0.01998799,"[{""side"": ""SELL"", ""price"": ""4015.50"", ""qty"": ""0.341"", ""reduceOnly"": true}, {""side"": ""SELL"", ""price"": ""0"", ""qty"": ""0"", ""reduceOnly"": true}, {""side"": ""BUY"", ""price"": ""3962.91"", ""qty"": ""0.025"", ""reduceOnly"": false}, {""side"": ""BUY"", ""price"": ""3978.48"", ""qty"": ""0.025"", ""reduceOnly"": false}]","[{""price"": ""4015.50"", ""qty"": ""0.341"", ""clientOrderId"": ""TP_AUTO_TP_1759051369075""}, {""price"": ""0"", ""qty"": ""0"", ""clientOrderId"": ""x-Cb7ytekJ65512f3fca262d95dd9fa9""}]",3847.36,v1,ETHUSDT
2025-09-28T09:25:47.072418+00:00,DUMP,3993.03,0.341,4003.4920821122696,0.01998799,"[{""side"": ""SELL"", ""price"": ""4015.50"", ""qty"": ""0.341"", ""reduceOnly"": true}, {""side"": ""SELL"", ""price"": ""0"", ""qty"": ""0"", ""reduceOnly"": true}, {""side"": ""BUY"", ""price"": ""3962.91"", ""qty"": ""0.025"", ""reduceOnly"": false}, {""side"": ""BUY"", ""price"": ""3978.48"", ""qty"": ""0.025"", ""reduceOnly"": false}]","[{""price"": ""4015.50"", ""qty"": ""0.341"", ""clientOrderId"": ""TP_AUTO_TP_1759051369075""}, {""price"": ""0"", ""qty"": ""0"", ""clientOrderId"": ""x-Cb7ytekJ65512f3fca262d95dd9fa9""}]",3847.36,v1,ETHUSDT
2025-09-28T09:25:49.962139+00:00,DUMP,3992.93,0.341,4003.4920821122696,0.01998799,"[{""side"": ""SELL"", ""price"": ""4015.50"", ""qty"": ""0.341"", ""reduceOnly"": true}, {""side"": ""BUY"", ""price"": ""3961.88"", ""qty"": ""0.025"", ""reduceOnly"": false}, {""side"": ""BUY"", ""price"": ""3977.46"", ""qty"": ""0.025"", ""reduceOnly"": false}, {""side"": ""SELL"", ""price"": ""0"", ""qty"": ""0"", ""reduceOnly"": true}]","[{""price"": ""4015.50"", ""qty"": ""0.341"", ""clientOrderId"": ""TP_AUTO_TP_1759051549058""}, {""price"": ""0"", ""qty"": ""0"", ""clientOrderId"": ""x-Cb7ytekJ2f2cc8a49cbf57760d004c""}]",3847.36,v1,ETHUSDT
2025-09-28T09:28:47.384008+00:00,"{'tipo': 'SOPORTE', 'precio': 200.0, 'volumen': 1588.046}",3993.35,0.341,4003.4920821122696,0.01998799,"[{""side"": ""SELL"", ""price"": ""4015.50"", ""qty"": ""0.341"", ""reduceOnly"": true}, {""side"": ""BUY"", ""price"": ""3961.88"", ""qty"": ""0.025"", ""reduceOnly"": false}, {""side"": ""BUY"", ""price"": ""3977.46"", ""qty"": ""0.025"", ""reduceOnly"": false}, {""side"": ""SELL"", ""price"": ""0"", ""qty"": ""0"", ""reduceOnly"": true}]","[{""price"": ""4015.50"", ""qty"": ""0.341"", ""clientOrderId"": ""TP_AUTO_TP_1759051549058""}, {""price"": ""0"", ""qty"": ""0"", ""clientOrderId"": ""x-Cb7ytekJ2f2cc8a49cbf57760d004c""}]",3847.36,v1,ETHUSDT
2025-09-28T09:28:50.307878+00:00,"{'tipo': 'SOPORTE', 'precio': 200.0, 'volumen': 1588.046}",3992.71,0.341,4003.4920821122696,0.01998799,"[{""side"": ""SELL"", ""price"": ""4015.50"", ""qty"": ""0.341"", ""reduceOnly"": true}, {""side"": ""BUY"", ""price"": ""3984.56"", ""qty"": ""0.025"", ""reduceOnly"": false}, {""side"": ""BUY"", ""price"": ""3988.96"", ""qty"": ""0.025"", ""reduceOnly"": false}, {""side"": ""SELL"", ""price"": ""0"", ""qty"": ""0"", ""reduceOnly"": true}]","[{""price"": ""4015.50"", ""qty"": ""0.341"", ""clientOrderId"": ""TP_AUTO_TP_1759051729386""}, {""price"": ""0"", ""qty"": ""0"", ""clientOrderId"": ""x-Cb7ytekJabcde0e98b327506276d36""}]",3847.36,v1,ETHUSDT
2025-09-28T09:31:47.393262+00:00,"{'tipo': 'SOPORTE', 'precio': 200.0, 'volumen': 1600.402}",3998.29,0.341,4003.4920821122696,0.01998799,"[{""side"": ""SELL"", ""price"": ""4015.50"", ""qty"": ""0.341"", ""reduceOnly"": true}, {""side"": ""BUY"", ""price"": ""3984.56"", ""qty"": ""0.025"", ""reduceOnly"": false}, {""side"": ""BUY"", ""price"": ""3988.96"", ""qty"": ""0.025"", ""reduceOnly"": false}, {""side"": ""SELL"", ""price"": ""0"", ""qty"": ""0"", ""reduceOnly"": true}]","[{""price"": ""4015.50"", ""qty"": ""0.341"", ""clientOrderId"": ""TP_AUTO_TP_1759051729386""}, {""price"": ""0"", ""qty"": ""0"", ""clientOrderId"": ""x-Cb7ytekJabcde0e98b327506276d36""}]",3847.36,v1,ETHUSDT
2025-09-28T09:31:50.316980+00:00,"{'tipo': 'SOPORTE', 'precio': 200.0, 'volumen': 1600.402}",3998.29,0.341,4003.4920821122696,0.01998799,"[{""side"": ""SELL"", ""price"": ""4015.50"", ""qty"": ""0.341"", ""reduceOnly"": true}, {""side"": ""SELL"", ""price"": ""0"", ""qty"": ""0"", ""reduceOnly"": true}, {""side"": ""BUY"", ""price"": ""3993.89"", ""qty"": ""0.025"", ""reduceOnly"": false}, {""side"": ""BUY"", ""price"": ""3989.49"", ""qty"": ""0.025"", ""reduceOnly"": false}]","[{""price"": ""4015.50"", ""qty"": ""0.341"", ""clientOrderId"": ""TP_AUTO_TP_1759051909406""}, {""price"": ""0"", ""qty"": ""0"", ""clientOrderId"": ""x-Cb7ytekJ55d6466ec62373f2b2785d""}]",3847.36,v1,ETHUSDT
2025-09-28T09:34:47.402029+00:00,"{'tipo': 'SOPORTE', 'precio': 200.0, 'volumen': 282.525}",3997.91,0.341,4003.4920821122696,0.01998799,"[{""side"": ""SELL"", ""price"": ""4015.50"", ""qty"": ""0.341"", ""reduceOnly"": true}, {""side"": ""SELL"", ""price"": ""0"", ""qty"": ""0"", ""reduceOnly"": true}, {""side"": ""BUY"", ""price"": ""3993.89"", ""qty"": ""0.025"", ""reduceOnly"": false}, {""side"": ""BUY"", ""price"": ""3989.49"", ""qty"": ""0.025"", ""reduceOnly"": false}]","[{""price"": ""4015.50"", ""qty"": ""0.341"", ""clientOrderId"": ""TP_AUTO_TP_1759051909406""}, {""price"": ""0"", ""qty"": ""0"", ""clientOrderId"": ""x-Cb7ytekJ55d6466ec62373f2b2785d""}]",3847.36,v1,ETHUSDT
2025-09-28T09:34:50.316263+00:00,"{'tipo': 'SOPORTE', 'precio': 200.0, 'volumen': 282.525}",3997.91,0.341,4003.4920821122696,0.01998799,"[{""side"": ""SELL"", ""price"": ""4015.50"", ""qty"": ""0.341"", ""reduceOnly"": true}, {""side"": ""BUY"", ""price"": ""3993.51"", ""qty"": ""0.025"", ""reduceOnly"": false}, {""side"": ""BUY"", ""price"": ""3989.11"", ""qty"": ""0.025"", ""reduceOnly"": false}, {""side"": ""SELL"", ""price"": ""0"", ""qty"": ""0"", ""reduceOnly"": true}]","[{""price"": ""4015.50"", ""qty"": ""0.341"", ""clientOrderId"": ""TP_AUTO_TP_1759052089402""}, {""price"": ""0"", ""qty"": ""0"", ""clientOrderId"": ""x-Cb7ytekJ6f9deda0f6b9099dd263e2""}]",3847.36,v1,ETHUSDT
2025-09-28T09:37:47.484799+00:00,"{'tipo': 'SOPORTE', 'precio': 3000.0, 'volumen': 1589.616}",3998.61,0.341,4003.4920821122696,0.01998799,"[{""side"": ""SELL"", ""price"": ""4015.50"", ""qty"": ""0.341"", ""reduceOnly"": true}, {""side"": ""BUY"", ""price"": ""3993.51"", ""qty"": ""0.025"", ""reduceOnly"": false}, {""side"": ""BUY"", ""price"": ""3989.11"", ""qty"": ""0.025"", ""reduceOnly"": false}, {""side"": ""SELL"", ""price"": ""0"", ""qty"": ""0"", ""reduceOnly"": true}]","[{""price"": ""4015.50"", ""qty"": ""0.341"", ""clientOrderId"": ""TP_AUTO_TP_1759052089402""}, {""price"": ""0"", ""qty"": ""0"", ""clientOrderId"": ""x-Cb7ytekJ6f9deda0f6b9099dd263e2""}]",3847.36,v1,ETHUSDT
2025-09-28T09:37:50.382511+00:00,"{'tipo': 'SOPORTE', 'precio': 3000.0, 'volumen': 1589.616}",3998.73,0.341,4003.4920821122696,0.01998799,"[{""side"": ""SELL"", ""price"": ""0"", ""qty"": ""0"", ""reduceOnly"": true}, {""side"": ""BUY"", ""price"": ""3994.21"", ""qty"": ""0.025"", ""reduceOnly"": false}, {""side"": ""BUY"", ""price"": ""3989.81"", ""qty"": ""0.025"", ""reduceOnly"": false}, {""side"": ""SELL"", ""price"": ""4015.50"", ""qty"": ""0.341"", ""reduceOnly"": true}]","[{""price"": ""0"", ""qty"": ""0"", ""clientOrderId"": ""x-Cb7ytekJ383cda7b38ecd68149d3f6""}, {""price"": ""4015.50"", ""qty"": ""0.341"", ""clientOrderId"": ""TP_AUTO_TP_1759052269483""}]",3847.36,v1,ETHUSDT
2025-09-28T09:40:47.552249+00:00,"{'tipo': 'SOPORTE', 'precio': 200.0, 'volumen': 1569.873}",3999.24,0.341,4003.4920821122696,0.01998799,"[{""side"": ""SELL"", ""price"": ""0"", ""qty"": ""0"", ""reduceOnly"": true}, {""side"": ""BUY"", ""price"": ""3994.21"", ""qty"": ""0.025"", ""reduceOnly"": false}, {""side"": ""BUY"", ""price"": ""3989.81"", ""qty"": ""0.025"", ""reduceOnly"": false}, {""side"": ""SELL"", ""price"": ""4015.50"", ""qty"": ""0.341"", ""reduceOnly"": true}]","[{""price"": ""0"", ""qty"": ""0"", ""clientOrderId"": ""x-Cb7ytekJ383cda7b38ecd68149d3f6""}, {""price"": ""4015.50"", ""qty"": ""0.341"", ""clientOrderId"": ""TP_AUTO_TP_1759052269483""}]",3847.36,v1,ETHUSDT
2025-09-28T09:40:50.465608+00:00,"{'tipo': 'SOPORTE', 'precio': 200.0, 'volumen': 1569.873}",3999.6,0.341,4003.4920821122696,0.01998799,"[{""side"": ""BUY"", ""price"": ""3994.84"", ""qty"": ""0.025"", ""reduceOnly"": false}, {""side"": ""SELL"", ""price"": ""0"", ""qty"": ""0"", ""reduceOnly"": true}, {""side"": ""SELL"", ""price"": ""4015.50"", ""qty"": ""0.341"", ""reduceOnly"": true}, {""side"": ""BUY"", ""price"": ""3990.44"", ""qty"": ""0.025"", ""reduceOnly"": false}]","[{""price"": ""0"", ""qty"": ""0"", ""clientOrderId"": ""x-Cb7ytekJ27c01d5ec4c1036ded3ad7""}, {""price"": ""4015.50"", ""qty"": ""0.341"", ""clientOrderId"": ""TP_AUTO_TP_1759052449551""}]",3847.36,v1,ETHUSDT
2025-09-28T09:43:47.608352+00:00,"{'tipo': 'SOPORTE', 'precio': 200.0, 'volumen': 1579.764}",4001.79,0.341,4003.4920821122696,0.01998799,"[{""side"": ""BUY"", ""price"": ""3994.84"", ""qty"": ""0.025"", ""reduceOnly"": false}, {""side"": ""SELL"", ""price"": ""0"", ""qty"": ""0"", ""reduceOnly"": true}, {""side"": ""SELL"", ""price"": ""4015.50"", ""qty"": ""0.341"", ""reduceOnly"": true}, {""side"": ""BUY"", ""price"": ""3990.44"", ""qty"": ""0.025"", ""reduceOnly"": false}]","[{""price"": ""0"", ""qty"": ""0"", ""clientOrderId"": ""x-Cb7ytekJ27c01d5ec4c1036ded3ad7""}, {""price"": ""4015.50"", ""qty"": ""0.341"", ""clientOrderId"": ""TP_AUTO_TP_1759052449551""}]",3847.36,v1,ETHUSDT
2025-09-28T09:43:50.530824+00:00,"{'tipo': 'SOPORTE', 'precio': 200.0, 'volumen': 1579.764}",4001.79,0.341,4003.4920821122696,0.01998799,"[{""side"": ""SELL"", ""price"": ""4015.50"", ""qty"": ""0.341"", ""reduceOnly"": true}, {""side"": ""BUY"", ""price"": ""3997.39"", ""qty"": ""0.025"", ""reduceOnly"": false}, {""side"": ""SELL"", ""price"": ""0"", ""qty"": ""0"", ""reduceOnly"": true}, {""side"": ""BUY"", ""price"": ""3992.99"", ""qty"": ""0.025"", ""reduceOnly"": false}]","[{""price"": ""4015.50"", ""qty"": ""0.341"", ""clientOrderId"": ""TP_AUTO_TP_1759052629632""}, {""price"": ""0"", ""qty"": ""0"", ""clientOrderId"": ""x-Cb7ytekJ8932a43e33907e25ebb601""}]",3847.36,v1,ETHUSDT
2025-09-28T09:46:47.628451+00:00,DUMP,3998.65,0.341,4003.4920821122696,0.01998799,"[{""side"": ""SELL"", ""price"": ""4015.50"", ""qty"": ""0.341"", ""reduceOnly"": true}, {""side"": ""BUY"", ""price"": ""3997.39"", ""qty"": ""0.025"", ""reduceOnly"": false}, {""side"": ""SELL"", ""price"": ""0"", ""qty"": ""0"", ""reduceOnly"": true}, {""side"": ""BUY"", ""price"": ""3992.99"", ""qty"": ""0.025"", ""reduceOnly"": false}]","[{""price"": ""4015.50"", ""qty"": ""0.341"", ""clientOrderId"": ""TP_AUTO_TP_1759052629632""}, {""price"": ""0"", ""qty"": ""0"", ""clientOrderId"": ""x-Cb7ytekJ8932a43e33907e25ebb601""}]",3847.36,v1,ETHUSDT
2025-09-28T09:46:50.534075+00:00,DUMP,3998.35,0.341,4003.4920821122696,0.01998799,"[{""side"": ""BUY"", ""price"": ""3967.46"", ""qty"": ""0.025"", ""reduceOnly"": false}, {""side"": ""BUY"", ""price"": ""3983.06"", ""qty"": ""0.025"", ""reduceOnly"": false}, {""side"": ""SELL"", ""price"": ""0"", ""qty"": ""0"", ""reduceOnly"": true}, {""side"": ""SELL"", ""price"": ""4015.50"", ""qty"": ""0.341"", ""reduceOnly"": true}]","[{""price"": ""0"", ""qty"": ""0"", ""clientOrderId"": ""x-Cb7ytekJ75fafae7a4eefd34a0a12""}, {""price"": ""4015.50"", ""qty"": ""0.341"", ""clientOrderId"": ""TP_AUTO_TP_1759052809629""}]",3847.36,v1,ETHUSDT
2025-09-28T09:49:48.442412+00:00,DUMP,3996.59,0.341,4003.4920821122696,0.01998799,"[{""side"": ""BUY"", ""price"": ""3967.46"", ""qty"": ""0.025"", ""reduceOnly"": false}, {""side"": ""BUY"", ""price"": ""3983.06"", ""qty"": ""0.025"", ""reduceOnly"": false}, {""side"": ""SELL"", ""price"": ""0"", ""qty"": ""0"", ""reduceOnly"": true}, {""side"": ""SELL"", ""price"": ""4015.50"", ""qty"": ""0.341"", ""reduceOnly"": true}]","[{""price"": ""0"", ""qty"": ""0"", ""clientOrderId"": ""x-Cb7ytekJ75fafae7a4eefd34a0a12""}, {""price"": ""4015.50"", ""qty"": ""0.341"", ""clientOrderId"": ""TP_AUTO_TP_1759052809629""}]",3847.36,v1,ETHUSDT
2025-09-28T09:49:51.361245+00:00,"{'tipo': 'SOPORTE', 'precio': 200.0, 'volumen': 134.815}",3996.59,0.341,4003.4920821122696,0.01998799,"[{""side"": ""BUY"", ""price"": ""3981"", ""qty"": ""0.025"", ""reduceOnly"": false}, {""side"": ""BUY"", ""price"": ""3965.42"", ""qty"": ""0.025"", ""reduceOnly"": false}, {""side"": ""SELL"", ""price"": ""0"", ""qty"": ""0"", ""reduceOnly"": true}, {""side"": ""SELL"", ""price"": ""4015.50"", ""qty"": ""0.341"", ""reduceOnly"": true}]","[{""price"": ""0"", ""qty"": ""0"", ""clientOrderId"": ""x-Cb7ytekJacde42c4513a605b09f295""}, {""price"": ""4015.50"", ""qty"": ""0.341"", ""clientOrderId"": ""TP_AUTO_TP_1759052990448""}]",3847.36,v1,ETHUSDT
2025-09-28T09:52:48.455869+00:00,"{'tipo': 'SOPORTE', 'precio': 200.0, 'volumen': 1639.965}",3995.89,0.341,4003.4920821122696,0.01998799,"[{""side"": ""BUY"", ""price"": ""3981"", ""qty"": ""0.025"", ""reduceOnly"": false}, {""side"": ""BUY"", ""price"": ""3965.42"", ""qty"": ""0.025"", ""reduceOnly"": false}, {""side"": ""SELL"", ""price"": ""0"", ""qty"": ""0"", ""reduceOnly"": true}, {""side"": ""SELL"", ""price"": ""4015.50"", ""qty"": ""0.341"", ""reduceOnly"": true}]","[{""price"": ""0"", ""qty"": ""0"", ""clientOrderId"": ""x-Cb7ytekJacde42c4513a605b09f295""}, {""price"": ""4015.50"", ""qty"": ""0.341"", ""clientOrderId"": ""TP_AUTO_TP_1759052990448""}]",3847.36,v1,ETHUSDT
2025-09-28T09:52:51.356706+00:00,"{'tipo': 'SOPORTE', 'precio': 200.0, 'volumen': 1639.965}",3995.9,0.341,4003.4920821122696,0.01998799,"[{""side"": ""SELL"", ""price"": ""4015.50"", ""qty"": ""0.341"", ""reduceOnly"": true}, {""side"": ""SELL"", ""price"": ""0"", ""qty"": ""0"", ""reduceOnly"": true}, {""side"": ""BUY"", ""price"": ""3987.10"", ""qty"": ""0.025"", ""reduceOnly"": false}, {""side"": ""BUY"", ""price"": ""3991.49"", ""qty"": ""0.025"", ""reduceOnly"": false}]","[{""price"": ""4015.50"", ""qty"": ""0.341"", ""clientOrderId"": ""TP_AUTO_TP_1759053170451""}, {""price"": ""0"", ""qty"": ""0"", ""clientOrderId"": ""x-Cb7ytekJec9324a6a9ce2455a59fc8""}]",3847.36,v1,ETHUSDT
2025-09-28T09:55:48.517922+00:00,"{'tipo': 'SOPORTE', 'precio': 200.0, 'volumen': 1579.177}",3994.89,0.341,4003.4920821122696,0.01998799,"[{""side"": ""SELL"", ""price"": ""4015.50"", ""qty"": ""0.341"", ""reduceOnly"": true}, {""side"": ""SELL"", ""price"": ""0"", ""qty"": ""0"", ""reduceOnly"": true}, {""side"": ""BUY"", ""price"": ""3987.10"", ""qty"": ""0.025"", ""reduceOnly"": false}, {""side"": ""BUY"", ""price"": ""3991.49"", ""qty"": ""0.025"", ""reduceOnly"": false}]","[{""price"": ""4015.50"", ""qty"": ""0.341"", ""clientOrderId"": ""TP_AUTO_TP_1759053170451""}, {""price"": ""0"", ""qty"": ""0"", ""clientOrderId"": ""x-Cb7ytekJec9324a6a9ce2455a59fc8""}]",3847.36,v1,ETHUSDT
2025-09-28T09:55:51.453675+00:00,"{'tipo': 'SOPORTE', 'precio': 200.0, 'volumen': 1579.177}",3994.89,0.341,4003.4920821122696,0.01998799,"[{""side"": ""BUY"", ""price"": ""3990.50"", ""qty"": ""0.025"", ""reduceOnly"": false}, {""side"": ""SELL"", ""price"": ""0"", ""qty"": ""0"", ""reduceOnly"": true}, {""side"": ""SELL"", ""price"": ""4015.50"", ""qty"": ""0.341"", ""reduceOnly"": true}, {""side"": ""BUY"", ""price"": ""3986.10"", ""qty"": ""0.025"", ""reduceOnly"": false}]","[{""price"": ""0"", ""qty"": ""0"", ""clientOrderId"": ""x-Cb7ytekJccb6506adfd564915c7415""}, {""price"": ""4015.50"", ""qty"": ""0.341"", ""clientOrderId"": ""TP_AUTO_TP_1759053350537""}]",3847.36,v1,ETHUSDT
2025-09-28T09:58:48.870025+00:00,"{'tipo': 'SOPORTE', 'precio': 3000.0, 'volumen': 1773.089}",3994.76,0.341,4003.4920821122696,0.01998799,"[{""side"": ""BUY"", ""price"": ""3990.50"", ""qty"": ""0.025"", ""reduceOnly"": false}, {""side"": ""SELL"", ""price"": ""0"", ""qty"": ""0"", ""reduceOnly"": true}, {""side"": ""SELL"", ""price"": ""4015.50"", ""qty"": ""0.341"", ""reduceOnly"": true}, {""side"": ""BUY"", ""price"": ""3986.10"", ""qty"": ""0.025"", ""reduceOnly"": false}]","[{""price"": ""0"", ""qty"": ""0"", ""clientOrderId"": ""x-Cb7ytekJccb6506adfd564915c7415""}, {""price"": ""4015.50"", ""qty"": ""0.341"", ""clientOrderId"": ""TP_AUTO_TP_1759053350537""}]",3847.36,v1,ETHUSDT
2025-09-28T09:58:51.775124+00:00,"{'tipo': 'SOPORTE', 'precio': 3000.0, 'volumen': 1773.089}",3995.19,0.341,4003.4920821122696,0.01998799,"[{""side"": ""BUY"", ""price"": ""3985.97"", ""qty"": ""0.025"", ""reduceOnly"": false}, {""side"": ""SELL"", ""price"": ""0"", ""qty"": ""0"", ""reduceOnly"": true}, {""side"": ""SELL"", ""price"": ""4015.50"", ""qty"": ""0.341"", ""reduceOnly"": true}, {""side"": ""BUY"", ""price"": ""3990.37"", ""qty"": ""0.025"", ""reduceOnly"": false}]","[{""price"": ""0"", ""qty"": ""0"", ""clientOrderId"": ""x-Cb7ytekJ5f11be7e69d378fa523c96""}, {""price"": ""4015.50"", ""qty"": ""0.341"", ""clientOrderId"": ""TP_AUTO_TP_1759053530863""}]",3847.36,v1,ETHUSDT
2025-09-28T10:01:48.650099+00:00,"{'tipo': 'SOPORTE', 'precio': 3593.34, 'volumen': 2209.601}",3992.6,0.341,4003.4920821122696,0.01998799,"[{""side"": ""BUY"", ""price"": ""3985.97"", ""qty"": ""0.025"", ""reduceOnly"": false}, {""side"": ""SELL"", ""price"": ""0"", ""qty"": ""0"", ""reduceOnly"": true}, {""side"": ""SELL"", ""price"": ""4015.50"", ""qty"": ""0.341"", ""reduceOnly"": true}, {""side"": ""BUY"", ""price"": ""3990.37"", ""qty"": ""0.025"", ""reduceOnly"": false}]","[{""price"": ""0"", ""qty"": ""0"", ""clientOrderId"": ""x-Cb7ytekJ5f11be7e69d378fa523c96""}, {""price"": ""4015.50"", ""qty"": ""0.341"", ""clientOrderId"": ""TP_AUTO_TP_1759053530863""}]",3847.36,v1,ETHUSDT
2025-09-28T10:01:51.576743+00:00,DUMP,3992.61,0.341,4003.4920821122696,0.01998799,"[{""side"": ""BUY"", ""price"": ""3983.82"", ""qty"": ""0.025"", ""reduceOnly"": false}, {""side"": ""BUY"", ""price"": ""3988.21"", ""qty"": ""0.025"", ""reduceOnly"": false}, {""side"": ""SELL"", ""price"": ""0"", ""qty"": ""0"", ""reduceOnly"": true}, {""side"": ""SELL"", ""price"": ""4015.50"", ""qty"": ""0.341"", ""reduceOnly"": true}]","[{""price"": ""0"", ""qty"": ""0"", ""clientOrderId"": ""x-Cb7ytekJ512b097ce687f60a1dd377""}, {""price"": ""4015.50"", ""qty"": ""0.341"", ""clientOrderId"": ""TP_AUTO_TP_1759053710659""}]",3847.36,v1,ETHUSDT
2025-09-28T10:04:48.675459+00:00,"{'tipo': 'SOPORTE', 'precio': 200.0, 'volumen': 1574.5069999999998}",3988.99,0.341,4003.4920821122696,0.01998799,"[{""side"": ""BUY"", ""price"": ""3983.82"", ""qty"": ""0.025"", ""reduceOnly"": false}, {""side"": ""BUY"", ""price"": ""3988.21"", ""qty"": ""0.025"", ""reduceOnly"": false}, {""side"": ""SELL"", ""price"": ""0"", ""qty"": ""0"", ""reduceOnly"": true}, {""side"": ""SELL"", ""price"": ""4015.50"", ""qty"": ""0.341"", ""reduceOnly"": true}]","[{""price"": ""0"", ""qty"": ""0"", ""clientOrderId"": ""x-Cb7ytekJ512b097ce687f60a1dd377""}, {""price"": ""4015.50"", ""qty"": ""0.341"", ""clientOrderId"": ""TP_AUTO_TP_1759053710659""}]",3847.36,v1,ETHUSDT
2025-09-28T10:04:52.262120+00:00,"{'tipo': 'SOPORTE', 'precio': 200.0, 'volumen': 1574.5069999999998}",3988.99,0.341,4003.4920821122696,0.01998799,"[{""side"": ""BUY"", ""price"": ""3980.21"", ""qty"": ""0.025"", ""reduceOnly"": false}, {""side"": ""SELL"", ""price"": ""0"", ""qty"": ""0"", ""reduceOnly"": true}, {""side"": ""BUY"", ""price"": ""3984.60"", ""qty"": ""0.025"", ""reduceOnly"": false}, {""side"": ""SELL"", ""price"": ""4015.50"", ""qty"": ""0.341"", ""reduceOnly"": true}]","[{""price"": ""0"", ""qty"": ""0"", ""clientOrderId"": ""x-Cb7ytekJc5c09a24bb2427527f4ae5""}, {""price"": ""4015.50"", ""qty"": ""0.341"", ""clientOrderId"": ""TP_AUTO_TP_1759053890684""}]",3847.36,v1,ETHUSDT
2025-09-28T10:07:48.776349+00:00,"{'tipo': 'SOPORTE', 'precio': 3000.0, 'volumen': 1614.712}",3988.86,0.341,4003.4920821122696,0.01998799,"[{""side"": ""BUY"", ""price"": ""3980.21"", ""qty"": ""0.025"", ""reduceOnly"": false}, {""side"": ""SELL"", ""price"": ""0"", ""qty"": ""0"", ""reduceOnly"": true}, {""side"": ""SELL"", ""price"": ""4015.50"", ""qty"": ""0.341"", ""reduceOnly"": true}]","[{""price"": ""0"", ""qty"": ""0"", ""clientOrderId"": ""x-Cb7ytekJc5c09a24bb2427527f4ae5""}, {""price"": ""4015.50"", ""qty"": ""0.341"", ""clientOrderId"": ""TP_AUTO_TP_1759053890684""}]",3847.36,v1,ETHUSDT
2025-09-28T10:07:51.711077+00:00,"{'tipo': 'SOPORTE', 'precio': 3000.0, 'volumen': 1614.712}",3988.87,0.341,4003.4920821122696,0.01998799,"[{""side"": ""BUY"", ""price"": ""3984.47"", ""qty"": ""0.025"", ""reduceOnly"": false}, {""side"": ""BUY"", ""price"": ""3980.08"", ""qty"": ""0.025"", ""reduceOnly"": false}, {""side"": ""SELL"", ""price"": ""0"", ""qty"": ""0"", ""reduceOnly"": true}, {""side"": ""SELL"", ""price"": ""4015.50"", ""qty"": ""0.341"", ""reduceOnly"": true}]","[{""price"": ""0"", ""qty"": ""0"", ""clientOrderId"": ""x-Cb7ytekJc2c426482f842eb4c706aa""}, {""price"": ""4015.50"", ""qty"": ""0.341"", ""clientOrderId"": ""TP_AUTO_TP_1759054070799""}]",3847.36,v1,ETHUSDT
2025-09-28T10:10:48.776580+00:00,"{'tipo': 'SOPORTE', 'precio': 200.0, 'volumen': 1111.958}",3991.19,0.341,4003.4920821122696,0.01998799,"[{""side"": ""BUY"", ""price"": ""3984.47"", ""qty"": ""0.025"", ""reduceOnly"": false}, {""side"": ""BUY"", ""price"": ""3980.08"", ""qty"": ""0.025"", ""reduceOnly"": false}, {""side"": ""SELL"", ""price"": ""0"", ""qty"": ""0"", ""reduceOnly"": true}, {""side"": ""SELL"", ""price"": ""4015.50"", ""qty"": ""0.341"", ""reduceOnly"": true}]","[{""price"": ""0"", ""qty"": ""0"", ""clientOrderId"": ""x-Cb7ytekJc2c426482f842eb4c706aa""}, {""price"": ""4015.50"", ""qty"": ""0.341"", ""clientOrderId"": ""TP_AUTO_TP_1759054070799""}]",3847.36,v1,ETHUSDT
2025-09-28T10:10:51.379414+00:00,"{'tipo': 'SOPORTE', 'precio': 200.0, 'volumen': 1111.958}",3991.26,0.341,4003.4920821122696,0.01998799,"[{""side"": ""SELL"", ""price"": ""0"", ""qty"": ""0"", ""reduceOnly"": true}, {""side"": ""SELL"", ""price"": ""4015.50"", ""qty"": ""0.341"", ""reduceOnly"": true}, {""side"": ""BUY"", ""price"": ""3986.80"", ""qty"": ""0.025"", ""reduceOnly"": false}]","[{""price"": ""0"", ""qty"": ""0"", ""clientOrderId"": ""x-Cb7ytekJ3e04e4980ae1c18b2d1747""}, {""price"": ""4015.50"", ""qty"": ""0.341"", ""clientOrderId"": ""TP_AUTO_TP_1759054250461""}]",3847.36,v1,ETHUSDT
2025-09-28T10:13:48.855476+00:00,"{'tipo': 'SOPORTE', 'precio': 3000.0, 'volumen': 1594.439}",3992.28,0.341,4003.4920821122696,0.01998799,"[{""side"": ""SELL"", ""price"": ""0"", ""qty"": ""0"", ""reduceOnly"": true}, {""side"": ""SELL"", ""price"": ""4015.50"", ""qty"": ""0.341"", ""reduceOnly"": true}, {""side"": ""BUY"", ""price"": ""3986.80"", ""qty"": ""0.025"", ""reduceOnly"": false}]","[{""price"": ""0"", ""qty"": ""0"", ""clientOrderId"": ""x-Cb7ytekJ3e04e4980ae1c18b2d1747""}, {""price"": ""4015.50"", ""qty"": ""0.341"", ""clientOrderId"": ""TP_AUTO_TP_1759054250461""}]",3847.36,v1,ETHUSDT
2025-09-28T10:13:51.800108+00:00,"{'tipo': 'SOPORTE', 'precio': 200.0, 'volumen': 1567.7250000000001}",3992.78,0.341,4003.4920821122696,0.01998799,"[{""side"": ""BUY"", ""price"": ""3983.50"", ""qty"": ""0.025"", ""reduceOnly"": false}, {""side"": ""BUY"", ""price"": ""3987.89"", ""qty"": ""0.025"", ""reduceOnly"": false}, {""side"": ""SELL"", ""price"": ""4015.50"", ""qty"": ""0.341"", ""reduceOnly"": true}, {""side"": ""SELL"", ""price"": ""0"", ""qty"": ""0"", ""reduceOnly"": true}]","[{""price"": ""4015.50"", ""qty"": ""0.341"", ""clientOrderId"": ""TP_AUTO_TP_1759054430871""}, {""price"": ""0"", ""qty"": ""0"", ""clientOrderId"": ""x-Cb7ytekJe8c263391ceeba2e59a628""}]",3847.36,v1,ETHUSDT
2025-09-28T10:16:48.910965+00:00,"{'tipo': 'SOPORTE', 'precio': 200.0, 'volumen': 1621.59}",3992.06,0.341,4003.4920821122696,0.01998799,"[{""side"": ""BUY"", ""price"": ""3983.50"", ""qty"": ""0.025"", ""reduceOnly"": false}, {""side"": ""BUY"", ""price"": ""3987.89"", ""qty"": ""0.025"", ""reduceOnly"": false}, {""side"": ""SELL"", ""price"": ""4015.50"", ""qty"": ""0.341"", ""reduceOnly"": true}, {""side"": ""SELL"", ""price"": ""0"", ""qty"": ""0"", ""reduceOnly"": true}]","[{""price"": ""4015.50"", ""qty"": ""0.341"", ""clientOrderId"": ""TP_AUTO_TP_1759054430871""}, {""price"": ""0"", ""qty"": ""0"", ""clientOrderId"": ""x-Cb7ytekJe8c263391ceeba2e59a628""}]",3847.36,v1,ETHUSDT
2025-09-28T10:16:51.514680+00:00,"{'tipo': 'SOPORTE', 'precio': 200.0, 'volumen': 1621.59}",3992.06,0.341,4003.4920821122696,0.01998799,"[{""side"": ""BUY"", ""price"": ""3987.67"", ""qty"": ""0.025"", ""reduceOnly"": false}, {""side"": ""SELL"", ""price"": ""4015.50"", ""qty"": ""0.341"", ""reduceOnly"": true}, {""side"": ""SELL"", ""price"": ""0"", ""qty"": ""0"", ""reduceOnly"": true}]","[{""price"": ""4015.50"", ""qty"": ""0.341"", ""clientOrderId"": ""TP_AUTO_TP_1759054610608""}, {""price"": ""0"", ""qty"": ""0"", ""clientOrderId"": ""x-Cb7ytekJ5541d0f174ac69e8f1bc8c""}]",3847.36,v1,ETHUSDT
2025-09-28T10:19:48.991029+00:00,"{'tipo': 'SOPORTE', 'precio': 200.0, 'volumen': 1570.0710000000001}",3992.66,0.341,4003.4920821122696,0.01998799,"[{""side"": ""BUY"", ""price"": ""3987.67"", ""qty"": ""0.025"", ""reduceOnly"": false}, {""side"": ""SELL"", ""price"": ""4015.50"", ""qty"": ""0.341"", ""reduceOnly"": true}, {""side"": ""SELL"", ""price"": ""0"", ""qty"": ""0"", ""reduceOnly"": true}]","[{""price"": ""4015.50"", ""qty"": ""0.341"", ""clientOrderId"": ""TP_AUTO_TP_1759054610608""}, {""price"": ""0"", ""qty"": ""0"", ""clientOrderId"": ""x-Cb7ytekJ5541d0f174ac69e8f1bc8c""}]",3847.36,v1,ETHUSDT
2025-09-28T10:19:51.916243+00:00,"{'tipo': 'SOPORTE', 'precio': 200.0, 'volumen': 1570.0710000000001}",3992.66,0.341,4003.4920821122696,0.01998799,"[{""side"": ""BUY"", ""price"": ""3988.27"", ""qty"": ""0.025"", ""reduceOnly"": false}, {""side"": ""SELL"", ""price"": ""0"", ""qty"": ""0"", ""reduceOnly"": true}, {""side"": ""SELL"", ""price"": ""4015.50"", ""qty"": ""0.341"", ""reduceOnly"": true}, {""side"": ""BUY"", ""price"": ""3983.88"", ""qty"": ""0.025"", ""reduceOnly"": false}]","[{""price"": ""0"", ""qty"": ""0"", ""clientOrderId"": ""x-Cb7ytekJb8d6c250f83b8f2c86afb1""}, {""price"": ""4015.50"", ""qty"": ""0.341"", ""clientOrderId"": ""TP_AUTO_TP_1759054791003""}]",3847.36,v1,ETHUSDT
2025-09-28T10:22:49.027338+00:00,"{'tipo': 'SOPORTE', 'precio': 3000.0, 'volumen': 1809.4879999999998}",3993.87,0.341,4003.4920821122696,0.01998799,"[{""side"": ""BUY"", ""price"": ""3988.27"", ""qty"": ""0.025"", ""reduceOnly"": false}, {""side"": ""SELL"", ""price"": ""0"", ""qty"": ""0"", ""reduceOnly"": true}, {""side"": ""SELL"", ""price"": ""4015.50"", ""qty"": ""0.341"", ""reduceOnly"": true}, {""side"": ""BUY"", ""price"": ""3983.88"", ""qty"": ""0.025"", ""reduceOnly"": false}]","[{""price"": ""0"", ""qty"": ""0"", ""clientOrderId"": ""x-Cb7ytekJb8d6c250f83b8f2c86afb1""}, {""price"": ""4015.50"", ""qty"": ""0.341"", ""clientOrderId"": ""TP_AUTO_TP_1759054791003""}]",3847.36,v1,ETHUSDT
2025-09-28T10:22:51.644414+00:00,"{'tipo': 'SOPORTE', 'precio': 3000.0, 'volumen': 1809.4879999999998}",3993.87,0.341,4003.4920821122696,0.01998799,"[{""side"": ""SELL"", ""price"": ""4015.50"", ""qty"": ""0.341"", ""reduceOnly"": true}, {""side"": ""SELL"", ""price"": ""0"", ""qty"": ""0"", ""reduceOnly"": true}, {""side"": ""BUY"", ""price"": ""3989.48"", ""qty"": ""0.025"", ""reduceOnly"": false}]","[{""price"": ""4015.50"", ""qty"": ""0.341"", ""clientOrderId"": ""TP_AUTO_TP_1759054970737""}, {""price"": ""0"", ""qty"": ""0"", ""clientOrderId"": ""x-Cb7ytekJ9c3f2d358cb3972b691763""}]",3847.36,v1,ETHUSDT
2025-09-28T10:25:49.106942+00:00,"{'tipo': 'SOPORTE', 'precio': 200.0, 'volumen': 1611.21}",3991.7,0.341,4003.4920821122696,0.01998799,"[{""side"": ""SELL"", ""price"": ""4015.50"", ""qty"": ""0.341"", ""reduceOnly"": true}, {""side"": ""SELL"", ""price"": ""0"", ""qty"": ""0"", ""reduceOnly"": true}, {""side"": ""BUY"", ""price"": ""3989.48"", ""qty"": ""0.025"", ""reduceOnly"": false}]","[{""price"": ""4015.50"", ""qty"": ""0.341"", ""clientOrderId"": ""TP_AUTO_TP_1759054970737""}, {""price"": ""0"", ""qty"": ""0"", ""clientOrderId"": ""x-Cb7ytekJ9c3f2d358cb3972b691763""}]",3847.36,v1,ETHUSDT
2025-09-28T10:25:52.035562+00:00,"{'tipo': 'SOPORTE', 'precio': 200.0, 'volumen': 1611.21}",3991.39,0.341,4003.4920821122696,0.01998799,"[{""side"": ""SELL"", ""price"": ""0"", ""qty"": ""0"", ""reduceOnly"": true}, {""side"": ""BUY"", ""price"": ""3982.92"", ""qty"": ""0.025"", ""reduceOnly"": false}, {""side"": ""SELL"", ""price"": ""4015.50"", ""qty"": ""0.341"", ""reduceOnly"": true}, {""side"": ""BUY"", ""price"": ""3987.31"", ""qty"": ""0.025"", ""reduceOnly"": false}]","[{""price"": ""0"", ""qty"": ""0"", ""clientOrderId"": ""x-Cb7ytekJ7eed09189fe9cf2bd25841""}, {""price"": ""4015.50"", ""qty"": ""0.341"", ""clientOrderId"": ""TP_AUTO_TP_1759055151132""}]",3847.36,v1,ETHUSDT
2025-09-28T10:28:49.118431+00:00,"{'tipo': 'SOPORTE', 'precio': 3000.0, 'volumen': 1642.2130000000002}",3991.78,0.341,4003.4920821122696,0.01998799,"[{""side"": ""SELL"", ""price"": ""0"", ""qty"": ""0"", ""reduceOnly"": true}, {""side"": ""BUY"", ""price"": ""3982.92"", ""qty"": ""0.025"", ""reduceOnly"": false}, {""side"": ""SELL"", ""price"": ""4015.50"", ""qty"": ""0.341"", ""reduceOnly"": true}, {""side"": ""BUY"", ""price"": ""3987.31"", ""qty"": ""0.025"", ""reduceOnly"": false}]","[{""price"": ""0"", ""qty"": ""0"", ""clientOrderId"": ""x-Cb7ytekJ7eed09189fe9cf2bd25841""}, {""price"": ""4015.50"", ""qty"": ""0.341"", ""clientOrderId"": ""TP_AUTO_TP_1759055151132""}]",3847.36,v1,ETHUSDT
2025-09-28T10:28:51.729884+00:00,"{'tipo': 'SOPORTE', 'precio': 3000.0, 'volumen': 1642.2130000000002}",3992.28,0.341,4003.4920821122696,0.01998799,"[{""side"": ""SELL"", ""price"": ""0"", ""qty"": ""0"", ""reduceOnly"": true}, {""side"": ""SELL"", ""price"": ""4015.50"", ""qty"": ""0.341"", ""reduceOnly"": true}, {""side"": ""BUY"", ""price"": ""3987.39"", ""qty"": ""0.025"", ""reduceOnly"": false}]","[{""price"": ""0"", ""qty"": ""0"", ""clientOrderId"": ""x-Cb7ytekJ87a58917ee8120cba6f68""}, {""price"": ""4015.50"", ""qty"": ""0.341"", ""clientOrderId"": ""TP_AUTO_TP_1759055330815""}]",3847.36,v1,ETHUSDT
2025-09-28T10:31:49.136529+00:00,DUMP,3991.97,0.341,4003.4920821122696,0.01998799,"[{""side"": ""SELL"", ""price"": ""0"", ""qty"": ""0"", ""reduceOnly"": true}, {""side"": ""SELL"", ""price"": ""4015.50"", ""qty"": ""0.341"", ""reduceOnly"": true}, {""side"": ""BUY"", ""price"": ""3987.39"", ""qty"": ""0.025"", ""reduceOnly"": false}]","[{""price"": ""0"", ""qty"": ""0"", ""clientOrderId"": ""x-Cb7ytekJ87a58917ee8120cba6f68""}, {""price"": ""4015.50"", ""qty"": ""0.341"", ""clientOrderId"": ""TP_AUTO_TP_1759055330815""}]",3847.36,v1,ETHUSDT
2025-09-28T10:31:52.053332+00:00,DUMP,3992.04,0.341,4003.4920821122696,0.01998799,"[{""side"": ""BUY"", ""price"": ""3960.83"", ""qty"": ""0.025"", ""reduceOnly"": false}, {""side"": ""SELL"", ""price"": ""0"", ""qty"": ""0"", ""reduceOnly"": true}, {""side"": ""SELL"", ""price"": ""4015.50"", ""qty"": ""0.341"", ""reduceOnly"": true}, {""side"": ""BUY"", ""price"": ""3976.40"", ""qty"": ""0.025"", ""reduceOnly"": false}]","[{""price"": ""0"", ""qty"": ""0"", ""clientOrderId"": ""x-Cb7ytekJ3c20edb5f397fd10c364f7""}, {""price"": ""4015.50"", ""qty"": ""0.341"", ""clientOrderId"": ""TP_AUTO_TP_1759055511146""}]",3847.36,v1,ETHUSDT
2025-09-28T10:34:49.206467+00:00,DUMP,3993.39,0.341,4003.4920821122696,0.01998799,"[{""side"": ""BUY"", ""price"": ""3960.83"", ""qty"": ""0.025"", ""reduceOnly"": false}, {""side"": ""SELL"", ""price"": ""0"", ""qty"": ""0"", ""reduceOnly"": true}, {""side"": ""SELL"", ""price"": ""4015.50"", ""qty"": ""0.341"", ""reduceOnly"": true}, {""side"": ""BUY"", ""price"": ""3976.40"", ""qty"": ""0.025"", ""reduceOnly"": false}]","[{""price"": ""0"", ""qty"": ""0"", ""clientOrderId"": ""x-Cb7ytekJ3c20edb5f397fd10c364f7""}, {""price"": ""4015.50"", ""qty"": ""0.341"", ""clientOrderId"": ""TP_AUTO_TP_1759055511146""}]",3847.36,v1,ETHUSDT
2025-09-28T10:34:51.829035+00:00,DUMP,3993.39,0.341,4003.4920821122696,0.01998799,"[{""side"": ""BUY"", ""price"": ""3977.82"", ""qty"": ""0.025"", ""reduceOnly"": false}, {""side"": ""SELL"", ""price"": ""0"", ""qty"": ""0"", ""reduceOnly"": true}, {""side"": ""SELL"", ""price"": ""4015.50"", ""qty"": ""0.341"", ""reduceOnly"": true}]","[{""price"": ""0"", ""qty"": ""0"", ""clientOrderId"": ""x-Cb7ytekJ1f1395c69969802cd614a1""}, {""price"": ""4015.50"", ""qty"": ""0.341"", ""clientOrderId"": ""TP_AUTO_TP_1759055690917""}]",3847.36,v1,ETHUSDT
2025-09-28T10:37:49.216336+00:00,"{'tipo': 'SOPORTE', 'precio': 200.0, 'volumen': 1610.169}",3990.66,0.341,4003.4920821122696,0.01998799,"[{""side"": ""BUY"", ""price"": ""3977.82"", ""qty"": ""0.025"", ""reduceOnly"": false}, {""side"": ""SELL"", ""price"": ""0"", ""qty"": ""0"", ""reduceOnly"": true}, {""side"": ""SELL"", ""price"": ""4015.50"", ""qty"": ""0.341"", ""reduceOnly"": true}]","[{""price"": ""0"", ""qty"": ""0"", ""clientOrderId"": ""x-Cb7ytekJ1f1395c69969802cd614a1""}, {""price"": ""4015.50"", ""qty"": ""0.341"", ""clientOrderId"": ""TP_AUTO_TP_1759055690917""}]",3847.36,v1,ETHUSDT
2025-09-28T10:37:52.148020+00:00,DUMP,3992.15,0.341,4003.4920821122696,0.01998799,"[{""side"": ""SELL"", ""price"": ""0"", ""qty"": ""0"", ""reduceOnly"": true}, {""side"": ""SELL"", ""price"": ""4015.50"", ""qty"": ""0.341"", ""reduceOnly"": true}, {""side"": ""BUY"", ""price"": ""3981.88"", ""qty"": ""0.025"", ""reduceOnly"": false}, {""side"": ""BUY"", ""price"": ""3986.27"", ""qty"": ""0.025"", ""reduceOnly"": false}]","[{""price"": ""0"", ""qty"": ""0"", ""clientOrderId"": ""x-Cb7ytekJb6bf57e422f072af53ff36""}, {""price"": ""4015.50"", ""qty"": ""0.341"", ""clientOrderId"": ""TP_AUTO_TP_1759055871235""}]",3847.36,v1,ETHUSDT
2025-09-28T10:40:49.251377+00:00,"{'tipo': 'SOPORTE', 'precio': 200.0, 'volumen': 1607.144}",3995.42,0.341,4003.4920821122696,0.01998799,"[{""side"": ""SELL"", ""price"": ""0"", ""qty"": ""0"", ""reduceOnly"": true}, {""side"": ""SELL"", ""price"": ""4015.50"", ""qty"": ""0.341"", ""reduceOnly"": true}, {""side"": ""BUY"", ""price"": ""3981.88"", ""qty"": ""0.025"", ""reduceOnly"": false}, {""side"": ""BUY"", ""price"": ""3986.27"", ""qty"": ""0.025"", ""reduceOnly"": false}]","[{""price"": ""0"", ""qty"": ""0"", ""clientOrderId"": ""x-Cb7ytekJb6bf57e422f072af53ff36""}, {""price"": ""4015.50"", ""qty"": ""0.341"", ""clientOrderId"": ""TP_AUTO_TP_1759055871235""}]",3847.36,v1,ETHUSDT
2025-09-28T10:40:51.865087+00:00,"{'tipo': 'SOPORTE', 'precio': 200.0, 'volumen': 1607.144}",3995.59,0.341,4003.4920821122696,0.01998799,"[{""side"": ""SELL"", ""price"": ""0"", ""qty"": ""0"", ""reduceOnly"": true}, {""side"": ""SELL"", ""price"": ""4015.50"", ""qty"": ""0.341"", ""reduceOnly"": true}, {""side"": ""BUY"", ""price"": ""3991.03"", ""qty"": ""0.025"", ""reduceOnly"": false}]","[{""price"": ""0"", ""qty"": ""0"", ""clientOrderId"": ""x-Cb7ytekJf522a928af92cf4b8113d8""}, {""price"": ""4015.50"", ""qty"": ""0.341"", ""clientOrderId"": ""TP_AUTO_TP_1759056050952""}]",3847.36,v1,ETHUSDT
2025-09-28T10:43:49.299979+00:00,"{'tipo': 'SOPORTE', 'precio': 3000.0, 'volumen': 1645.509}",3995.38,0.341,4003.4920821122696,0.01998799,"[{""side"": ""SELL"", ""price"": ""0"", ""qty"": ""0"", ""reduceOnly"": true}, {""side"": ""SELL"", ""price"": ""4015.50"", ""qty"": ""0.341"", ""reduceOnly"": true}, {""side"": ""BUY"", ""price"": ""3991.03"", ""qty"": ""0.025"", ""reduceOnly"": false}]","[{""price"": ""0"", ""qty"": ""0"", ""clientOrderId"": ""x-Cb7ytekJf522a928af92cf4b8113d8""}, {""price"": ""4015.50"", ""qty"": ""0.341"", ""clientOrderId"": ""TP_AUTO_TP_1759056050952""}]",3847.36,v1,ETHUSDT
2025-09-28T10:43:52.209789+00:00,"{'tipo': 'SOPORTE', 'precio': 3000.0, 'volumen': 1645.509}",3995.39,0.341,4003.4920821122696,0.01998799,"[{""side"": ""SELL"", ""price"": ""0"", ""qty"": ""0"", ""reduceOnly"": true}, {""side"": ""BUY"", ""price"": ""3990.99"", ""qty"": ""0.025"", ""reduceOnly"": false}, {""side"": ""SELL"", ""price"": ""4015.50"", ""qty"": ""0.341"", ""reduceOnly"": true}, {""side"": ""BUY"", ""price"": ""3986.59"", ""qty"": ""0.025"", ""reduceOnly"": false}]","[{""price"": ""0"", ""qty"": ""0"", ""clientOrderId"": ""x-Cb7ytekJ10239cc17d61f1b55c09de""}, {""price"": ""4015.50"", ""qty"": ""0.341"", ""clientOrderId"": ""TP_AUTO_TP_1759056231307""}]",3847.36,v1,ETHUSDT
2025-09-28T10:46:49.303177+00:00,"{'tipo': 'SOPORTE', 'precio': 200.0, 'volumen': 2337.07}",3995.01,0.341,4003.4920821122696,0.01998799,"[{""side"": ""SELL"", ""price"": ""0"", ""qty"": ""0"", ""reduceOnly"": true}, {""side"": ""BUY"", ""price"": ""3990.99"", ""qty"": ""0.025"", ""reduceOnly"": false}, {""side"": ""SELL"", ""price"": ""4015.50"", ""qty"": ""0.341"", ""reduceOnly"": true}, {""side"": ""BUY"", ""price"": ""3986.59"", ""qty"": ""0.025"", ""reduceOnly"": false}]","[{""price"": ""0"", ""qty"": ""0"", ""clientOrderId"": ""x-Cb7ytekJ10239cc17d61f1b55c09de""}, {""price"": ""4015.50"", ""qty"": ""0.341"", ""clientOrderId"": ""TP_AUTO_TP_1759056231307""}]",3847.36,v1,ETHUSDT
2025-09-28T10:46:51.923601+00:00,"{'tipo': 'SOPORTE', 'precio': 200.0, 'volumen': 2333.738}",3995.0,0.341,4003.4920821122696,0.01998799,"[{""side"": ""BUY"", ""price"": ""3990.62"", ""qty"": ""0.025"", ""reduceOnly"": false}, {""side"": ""SELL"", ""price"": ""4015.50"", ""qty"": ""0.341"", ""reduceOnly"": true}, {""side"": ""SELL"", ""price"": ""0"", ""qty"": ""0"", ""reduceOnly"": true}]","[{""price"": ""4015.50"", ""qty"": ""0.341"", ""clientOrderId"": ""TP_AUTO_TP_1759056411018""}, {""price"": ""0"", ""qty"": ""0"", ""clientOrderId"": ""x-Cb7ytekJf430b1e88859b1d359b697""}]",3847.36,v1,ETHUSDT
2025-09-28T10:49:49.342375+00:00,"{'tipo': 'SOPORTE', 'precio': 200.0, 'volumen': 131.27}",3995.35,0.341,4003.4920821122696,0.01998799,"[{""side"": ""BUY"", ""price"": ""3990.62"", ""qty"": ""0.025"", ""reduceOnly"": false}, {""side"": ""SELL"", ""price"": ""4015.50"", ""qty"": ""0.341"", ""reduceOnly"": true}, {""side"": ""SELL"", ""price"": ""0"", ""qty"": ""0"", ""reduceOnly"": true}]","[{""price"": ""4015.50"", ""qty"": ""0.341"", ""clientOrderId"": ""TP_AUTO_TP_1759056411018""}, {""price"": ""0"", ""qty"": ""0"", ""clientOrderId"": ""x-Cb7ytekJf430b1e88859b1d359b697""}]",3847.36,v1,ETHUSDT
2025-09-28T10:49:52.263088+00:00,"{'tipo': 'SOPORTE', 'precio': 200.0, 'volumen': 131.27}",3995.35,0.341,4003.4920821122696,0.01998799,"[{""side"": ""SELL"", ""price"": ""4015.50"", ""qty"": ""0.341"", ""reduceOnly"": true}, {""side"": ""BUY"", ""price"": ""3990.96"", ""qty"": ""0.025"", ""reduceOnly"": false}, {""side"": ""BUY"", ""price"": ""3986.56"", ""qty"": ""0.025"", ""reduceOnly"": false}, {""side"": ""SELL"", ""price"": ""0"", ""qty"": ""0"", ""reduceOnly"": true}]","[{""price"": ""4015.50"", ""qty"": ""0.341"", ""clientOrderId"": ""TP_AUTO_TP_1759056591358""}, {""price"": ""0"", ""qty"": ""0"", ""clientOrderId"": ""x-Cb7ytekJb6bd2d909cf7dc28df0753""}]",3847.36,v1,ETHUSDT
2025-09-28T10:52:49.457777+00:00,"{'tipo': 'SOPORTE', 'precio': 3000.0, 'volumen': 2278.8489999999997}",3995.51,0.341,4003.4920821122696,0.01998799,"[{""side"": ""SELL"", ""price"": ""4015.50"", ""qty"": ""0.341"", ""reduceOnly"": true}, {""side"": ""BUY"", ""price"": ""3990.96"", ""qty"": ""0.025"", ""reduceOnly"": false}, {""side"": ""BUY"", ""price"": ""3986.56"", ""qty"": ""0.025"", ""reduceOnly"": false}, {""side"": ""SELL"", ""price"": ""0"", ""qty"": ""0"", ""reduceOnly"": true}]","[{""price"": ""4015.50"", ""qty"": ""0.341"", ""clientOrderId"": ""TP_AUTO_TP_1759056591358""}, {""price"": ""0"", ""qty"": ""0"", ""clientOrderId"": ""x-Cb7ytekJb6bd2d909cf7dc28df0753""}]",3847.36,v1,ETHUSDT
2025-09-28T10:52:52.076455+00:00,"{'tipo': 'SOPORTE', 'precio': 3000.0, 'volumen': 2278.8489999999997}",3995.51,0.341,4003.4920821122696,0.01998799,"[{""side"": ""SELL"", ""price"": ""4015.50"", ""qty"": ""0.341"", ""reduceOnly"": true}, {""side"": ""SELL"", ""price"": ""0"", ""qty"": ""0"", ""reduceOnly"": true}, {""side"": ""BUY"", ""price"": ""3991.11"", ""qty"": ""0.025"", ""reduceOnly"": false}]","[{""price"": ""4015.50"", ""qty"": ""0.341"", ""clientOrderId"": ""TP_AUTO_TP_1759056771162""}, {""price"": ""0"", ""qty"": ""0"", ""clientOrderId"": ""x-Cb7ytekJb9601377c1e7f4ef38ca18""}]",3847.36,v1,ETHUSDT
2025-09-28T10:55:49.472096+00:00,"{'tipo': 'SOPORTE', 'precio': 200.0, 'volumen': 1642.142}",3993.8,0.341,4003.4920821122696,0.01998799,"[{""side"": ""SELL"", ""price"": ""4015.50"", ""qty"": ""0.341"", ""reduceOnly"": true}, {""side"": ""SELL"", ""price"": ""0"", ""qty"": ""0"", ""reduceOnly"": true}, {""side"": ""BUY"", ""price"": ""3991.11"", ""qty"": ""0.025"", ""reduceOnly"": false}]","[{""price"": ""4015.50"", ""qty"": ""0.341"", ""clientOrderId"": ""TP_AUTO_TP_1759056771162""}, {""price"": ""0"", ""qty"": ""0"", ""clientOrderId"": ""x-Cb7ytekJb9601377c1e7f4ef38ca18""}]",3847.36,v1,ETHUSDT
2025-09-28T10:55:52.389926+00:00,"{'tipo': 'SOPORTE', 'precio': 200.0, 'volumen': 1642.142}",3993.81,0.341,4003.4920821122696,0.01998799,"[{""side"": ""BUY"", ""price"": ""3985.01"", ""qty"": ""0.025"", ""reduceOnly"": false}, {""side"": ""SELL"", ""price"": ""0"", ""qty"": ""0"", ""reduceOnly"": true}, {""side"": ""SELL"", ""price"": ""4015.50"", ""qty"": ""0.341"", ""reduceOnly"": true}, {""side"": ""BUY"", ""price"": ""3989.41"", ""qty"": ""0.025"", ""reduceOnly"": false}]","[{""price"": ""0"", ""qty"": ""0"", ""clientOrderId"": ""x-Cb7ytekJ85178e302d6ed0a3d071cb""}, {""price"": ""4015.50"", ""qty"": ""0.341"", ""clientOrderId"": ""TP_AUTO_TP_1759056951485""}]",3847.36,v1,ETHUSDT
2025-09-28T10:58:49.486874+00:00,"{'tipo': 'SOPORTE', 'precio': 200.0, 'volumen': 1616.59}",3994.95,0.341,4003.4920821122696,0.01998799,"[{""side"": ""BUY"", ""price"": ""3985.01"", ""qty"": ""0.025"", ""reduceOnly"": false}, {""side"": ""SELL"", ""price"": ""0"", ""qty"": ""0"", ""reduceOnly"": true}, {""side"": ""SELL"", ""price"": ""4015.50"", ""qty"": ""0.341"", ""reduceOnly"": true}, {""side"": ""BUY"", ""price"": ""3989.41"", ""qty"": ""0.025"", ""reduceOnly"": false}]","[{""price"": ""0"", ""qty"": ""0"", ""clientOrderId"": ""x-Cb7ytekJ85178e302d6ed0a3d071cb""}, {""price"": ""4015.50"", ""qty"": ""0.341"", ""clientOrderId"": ""TP_AUTO_TP_1759056951485""}]",3847.36,v1,ETHUSDT
2025-09-28T10:58:52.099391+00:00,DUMP,3994.7,0.341,4003.4920821122696,0.01998799,"[{""side"": ""SELL"", ""price"": ""4015.50"", ""qty"": ""0.341"", ""reduceOnly"": true}, {""side"": ""BUY"", ""price"": ""3990.56"", ""qty"": ""0.025"", ""reduceOnly"": false}, {""side"": ""SELL"", ""price"": ""0"", ""qty"": ""0"", ""reduceOnly"": true}]","[{""price"": ""4015.50"", ""qty"": ""0.341"", ""clientOrderId"": ""TP_AUTO_TP_1759057131194""}, {""price"": ""0"", ""qty"": ""0"", ""clientOrderId"": ""x-Cb7ytekJbbeb35198cc7a80d9990d1""}]",3847.36,v1,ETHUSDT
2025-09-28T11:01:49.551551+00:00,"{'tipo': 'SOPORTE', 'precio': 200.0, 'volumen': 136.934}",3993.8,0.341,4003.4920821122696,0.01998799,"[{""side"": ""SELL"", ""price"": ""4015.50"", ""qty"": ""0.341"", ""reduceOnly"": true}, {""side"": ""BUY"", ""price"": ""3990.56"", ""qty"": ""0.025"", ""reduceOnly"": false}, {""side"": ""SELL"", ""price"": ""0"", ""qty"": ""0"", ""reduceOnly"": true}]","[{""price"": ""4015.50"", ""qty"": ""0.341"", ""clientOrderId"": ""TP_AUTO_TP_1759057131194""}, {""price"": ""0"", ""qty"": ""0"", ""clientOrderId"": ""x-Cb7ytekJbbeb35198cc7a80d9990d1""}]",3847.36,v1,ETHUSDT
2025-09-28T11:01:52.457167+00:00,"{'tipo': 'SOPORTE', 'precio': 200.0, 'volumen': 136.934}",3993.8,0.341,4003.4920821122696,0.01998799,"[{""side"": ""SELL"", ""price"": ""4015.50"", ""qty"": ""0.341"", ""reduceOnly"": true}, {""side"": ""BUY"", ""price"": ""3985.01"", ""qty"": ""0.025"", ""reduceOnly"": false}, {""side"": ""SELL"", ""price"": ""0"", ""qty"": ""0"", ""reduceOnly"": true}, {""side"": ""BUY"", ""price"": ""3989.41"", ""qty"": ""0.025"", ""reduceOnly"": false}]","[{""price"": ""4015.50"", ""qty"": ""0.341"", ""clientOrderId"": ""TP_AUTO_TP_1759057311546""}, {""price"": ""0"", ""qty"": ""0"", ""clientOrderId"": ""x-Cb7ytekJ78f7ce0be56387694f20cd""}]",3847.36,v1,ETHUSDT
2025-09-28T11:04:49.633418+00:00,"{'tipo': 'SOPORTE', 'precio': 200.0, 'volumen': 1671.251}",3993.87,0.341,4003.4920821122696,0.01998799,"[{""side"": ""SELL"", ""price"": ""4015.50"", ""qty"": ""0.341"", ""reduceOnly"": true}, {""side"": ""BUY"", ""price"": ""3985.01"", ""qty"": ""0.025"", ""reduceOnly"": false}, {""side"": ""SELL"", ""price"": ""0"", ""qty"": ""0"", ""reduceOnly"": true}, {""side"": ""BUY"", ""price"": ""3989.41"", ""qty"": ""0.025"", ""reduceOnly"": false}]","[{""price"": ""4015.50"", ""qty"": ""0.341"", ""clientOrderId"": ""TP_AUTO_TP_1759057311546""}, {""price"": ""0"", ""qty"": ""0"", ""clientOrderId"": ""x-Cb7ytekJ78f7ce0be56387694f20cd""}]",3847.36,v1,ETHUSDT
2025-09-28T11:04:52.257000+00:00,"{'tipo': 'SOPORTE', 'precio': 200.0, 'volumen': 1671.251}",3993.87,0.341,4003.4920821122696,0.01998799,"[{""side"": ""BUY"", ""price"": ""3989.48"", ""qty"": ""0.025"", ""reduceOnly"": false}, {""side"": ""SELL"", ""price"": ""4015.50"", ""qty"": ""0.341"", ""reduceOnly"": true}, {""side"": ""SELL"", ""price"": ""0"", ""qty"": ""0"", ""reduceOnly"": true}]","[{""price"": ""4015.50"", ""qty"": ""0.341"", ""clientOrderId"": ""TP_AUTO_TP_1759057491329""}, {""price"": ""0"", ""qty"": ""0"", ""clientOrderId"": ""x-Cb7ytekJ2f118cffae5779f877ea69""}]",3847.36,v1,ETHUSDT
2025-09-28T11:07:49.645664+00:00,"{'tipo': 'SOPORTE', 'precio': 200.0, 'volumen': 1640.8}",3991.2,0.341,4003.4920821122696,0.01998799,"[{""side"": ""BUY"", ""price"": ""3989.48"", ""qty"": ""0.025"", ""reduceOnly"": false}, {""side"": ""SELL"", ""price"": ""4015.50"", ""qty"": ""0.341"", ""reduceOnly"": true}, {""side"": ""SELL"", ""price"": ""0"", ""qty"": ""0"", ""reduceOnly"": true}]","[{""price"": ""4015.50"", ""qty"": ""0.341"", ""clientOrderId"": ""TP_AUTO_TP_1759057491329""}, {""price"": ""0"", ""qty"": ""0"", ""clientOrderId"": ""x-Cb7ytekJ2f118cffae5779f877ea69""}]",3847.36,v1,ETHUSDT
2025-09-28T11:07:52.586292+00:00,"{'tipo': 'SOPORTE', 'precio': 200.0, 'volumen': 1640.8}",3991.18,0.341,4003.4920821122696,0.01998799,"[{""side"": ""SELL"", ""price"": ""4015.50"", ""qty"": ""0.341"", ""reduceOnly"": true}, {""side"": ""BUY"", ""price"": ""3986.81"", ""qty"": ""0.025"", ""reduceOnly"": false}, {""side"": ""BUY"", ""price"": ""3982.42"", ""qty"": ""0.025"", ""reduceOnly"": false}, {""side"": ""SELL"", ""price"": ""0"", ""qty"": ""0"", ""reduceOnly"": true}]","[{""price"": ""4015.50"", ""qty"": ""0.341"", ""clientOrderId"": ""TP_AUTO_TP_1759057671677""}, {""price"": ""0"", ""qty"": ""0"", ""clientOrderId"": ""x-Cb7ytekJ81c307ea4919fa778967f5""}]",3847.36,v1,ETHUSDT
2025-09-28T11:10:49.646393+00:00,"{'tipo': 'SOPORTE', 'precio': 200.0, 'volumen': 1401.0349999999999}",3990.06,0.341,4003.4920821122696,0.01998799,"[{""side"": ""SELL"", ""price"": ""4015.50"", ""qty"": ""0.341"", ""reduceOnly"": true}, {""side"": ""BUY"", ""price"": ""3986.81"", ""qty"": ""0.025"", ""reduceOnly"": false}, {""side"": ""BUY"", ""price"": ""3982.42"", ""qty"": ""0.025"", ""reduceOnly"": false}, {""side"": ""SELL"", ""price"": ""0"", ""qty"": ""0"", ""reduceOnly"": true}]","[{""price"": ""4015.50"", ""qty"": ""0.341"", ""clientOrderId"": ""TP_AUTO_TP_1759057671677""}, {""price"": ""0"", ""qty"": ""0"", ""clientOrderId"": ""x-Cb7ytekJ81c307ea4919fa778967f5""}]",3847.36,v1,ETHUSDT
2025-09-28T11:10:52.254012+00:00,"{'tipo': 'SOPORTE', 'precio': 200.0, 'volumen': 1401.0349999999999}",3990.06,0.341,4003.4920821122696,0.01998799,"[{""side"": ""SELL"", ""price"": ""4015.50"", ""qty"": ""0.341"", ""reduceOnly"": true}, {""side"": ""SELL"", ""price"": ""0"", ""qty"": ""0"", ""reduceOnly"": true}, {""side"": ""BUY"", ""price"": ""3985.67"", ""qty"": ""0.025"", ""reduceOnly"": false}]","[{""price"": ""4015.50"", ""qty"": ""0.341"", ""clientOrderId"": ""TP_AUTO_TP_1759057851346""}, {""price"": ""0"", ""qty"": ""0"", ""clientOrderId"": ""x-Cb7ytekJ9aaf4d09fa972ea690cfd4""}]",3847.36,v1,ETHUSDT
2025-09-28T11:13:49.677173+00:00,"{'tipo': 'SOPORTE', 'precio': 3000.0, 'volumen': 1617.1580000000001}",3991.25,0.341,4003.4920821122696,0.01998799,"[{""side"": ""SELL"", ""price"": ""4015.50"", ""qty"": ""0.341"", ""reduceOnly"": true}, {""side"": ""SELL"", ""price"": ""0"", ""qty"": ""0"", ""reduceOnly"": true}, {""side"": ""BUY"", ""price"": ""3985.67"", ""qty"": ""0.025"", ""reduceOnly"": false}]","[{""price"": ""4015.50"", ""qty"": ""0.341"", ""clientOrderId"": ""TP_AUTO_TP_1759057851346""}, {""price"": ""0"", ""qty"": ""0"", ""clientOrderId"": ""x-Cb7ytekJ9aaf4d09fa972ea690cfd4""}]",3847.36,v1,ETHUSDT
2025-09-28T11:13:52.650544+00:00,"{'tipo': 'SOPORTE', 'precio': 3000.0, 'volumen': 1617.1580000000001}",3991.25,0.341,4003.4920821122696,0.01998799,"[{""side"": ""BUY"", ""price"": ""3982.47"", ""qty"": ""0.025"", ""reduceOnly"": false}, {""side"": ""SELL"", ""price"": ""4015.50"", ""qty"": ""0.341"", ""reduceOnly"": true}, {""side"": ""BUY"", ""price"": ""3986.86"", ""qty"": ""0.025"", ""reduceOnly"": false}, {""side"": ""SELL"", ""price"": ""0"", ""qty"": ""0"", ""reduceOnly"": true}]","[{""price"": ""4015.50"", ""qty"": ""0.341"", ""clientOrderId"": ""TP_AUTO_TP_1759058031721""}, {""price"": ""0"", ""qty"": ""0"", ""clientOrderId"": ""x-Cb7ytekJ9ece53f42b93bb2c0bd888""}]",3847.36,v1,ETHUSDT
2025-09-28T11:16:49.709348+00:00,"{'tipo': 'SOPORTE', 'precio': 200.0, 'volumen': 1655.5929999999996}",3992.93,0.341,4003.4920821122696,0.01998799,"[{""side"": ""BUY"", ""price"": ""3982.47"", ""qty"": ""0.025"", ""reduceOnly"": false}, {""side"": ""SELL"", ""price"": ""4015.50"", ""qty"": ""0.341"", ""reduceOnly"": true}, {""side"": ""BUY"", ""price"": ""3986.86"", ""qty"": ""0.025"", ""reduceOnly"": false}, {""side"": ""SELL"", ""price"": ""0"", ""qty"": ""0"", ""reduceOnly"": true}]","[{""price"": ""4015.50"", ""qty"": ""0.341"", ""clientOrderId"": ""TP_AUTO_TP_1759058031721""}, {""price"": ""0"", ""qty"": ""0"", ""clientOrderId"": ""x-Cb7ytekJ9ece53f42b93bb2c0bd888""}]",3847.36,v1,ETHUSDT
2025-09-28T11:16:52.327912+00:00,"{'tipo': 'SOPORTE', 'precio': 200.0, 'volumen': 1655.5929999999996}",3993.0,0.341,4003.4920821122696,0.01998799,"[{""side"": ""SELL"", ""price"": ""4015.50"", ""qty"": ""0.341"", ""reduceOnly"": true}, {""side"": ""SELL"", ""price"": ""0"", ""qty"": ""0"", ""reduceOnly"": true}, {""side"": ""BUY"", ""price"": ""3988.54"", ""qty"": ""0.025"", ""reduceOnly"": false}]","[{""price"": ""4015.50"", ""qty"": ""0.341"", ""clientOrderId"": ""TP_AUTO_TP_1759058211418""}, {""price"": ""0"", ""qty"": ""0"", ""clientOrderId"": ""x-Cb7ytekJ1835d6c51cd3334c673719""}]",3847.36,v1,ETHUSDT
2025-09-28T11:19:49.714022+00:00,"{'tipo': 'SOPORTE', 'precio': 200.0, 'volumen': 1616.5099999999998}",3989.85,0.341,4003.4920821122696,0.01998799,"[{""side"": ""SELL"", ""price"": ""4015.50"", ""qty"": ""0.341"", ""reduceOnly"": true}, {""side"": ""SELL"", ""price"": ""0"", ""qty"": ""0"", ""reduceOnly"": true}, {""side"": ""BUY"", ""price"": ""3988.54"", ""qty"": ""0.025"", ""reduceOnly"": false}]","[{""price"": ""4015.50"", ""qty"": ""0.341"", ""clientOrderId"": ""TP_AUTO_TP_1759058211418""}, {""price"": ""0"", ""qty"": ""0"", ""clientOrderId"": ""x-Cb7ytekJ1835d6c51cd3334c673719""}]",3847.36,v1,ETHUSDT
2025-09-28T11:19:52.654348+00:00,"{'tipo': 'SOPORTE', 'precio': 200.0, 'volumen': 1616.5099999999998}",3989.86,0.341,4003.4920821122696,0.01998799,"[{""side"": ""BUY"", ""price"": ""3981.07"", ""qty"": ""0.025"", ""reduceOnly"": false}, {""side"": ""SELL"", ""price"": ""4015.50"", ""qty"": ""0.341"", ""reduceOnly"": true}, {""side"": ""BUY"", ""price"": ""3985.46"", ""qty"": ""0.025"", ""reduceOnly"": false}, {""side"": ""SELL"", ""price"": ""0"", ""qty"": ""0"", ""reduceOnly"": true}]","[{""price"": ""4015.50"", ""qty"": ""0.341"", ""clientOrderId"": ""TP_AUTO_TP_1759058391743""}, {""price"": ""0"", ""qty"": ""0"", ""clientOrderId"": ""x-Cb7ytekJ4b35e30529c73d77e2f21e""}]",3847.36,v1,ETHUSDT
2025-09-28T11:22:49.758623+00:00,"{'tipo': 'SOPORTE', 'precio': 200.0, 'volumen': 334.673}",3985.85,0.341,4003.4920821122696,0.01998799,"[{""side"": ""BUY"", ""price"": ""3981.07"", ""qty"": ""0.025"", ""reduceOnly"": false}, {""side"": ""SELL"", ""price"": ""4015.50"", ""qty"": ""0.341"", ""reduceOnly"": true}, {""side"": ""SELL"", ""price"": ""0"", ""qty"": ""0"", ""reduceOnly"": true}]","[{""price"": ""4015.50"", ""qty"": ""0.341"", ""clientOrderId"": ""TP_AUTO_TP_1759058391743""}, {""price"": ""0"", ""qty"": ""0"", ""clientOrderId"": ""x-Cb7ytekJ4b35e30529c73d77e2f21e""}]",3847.36,v1,ETHUSDT
2025-09-28T11:22:52.395352+00:00,"{'tipo': 'SOPORTE', 'precio': 200.0, 'volumen': 334.673}",3985.85,0.341,4003.4920821122696,0.01998799,"[{""side"": ""SELL"", ""price"": ""0"", ""qty"": ""0"", ""reduceOnly"": true}, {""side"": ""BUY"", ""price"": ""3981.47"", ""qty"": ""0.025"", ""reduceOnly"": false}, {""side"": ""SELL"", ""price"": ""4015.50"", ""qty"": ""0.341"", ""reduceOnly"": true}]","[{""price"": ""0"", ""qty"": ""0"", ""clientOrderId"": ""x-Cb7ytekJd0ac9ef1f5aea63998c68c""}, {""price"": ""4015.50"", ""qty"": ""0.341"", ""clientOrderId"": ""TP_AUTO_TP_1759058571480""}]",3847.36,v1,ETHUSDT
2025-09-28T11:25:49.842916+00:00,DUMP,3986.11,0.341,4003.4920821122696,0.01998799,"[{""side"": ""SELL"", ""price"": ""0"", ""qty"": ""0"", ""reduceOnly"": true}, {""side"": ""BUY"", ""price"": ""3981.47"", ""qty"": ""0.025"", ""reduceOnly"": false}, {""side"": ""SELL"", ""price"": ""4015.50"", ""qty"": ""0.341"", ""reduceOnly"": true}]","[{""price"": ""0"", ""qty"": ""0"", ""clientOrderId"": ""x-Cb7ytekJd0ac9ef1f5aea63998c68c""}, {""price"": ""4015.50"", ""qty"": ""0.341"", ""clientOrderId"": ""TP_AUTO_TP_1759058571480""}]",3847.36,v1,ETHUSDT
2025-09-28T11:25:52.458429+00:00,DUMP,3986.11,0.341,4003.4920821122696,0.01998799,"[{""side"": ""SELL"", ""price"": ""4015.50"", ""qty"": ""0.341"", ""reduceOnly"": true}, {""side"": ""SELL"", ""price"": ""0"", ""qty"": ""0"", ""reduceOnly"": true}, {""side"": ""BUY"", ""price"": ""3970.56"", ""qty"": ""0.025"", ""reduceOnly"": false}]","[{""price"": ""4015.50"", ""qty"": ""0.341"", ""clientOrderId"": ""TP_AUTO_TP_1759058751557""}, {""price"": ""0"", ""qty"": ""0"", ""clientOrderId"": ""x-Cb7ytekJ6f95f99a61d4600617e7aa""}]",3847.36,v1,ETHUSDT
2025-09-28T11:28:50.194937+00:00,DUMP,3984.09,0.341,4003.4920821122696,0.01998799,"[{""side"": ""SELL"", ""price"": ""4015.50"", ""qty"": ""0.341"", ""reduceOnly"": true}, {""side"": ""SELL"", ""price"": ""0"", ""qty"": ""0"", ""reduceOnly"": true}, {""side"": ""BUY"", ""price"": ""3970.56"", ""qty"": ""0.025"", ""reduceOnly"": false}]","[{""price"": ""4015.50"", ""qty"": ""0.341"", ""clientOrderId"": ""TP_AUTO_TP_1759058751557""}, {""price"": ""0"", ""qty"": ""0"", ""clientOrderId"": ""x-Cb7ytekJ6f95f99a61d4600617e7aa""}]",3847.36,v1,ETHUSDT
2025-09-28T11:28:52.821223+00:00,DUMP,3984.09,0.341,4003.4920821122696,0.01998799,"[{""side"": ""SELL"", ""price"": ""0"", ""qty"": ""0"", ""reduceOnly"": true}, {""side"": ""SELL"", ""price"": ""4015.50"", ""qty"": ""0.341"", ""reduceOnly"": true}, {""side"": ""BUY"", ""price"": ""3968.55"", ""qty"": ""0.025"", ""reduceOnly"": false}]","[{""price"": ""0"", ""qty"": ""0"", ""clientOrderId"": ""x-Cb7ytekJ13b8c9fbbc4369f6c42c61""}, {""price"": ""4015.50"", ""qty"": ""0.341"", ""clientOrderId"": ""TP_AUTO_TP_1759058931883""}]",3847.36,v1,ETHUSDT
2025-09-28T11:31:50.216353+00:00,"{'tipo': 'SOPORTE', 'precio': 200.0, 'volumen': 1644.78}",3987.36,0.341,4003.4920821122696,0.01998799,"[{""side"": ""SELL"", ""price"": ""0"", ""qty"": ""0"", ""reduceOnly"": true}, {""side"": ""SELL"", ""price"": ""4015.50"", ""qty"": ""0.341"", ""reduceOnly"": true}, {""side"": ""BUY"", ""price"": ""3968.55"", ""qty"": ""0.025"", ""reduceOnly"": false}]","[{""price"": ""0"", ""qty"": ""0"", ""clientOrderId"": ""x-Cb7ytekJ13b8c9fbbc4369f6c42c61""}, {""price"": ""4015.50"", ""qty"": ""0.341"", ""clientOrderId"": ""TP_AUTO_TP_1759058931883""}]",3847.36,v1,ETHUSDT
2025-09-28T11:31:52.969228+00:00,"{'tipo': 'SOPORTE', 'precio': 200.0, 'volumen': 1644.78}",3986.96,0.341,4003.4920821122696,0.01998799,"[{""side"": ""BUY"", ""price"": ""3982.97"", ""qty"": ""0.025"", ""reduceOnly"": false}, {""side"": ""SELL"", ""price"": ""4015.50"", ""qty"": ""0.341"", ""reduceOnly"": true}, {""side"": ""SELL"", ""price"": ""0"", ""qty"": ""0"", ""reduceOnly"": true}]","[{""price"": ""4015.50"", ""qty"": ""0.341"", ""clientOrderId"": ""TP_AUTO_TP_1759059112057""}, {""price"": ""0"", ""qty"": ""0"", ""clientOrderId"": ""x-Cb7ytekJ44e68bbcaa2749730905d8""}]",3847.36,v1,ETHUSDT
2025-09-28T11:34:50.236672+00:00,"{'tipo': 'SOPORTE', 'precio': 3000.0, 'volumen': 1649.901}",3988.34,0.341,4003.4920821122696,0.01998799,"[{""side"": ""BUY"", ""price"": ""3982.97"", ""qty"": ""0.025"", ""reduceOnly"": false}, {""side"": ""SELL"", ""price"": ""4015.50"", ""qty"": ""0.341"", ""reduceOnly"": true}, {""side"": ""SELL"", ""price"": ""0"", ""qty"": ""0"", ""reduceOnly"": true}]","[{""price"": ""4015.50"", ""qty"": ""0.341"", ""clientOrderId"": ""TP_AUTO_TP_1759059112057""}, {""price"": ""0"", ""qty"": ""0"", ""clientOrderId"": ""x-Cb7ytekJ44e68bbcaa2749730905d8""}]",3847.36,v1,ETHUSDT
2025-09-28T11:34:52.834352+00:00,"{'tipo': 'SOPORTE', 'precio': 3000.0, 'volumen': 1649.901}",3988.34,0.341,4003.4920821122696,0.01998799,"[{""side"": ""SELL"", ""price"": ""0"", ""qty"": ""0"", ""reduceOnly"": true}, {""side"": ""SELL"", ""price"": ""4015.50"", ""qty"": ""0.341"", ""reduceOnly"": true}, {""side"": ""BUY"", ""price"": ""3983.95"", ""qty"": ""0.025"", ""reduceOnly"": false}]","[{""price"": ""0"", ""qty"": ""0"", ""clientOrderId"": ""x-Cb7ytekJ7be0583ba9843ce945d91e""}, {""price"": ""4015.50"", ""qty"": ""0.341"", ""clientOrderId"": ""TP_AUTO_TP_1759059291929""}]",3847.36,v1,ETHUSDT
2025-09-28T11:37:50.268587+00:00,"{'tipo': 'SOPORTE', 'precio': 3885.08, 'volumen': 120.302}",3985.08,0.341,4003.4920821122696,0.01998799,"[{""side"": ""SELL"", ""price"": ""0"", ""qty"": ""0"", ""reduceOnly"": true}, {""side"": ""SELL"", ""price"": ""4015.50"", ""qty"": ""0.341"", ""reduceOnly"": true}, {""side"": ""BUY"", ""price"": ""3983.95"", ""qty"": ""0.025"", ""reduceOnly"": false}]","[{""price"": ""0"", ""qty"": ""0"", ""clientOrderId"": ""x-Cb7ytekJ7be0583ba9843ce945d91e""}, {""price"": ""4015.50"", ""qty"": ""0.341"", ""clientOrderId"": ""TP_AUTO_TP_1759059291929""}]",3847.36,v1,ETHUSDT
2025-09-28T11:37:52.892913+00:00,"{'tipo': 'SOPORTE', 'precio': 3885.08, 'volumen': 120.302}",3985.08,0.341,4003.4920821122696,0.01998799,"[{""side"": ""SELL"", ""price"": ""0"", ""qty"": ""0"", ""reduceOnly"": true}, {""side"": ""SELL"", ""price"": ""4015.50"", ""qty"": ""0.341"", ""reduceOnly"": true}, {""side"": ""BUY"", ""price"": ""3980.70"", ""qty"": ""0.025"", ""reduceOnly"": false}]","[{""price"": ""0"", ""qty"": ""0"", ""clientOrderId"": ""x-Cb7ytekJ3eeb1c5e87373094cff854""}, {""price"": ""4015.50"", ""qty"": ""0.341"", ""clientOrderId"": ""TP_AUTO_TP_1759059471979""}]",3847.36,v1,ETHUSDT
2025-09-28T11:40:50.369662+00:00,"{'tipo': 'SOPORTE', 'precio': 200.0, 'volumen': 105.231}",3987.24,0.341,4003.4920821122696,0.01998799,"[{""side"": ""SELL"", ""price"": ""0"", ""qty"": ""0"", ""reduceOnly"": true}, {""side"": ""SELL"", ""price"": ""4015.50"", ""qty"": ""0.341"", ""reduceOnly"": true}, {""side"": ""BUY"", ""price"": ""3980.70"", ""qty"": ""0.025"", ""reduceOnly"": false}]","[{""price"": ""0"", ""qty"": ""0"", ""clientOrderId"": ""x-Cb7ytekJ3eeb1c5e87373094cff854""}, {""price"": ""4015.50"", ""qty"": ""0.341"", ""clientOrderId"": ""TP_AUTO_TP_1759059471979""}]",3847.36,v1,ETHUSDT
2025-09-28T11:40:52.972350+00:00,"{'tipo': 'SOPORTE', 'precio': 200.0, 'volumen': 105.231}",3987.23,0.341,4003.4920821122696,0.01998799,"[{""side"": ""SELL"", ""price"": ""4015.50"", ""qty"": ""0.341"", ""reduceOnly"": true}, {""side"": ""BUY"", ""price"": ""3982.85"", ""qty"": ""0.025"", ""reduceOnly"": false}, {""side"": ""SELL"", ""price"": ""0"", ""qty"": ""0"", ""reduceOnly"": true}]","[{""price"": ""4015.50"", ""qty"": ""0.341"", ""clientOrderId"": ""TP_AUTO_TP_1759059652070""}, {""price"": ""0"", ""qty"": ""0"", ""clientOrderId"": ""x-Cb7ytekJ5a7a0fb7ba8e3879f7c6b5""}]",3847.36,v1,ETHUSDT
2025-09-28T11:43:50.433316+00:00,DUMP,3987.42,0.341,4003.4920821122696,0.01998799,"[{""side"": ""SELL"", ""price"": ""4015.50"", ""qty"": ""0.341"", ""reduceOnly"": true}, {""side"": ""BUY"", ""price"": ""3982.85"", ""qty"": ""0.025"", ""reduceOnly"": false}, {""side"": ""SELL"", ""price"": ""0"", ""qty"": ""0"", ""reduceOnly"": true}]","[{""price"": ""4015.50"", ""qty"": ""0.341"", ""clientOrderId"": ""TP_AUTO_TP_1759059652070""}, {""price"": ""0"", ""qty"": ""0"", ""clientOrderId"": ""x-Cb7ytekJ5a7a0fb7ba8e3879f7c6b5""}]",3847.36,v1,ETHUSDT
2025-09-28T11:43:53.044911+00:00,DUMP,3987.42,0.341,4003.4920821122696,0.01998799,"[{""side"": ""SELL"", ""price"": ""0"", ""qty"": ""0"", ""reduceOnly"": true}, {""side"": ""SELL"", ""price"": ""4015.50"", ""qty"": ""0.341"", ""reduceOnly"": true}, {""side"": ""BUY"", ""price"": ""3971.87"", ""qty"": ""0.025"", ""reduceOnly"": false}]","[{""price"": ""0"", ""qty"": ""0"", ""clientOrderId"": ""x-Cb7ytekJc5bc041cc004a8de9e1103""}, {""price"": ""4015.50"", ""qty"": ""0.341"", ""clientOrderId"": ""TP_AUTO_TP_1759059832141""}]",3847.36,v1,ETHUSDT
2025-09-28T11:46:50.450654+00:00,"{'tipo': 'SOPORTE', 'precio': 200.0, 'volumen': 1628.5819999999999}",3985.45,0.341,4003.4920821122696,0.01998799,"[{""side"": ""SELL"", ""price"": ""0"", ""qty"": ""0"", ""reduceOnly"": true}, {""side"": ""SELL"", ""price"": ""4015.50"", ""qty"": ""0.341"", ""reduceOnly"": true}, {""side"": ""BUY"", ""price"": ""3971.87"", ""qty"": ""0.025"", ""reduceOnly"": false}]","[{""price"": ""0"", ""qty"": ""0"", ""clientOrderId"": ""x-Cb7ytekJc5bc041cc004a8de9e1103""}, {""price"": ""4015.50"", ""qty"": ""0.341"", ""clientOrderId"": ""TP_AUTO_TP_1759059832141""}]",3847.36,v1,ETHUSDT
2025-09-28T11:46:53.635341+00:00,"{'tipo': 'SOPORTE', 'precio': 200.0, 'volumen': 1628.5819999999999}",3985.45,0.341,4003.4920821122696,0.01998799,"[{""side"": ""SELL"", ""price"": ""4015.50"", ""qty"": ""0.341"", ""reduceOnly"": true}, {""side"": ""BUY"", ""price"": ""3981.07"", ""qty"": ""0.025"", ""reduceOnly"": false}, {""side"": ""SELL"", ""price"": ""0"", ""qty"": ""0"", ""reduceOnly"": true}]","[{""price"": ""4015.50"", ""qty"": ""0.341"", ""clientOrderId"": ""TP_AUTO_TP_1759060012168""}, {""price"": ""0"", ""qty"": ""0"", ""clientOrderId"": ""x-Cb7ytekJdb3044517c0a4e8e6aece2""}]",3847.36,v1,ETHUSDT
2025-09-28T11:49:50.517569+00:00,"{'tipo': 'SOPORTE', 'precio': 200.0, 'volumen': 275.974}",3984.17,0.341,4003.4920821122696,0.01998799,"[{""side"": ""SELL"", ""price"": ""4015.50"", ""qty"": ""0.341"", ""reduceOnly"": true}, {""side"": ""BUY"", ""price"": ""3981.07"", ""qty"": ""0.025"", ""reduceOnly"": false}, {""side"": ""SELL"", ""price"": ""0"", ""qty"": ""0"", ""reduceOnly"": true}]","[{""price"": ""4015.50"", ""qty"": ""0.341"", ""clientOrderId"": ""TP_AUTO_TP_1759060012168""}, {""price"": ""0"", ""qty"": ""0"", ""clientOrderId"": ""x-Cb7ytekJdb3044517c0a4e8e6aece2""}]",3847.36,v1,ETHUSDT
2025-09-28T11:49:53.126252+00:00,"{'tipo': 'SOPORTE', 'precio': 200.0, 'volumen': 275.974}",3984.17,0.341,4003.4920821122696,0.01998799,"[{""side"": ""SELL"", ""price"": ""4015.50"", ""qty"": ""0.341"", ""reduceOnly"": true}, {""side"": ""BUY"", ""price"": ""3979.79"", ""qty"": ""0.025"", ""reduceOnly"": false}, {""side"": ""SELL"", ""price"": ""0"", ""qty"": ""0"", ""reduceOnly"": true}]","[{""price"": ""4015.50"", ""qty"": ""0.341"", ""clientOrderId"": ""TP_AUTO_TP_1759060192218""}, {""price"": ""0"", ""qty"": ""0"", ""clientOrderId"": ""x-Cb7ytekJ8c1a23a3ce56ceb2554704""}]",3847.36,v1,ETHUSDT
2025-09-28T11:52:50.562983+00:00,DUMP,3986.6,0.341,4003.4920821122696,0.01998799,"[{""side"": ""SELL"", ""price"": ""4015.50"", ""qty"": ""0.341"", ""reduceOnly"": true}, {""side"": ""BUY"", ""price"": ""3979.79"", ""qty"": ""0.025"", ""reduceOnly"": false}, {""side"": ""SELL"", ""price"": ""0"", ""qty"": ""0"", ""reduceOnly"": true}]","[{""price"": ""4015.50"", ""qty"": ""0.341"", ""clientOrderId"": ""TP_AUTO_TP_1759060192218""}, {""price"": ""0"", ""qty"": ""0"", ""clientOrderId"": ""x-Cb7ytekJ8c1a23a3ce56ceb2554704""}]",3847.36,v1,ETHUSDT
2025-09-28T11:52:53.180642+00:00,DUMP,3986.6,0.341,4003.4920821122696,0.01998799,"[{""side"": ""SELL"", ""price"": ""4015.50"", ""qty"": ""0.341"", ""reduceOnly"": true}, {""side"": ""SELL"", ""price"": ""0"", ""qty"": ""0"", ""reduceOnly"": true}, {""side"": ""BUY"", ""price"": ""3971.05"", ""qty"": ""0.025"", ""reduceOnly"": false}]","[{""price"": ""4015.50"", ""qty"": ""0.341"", ""clientOrderId"": ""TP_AUTO_TP_1759060372269""}, {""price"": ""0"", ""qty"": ""0"", ""clientOrderId"": ""x-Cb7ytekJ6e1b9aee680656824cf9a0""}]",3847.36,v1,ETHUSDT
2025-09-28T11:55:50.608550+00:00,"{'tipo': 'SOPORTE', 'precio': 200.0, 'volumen': 1523.7469999999998}",3990.35,0.341,4003.4920821122696,0.01998799,"[{""side"": ""SELL"", ""price"": ""4015.50"", ""qty"": ""0.341"", ""reduceOnly"": true}, {""side"": ""SELL"", ""price"": ""0"", ""qty"": ""0"", ""reduceOnly"": true}, {""side"": ""BUY"", ""price"": ""3971.05"", ""qty"": ""0.025"", ""reduceOnly"": false}]","[{""price"": ""4015.50"", ""qty"": ""0.341"", ""clientOrderId"": ""TP_AUTO_TP_1759060372269""}, {""price"": ""0"", ""qty"": ""0"", ""clientOrderId"": ""x-Cb7ytekJ6e1b9aee680656824cf9a0""}]",3847.36,v1,ETHUSDT
2025-09-28T11:55:53.235107+00:00,"{'tipo': 'SOPORTE', 'precio': 200.0, 'volumen': 261.97200000000004}",3989.76,0.341,4003.4920821122696,0.01998799,"[{""side"": ""SELL"", ""price"": ""0"", ""qty"": ""0"", ""reduceOnly"": true}, {""side"": ""BUY"", ""price"": ""3985.96"", ""qty"": ""0.025"", ""reduceOnly"": false}, {""side"": ""SELL"", ""price"": ""4015.50"", ""qty"": ""0.341"", ""reduceOnly"": true}]","[{""price"": ""0"", ""qty"": ""0"", ""clientOrderId"": ""x-Cb7ytekJd48ff7294a1226d153012d""}, {""price"": ""4015.50"", ""qty"": ""0.341"", ""clientOrderId"": ""TP_AUTO_TP_1759060552313""}]",3847.36,v1,ETHUSDT
2025-09-28T11:58:51.271226+00:00,DUMP,3992.62,0.341,4003.4920821122696,0.01998799,"[{""side"": ""SELL"", ""price"": ""0"", ""qty"": ""0"", ""reduceOnly"": true}, {""side"": ""BUY"", ""price"": ""3985.96"", ""qty"": ""0.025"", ""reduceOnly"": false}, {""side"": ""SELL"", ""price"": ""4015.50"", ""qty"": ""0.341"", ""reduceOnly"": true}]","[{""price"": ""0"", ""qty"": ""0"", ""clientOrderId"": ""x-Cb7ytekJd48ff7294a1226d153012d""}, {""price"": ""4015.50"", ""qty"": ""0.341"", ""clientOrderId"": ""TP_AUTO_TP_1759060552313""}]",3847.36,v1,ETHUSDT
2025-09-28T11:58:53.902883+00:00,"{'tipo': 'SOPORTE', 'precio': 200.0, 'volumen': 1517.4779999999998}",3992.47,0.341,4003.4920821122696,0.01998799,"[{""side"": ""BUY"", ""price"": ""3977.05"", ""qty"": ""0.025"", ""reduceOnly"": false}, {""side"": ""SELL"", ""price"": ""0"", ""qty"": ""0"", ""reduceOnly"": true}, {""side"": ""SELL"", ""price"": ""4015.50"", ""qty"": ""0.341"", ""reduceOnly"": true}]","[{""price"": ""0"", ""qty"": ""0"", ""clientOrderId"": ""x-Cb7ytekJ140f453a706426b88b058e""}, {""price"": ""4015.50"", ""qty"": ""0.341"", ""clientOrderId"": ""TP_AUTO_TP_1759060732988""}]",3847.36,v1,ETHUSDT
2025-09-28T12:01:50.934662+00:00,"{'tipo': 'SOPORTE', 'precio': 3889.6, 'volumen': 759.076}",3989.81,0.341,4003.4920821122696,0.01998799,"[{""side"": ""BUY"", ""price"": ""3977.05"", ""qty"": ""0.025"", ""reduceOnly"": false}, {""side"": ""SELL"", ""price"": ""0"", ""qty"": ""0"", ""reduceOnly"": true}, {""side"": ""SELL"", ""price"": ""4015.50"", ""qty"": ""0.341"", ""reduceOnly"": true}]","[{""price"": ""0"", ""qty"": ""0"", ""clientOrderId"": ""x-Cb7ytekJ140f453a706426b88b058e""}, {""price"": ""4015.50"", ""qty"": ""0.341"", ""clientOrderId"": ""TP_AUTO_TP_1759060732988""}]",3847.36,v1,ETHUSDT
2025-09-28T12:01:53.553220+00:00,"{'tipo': 'SOPORTE', 'precio': 3889.6, 'volumen': 759.076}",3989.81,0.341,4003.4920821122696,0.01998799,"[{""side"": ""SELL"", ""price"": ""0"", ""qty"": ""0"", ""reduceOnly"": true}, {""side"": ""SELL"", ""price"": ""4015.50"", ""qty"": ""0.341"", ""reduceOnly"": true}, {""side"": ""BUY"", ""price"": ""3985.42"", ""qty"": ""0.025"", ""reduceOnly"": false}]","[{""price"": ""0"", ""qty"": ""0"", ""clientOrderId"": ""x-Cb7ytekJ290d4d3c285340a6ba9b83""}, {""price"": ""4015.50"", ""qty"": ""0.341"", ""clientOrderId"": ""TP_AUTO_TP_1759060912633""}]",3847.36,v1,ETHUSDT
2025-09-28T12:04:50.950315+00:00,"{'tipo': 'SOPORTE', 'precio': 3000.0, 'volumen': 1669.3729999999998}",3988.44,0.341,4003.4920821122696,0.01998799,"[{""side"": ""SELL"", ""price"": ""0"", ""qty"": ""0"", ""reduceOnly"": true}, {""side"": ""SELL"", ""price"": ""4015.50"", ""qty"": ""0.341"", ""reduceOnly"": true}, {""side"": ""BUY"", ""price"": ""3985.42"", ""qty"": ""0.025"", ""reduceOnly"": false}]","[{""price"": ""0"", ""qty"": ""0"", ""clientOrderId"": ""x-Cb7ytekJ290d4d3c285340a6ba9b83""}, {""price"": ""4015.50"", ""qty"": ""0.341"", ""clientOrderId"": ""TP_AUTO_TP_1759060912633""}]",3847.36,v1,ETHUSDT
2025-09-28T12:04:53.589870+00:00,"{'tipo': 'SOPORTE', 'precio': 3000.0, 'volumen': 1669.3729999999998}",3988.43,0.341,4003.4920821122696,0.01998799,"[{""side"": ""SELL"", ""price"": ""0"", ""qty"": ""0"", ""reduceOnly"": true}, {""side"": ""SELL"", ""price"": ""4015.50"", ""qty"": ""0.341"", ""reduceOnly"": true}, {""side"": ""BUY"", ""price"": ""3984.05"", ""qty"": ""0.025"", ""reduceOnly"": false}]","[{""price"": ""0"", ""qty"": ""0"", ""clientOrderId"": ""x-Cb7ytekJb67a0595d65870bb6395cd""}, {""price"": ""4015.50"", ""qty"": ""0.341"", ""clientOrderId"": ""TP_AUTO_TP_1759061092681""}]",3847.36,v1,ETHUSDT
2025-09-28T12:07:51.029957+00:00,"{'tipo': 'SOPORTE', 'precio': 3886.49, 'volumen': 769.009}",3986.5,0.341,4003.4920821122696,0.01998799,"[{""side"": ""SELL"", ""price"": ""0"", ""qty"": ""0"", ""reduceOnly"": true}, {""side"": ""SELL"", ""price"": ""4015.50"", ""qty"": ""0.341"", ""reduceOnly"": true}, {""side"": ""BUY"", ""price"": ""3984.05"", ""qty"": ""0.025"", ""reduceOnly"": false}]","[{""price"": ""0"", ""qty"": ""0"", ""clientOrderId"": ""x-Cb7ytekJb67a0595d65870bb6395cd""}, {""price"": ""4015.50"", ""qty"": ""0.341"", ""clientOrderId"": ""TP_AUTO_TP_1759061092681""}]",3847.36,v1,ETHUSDT
2025-09-28T12:07:53.647496+00:00,"{'tipo': 'SOPORTE', 'precio': 3886.49, 'volumen': 769.009}",3986.51,0.341,4003.4920821122696,0.01998799,"[{""side"": ""SELL"", ""price"": ""0"", ""qty"": ""0"", ""reduceOnly"": true}, {""side"": ""BUY"", ""price"": ""3982.11"", ""qty"": ""0.025"", ""reduceOnly"": false}, {""side"": ""SELL"", ""price"": ""4015.50"", ""qty"": ""0.341"", ""reduceOnly"": true}]","[{""price"": ""0"", ""qty"": ""0"", ""clientOrderId"": ""x-Cb7ytekJ81d0611e452e6c47b839ae""}, {""price"": ""4015.50"", ""qty"": ""0.341"", ""clientOrderId"": ""TP_AUTO_TP_1759061272734""}]",3847.36,v1,ETHUSDT
2025-09-28T12:10:51.070312+00:00,"{'tipo': 'SOPORTE', 'precio': 200.0, 'volumen': 131.432}",3987.66,0.341,4003.4920821122696,0.01998799,"[{""side"": ""SELL"", ""price"": ""0"", ""qty"": ""0"", ""reduceOnly"": true}, {""side"": ""BUY"", ""price"": ""3982.11"", ""qty"": ""0.025"", ""reduceOnly"": false}, {""side"": ""SELL"", ""price"": ""4015.50"", ""qty"": ""0.341"", ""reduceOnly"": true}]","[{""price"": ""0"", ""qty"": ""0"", ""clientOrderId"": ""x-Cb7ytekJ81d0611e452e6c47b839ae""}, {""price"": ""4015.50"", ""qty"": ""0.341"", ""clientOrderId"": ""TP_AUTO_TP_1759061272734""}]",3847.36,v1,ETHUSDT
2025-09-28T12:10:53.696915+00:00,"{'tipo': 'SOPORTE', 'precio': 200.0, 'volumen': 131.432}",3987.65,0.341,4003.4920821122696,0.01998799,"[{""side"": ""SELL"", ""price"": ""4015.50"", ""qty"": ""0.341"", ""reduceOnly"": true}, {""side"": ""BUY"", ""price"": ""3983.27"", ""qty"": ""0.025"", ""reduceOnly"": false}, {""side"": ""SELL"", ""price"": ""0"", ""qty"": ""0"", ""reduceOnly"": true}]","[{""price"": ""4015.50"", ""qty"": ""0.341"", ""clientOrderId"": ""TP_AUTO_TP_1759061452779""}, {""price"": ""0"", ""qty"": ""0"", ""clientOrderId"": ""x-Cb7ytekJ29cdc14e7714521cba100c""}]",3847.36,v1,ETHUSDT
2025-09-28T12:13:51.174711+00:00,DUMP,3986.13,0.341,4003.4920821122696,0.01998799,"[{""side"": ""SELL"", ""price"": ""4015.50"", ""qty"": ""0.341"", ""reduceOnly"": true}, {""side"": ""BUY"", ""price"": ""3983.27"", ""qty"": ""0.025"", ""reduceOnly"": false}, {""side"": ""SELL"", ""price"": ""0"", ""qty"": ""0"", ""reduceOnly"": true}]","[{""price"": ""4015.50"", ""qty"": ""0.341"", ""clientOrderId"": ""TP_AUTO_TP_1759061452779""}, {""price"": ""0"", ""qty"": ""0"", ""clientOrderId"": ""x-Cb7ytekJ29cdc14e7714521cba100c""}]",3847.36,v1,ETHUSDT
2025-09-28T12:13:53.789285+00:00,DUMP,3986.12,0.341,4003.4920821122696,0.01998799,"[{""side"": ""SELL"", ""price"": ""0"", ""qty"": ""0"", ""reduceOnly"": true}, {""side"": ""SELL"", ""price"": ""4015.50"", ""qty"": ""0.341"", ""reduceOnly"": true}, {""side"": ""BUY"", ""price"": ""3970.58"", ""qty"": ""0.025"", ""reduceOnly"": false}]","[{""price"": ""0"", ""qty"": ""0"", ""clientOrderId"": ""x-Cb7ytekJ645208be8fbabcad558a7""}, {""price"": ""4015.50"", ""qty"": ""0.341"", ""clientOrderId"": ""TP_AUTO_TP_1759061632874""}]",3847.36,v1,ETHUSDT
2025-09-28T12:16:51.227216+00:00,"{'tipo': 'SOPORTE', 'precio': 200.0, 'volumen': 1525.187}",3984.52,0.341,4003.4920821122696,0.01998799,"[{""side"": ""SELL"", ""price"": ""0"", ""qty"": ""0"", ""reduceOnly"": true}, {""side"": ""SELL"", ""price"": ""4015.50"", ""qty"": ""0.341"", ""reduceOnly"": true}, {""side"": ""BUY"", ""price"": ""3970.58"", ""qty"": ""0.025"", ""reduceOnly"": false}]","[{""price"": ""0"", ""qty"": ""0"", ""clientOrderId"": ""x-Cb7ytekJ645208be8fbabcad558a7""}, {""price"": ""4015.50"", ""qty"": ""0.341"", ""clientOrderId"": ""TP_AUTO_TP_1759061632874""}]",3847.36,v1,ETHUSDT
2025-09-28T12:16:53.843776+00:00,"{'tipo': 'SOPORTE', 'precio': 200.0, 'volumen': 1525.187}",3984.51,0.341,4003.4920821122696,0.01998799,"[{""side"": ""BUY"", ""price"": ""3980.14"", ""qty"": ""0.025"", ""reduceOnly"": false}, {""side"": ""SELL"", ""price"": ""0"", ""qty"": ""0"", ""reduceOnly"": true}, {""side"": ""SELL"", ""price"": ""4015.50"", ""qty"": ""0.341"", ""reduceOnly"": true}]","[{""price"": ""0"", ""qty"": ""0"", ""clientOrderId"": ""x-Cb7ytekJ1aeff3ca20b0cdd50a2c72""}, {""price"": ""4015.50"", ""qty"": ""0.341"", ""clientOrderId"": ""TP_AUTO_TP_1759061812929""}]",3847.36,v1,ETHUSDT
2025-09-28T12:19:51.251488+00:00,DUMP,3982.98,0.341,4003.4920821122696,0.01998799,"[{""side"": ""BUY"", ""price"": ""3980.14"", ""qty"": ""0.025"", ""reduceOnly"": false}, {""side"": ""SELL"", ""price"": ""0"", ""qty"": ""0"", ""reduceOnly"": true}, {""side"": ""SELL"", ""price"": ""4015.50"", ""qty"": ""0.341"", ""reduceOnly"": true}]","[{""price"": ""0"", ""qty"": ""0"", ""clientOrderId"": ""x-Cb7ytekJ1aeff3ca20b0cdd50a2c72""}, {""price"": ""4015.50"", ""qty"": ""0.341"", ""clientOrderId"": ""TP_AUTO_TP_1759061812929""}]",3847.36,v1,ETHUSDT
2025-09-28T12:19:53.854122+00:00,DUMP,3982.98,0.341,4003.4920821122696,0.01998799,"[{""side"": ""SELL"", ""price"": ""0"", ""qty"": ""0"", ""reduceOnly"": true}, {""side"": ""SELL"", ""price"": ""4015.50"", ""qty"": ""0.341"", ""reduceOnly"": true}, {""side"": ""BUY"", ""price"": ""3967.45"", ""qty"": ""0.025"", ""reduceOnly"": false}]","[{""price"": ""0"", ""qty"": ""0"", ""clientOrderId"": ""x-Cb7ytekJa5a34d3e5904b8704e43dd""}, {""price"": ""4015.50"", ""qty"": ""0.341"", ""clientOrderId"": ""TP_AUTO_TP_1759061992952""}]",3847.36,v1,ETHUSDT
2025-09-28T12:22:51.303979+00:00,"{'tipo': 'SOPORTE', 'precio': 3883.96, 'volumen': 317.587}",3983.96,0.341,4003.4920821122696,0.01998799,"[{""side"": ""SELL"", ""price"": ""0"", ""qty"": ""0"", ""reduceOnly"": true}, {""side"": ""SELL"", ""price"": ""4015.50"", ""qty"": ""0.341"", ""reduceOnly"": true}, {""side"": ""BUY"", ""price"": ""3967.45"", ""qty"": ""0.025"", ""reduceOnly"": false}]","[{""price"": ""0"", ""qty"": ""0"", ""clientOrderId"": ""x-Cb7ytekJa5a34d3e5904b8704e43dd""}, {""price"": ""4015.50"", ""qty"": ""0.341"", ""clientOrderId"": ""TP_AUTO_TP_1759061992952""}]",3847.36,v1,ETHUSDT
2025-09-28T12:22:53.908846+00:00,"{'tipo': 'SOPORTE', 'precio': 3883.96, 'volumen': 317.587}",0.0,0.341,4003.4920821122696,0.01998799,"[{""side"": ""SELL"", ""price"": ""0"", ""qty"": ""0"", ""reduceOnly"": true}, {""side"": ""SELL"", ""price"": ""4015.50"", ""qty"": ""0.341"", ""reduceOnly"": true}, {""side"": ""BUY"", ""price"": ""3979.58"", ""qty"": ""0.025"", ""reduceOnly"": false}]","[{""price"": ""0"", ""qty"": ""0"", ""clientOrderId"": ""x-Cb7ytekJe5e264cf5e76559586009f""}, {""price"": ""4015.50"", ""qty"": ""0.341"", ""clientOrderId"": ""TP_AUTO_TP_1759062173000""}]",3847.36,v1,ETHUSDT
2025-09-28T12:25:51.300633+00:00,"{'tipo': 'SOPORTE', 'precio': 200.0, 'volumen': 1638.1589999999997}",3988.06,0.341,4003.4920821122696,0.01998799,"[{""side"": ""SELL"", ""price"": ""0"", ""qty"": ""0"", ""reduceOnly"": true}, {""side"": ""SELL"", ""price"": ""4015.50"", ""qty"": ""0.341"", ""reduceOnly"": true}, {""side"": ""BUY"", ""price"": ""3979.58"", ""qty"": ""0.025"", ""reduceOnly"": false}]","[{""price"": ""0"", ""qty"": ""0"", ""clientOrderId"": ""x-Cb7ytekJe5e264cf5e76559586009f""}, {""price"": ""4015.50"", ""qty"": ""0.341"", ""clientOrderId"": ""TP_AUTO_TP_1759062173000""}]",3847.36,v1,ETHUSDT
2025-09-28T12:25:53.911191+00:00,"{'tipo': 'SOPORTE', 'precio': 200.0, 'volumen': 1617.6639999999998}",3988.05,0.341,4003.4920821122696,0.01998799,"[{""side"": ""BUY"", ""price"": ""3983.67"", ""qty"": ""0.025"", ""reduceOnly"": false}, {""side"": ""SELL"", ""price"": ""0"", ""qty"": ""0"", ""reduceOnly"": true}, {""side"": ""SELL"", ""price"": ""4015.50"", ""qty"": ""0.341"", ""reduceOnly"": true}]","[{""price"": ""0"", ""qty"": ""0"", ""clientOrderId"": ""x-Cb7ytekJ1566ae099ace217ed768c9""}, {""price"": ""4015.50"", ""qty"": ""0.341"", ""clientOrderId"": ""TP_AUTO_TP_1759062353006""}]",3847.36,v1,ETHUSDT
2025-09-28T12:28:51.563436+00:00,"{'tipo': 'SOPORTE', 'precio': 200.0, 'volumen': 1676.4699999999998}",3989.23,0.341,4003.4920821122696,0.01998799,"[{""side"": ""BUY"", ""price"": ""3983.67"", ""qty"": ""0.025"", ""reduceOnly"": false}, {""side"": ""SELL"", ""price"": ""0"", ""qty"": ""0"", ""reduceOnly"": true}, {""side"": ""SELL"", ""price"": ""4015.50"", ""qty"": ""0.341"", ""reduceOnly"": true}]","[{""price"": ""0"", ""qty"": ""0"", ""clientOrderId"": ""x-Cb7ytekJ1566ae099ace217ed768c9""}, {""price"": ""4015.50"", ""qty"": ""0.341"", ""clientOrderId"": ""TP_AUTO_TP_1759062353006""}]",3847.36,v1,ETHUSDT
2025-09-28T12:28:54.183572+00:00,"{'tipo': 'SOPORTE', 'precio': 200.0, 'volumen': 1676.4699999999998}",3989.24,0.341,4003.4920821122696,0.01998799,"[{""side"": ""SELL"", ""price"": ""0"", ""qty"": ""0"", ""reduceOnly"": true}, {""side"": ""BUY"", ""price"": ""3984.84"", ""qty"": ""0.025"", ""reduceOnly"": false}, {""side"": ""SELL"", ""price"": ""4015.50"", ""qty"": ""0.341"", ""reduceOnly"": true}]","[{""price"": ""0"", ""qty"": ""0"", ""clientOrderId"": ""x-Cb7ytekJ17af881bd3f9ad3cab18d4""}, {""price"": ""4015.50"", ""qty"": ""0.341"", ""clientOrderId"": ""TP_AUTO_TP_1759062533270""}]",3847.36,v1,ETHUSDT
2025-09-28T12:31:51.621324+00:00,DUMP,3985.76,0.341,4003.4920821122696,0.01998799,"[{""side"": ""SELL"", ""price"": ""0"", ""qty"": ""0"", ""reduceOnly"": true}, {""side"": ""BUY"", ""price"": ""3984.84"", ""qty"": ""0.025"", ""reduceOnly"": false}, {""side"": ""SELL"", ""price"": ""4015.50"", ""qty"": ""0.341"", ""reduceOnly"": true}]","[{""price"": ""0"", ""qty"": ""0"", ""clientOrderId"": ""x-Cb7ytekJ17af881bd3f9ad3cab18d4""}, {""price"": ""4015.50"", ""qty"": ""0.341"", ""clientOrderId"": ""TP_AUTO_TP_1759062533270""}]",3847.36,v1,ETHUSDT
2025-09-28T12:31:54.236916+00:00,DUMP,3985.76,0.341,4003.4920821122696,0.01998799,"[{""side"": ""SELL"", ""price"": ""4015.50"", ""qty"": ""0.341"", ""reduceOnly"": true}, {""side"": ""SELL"", ""price"": ""0"", ""qty"": ""0"", ""reduceOnly"": true}, {""side"": ""BUY"", ""price"": ""3970.22"", ""qty"": ""0.025"", ""reduceOnly"": false}]","[{""price"": ""4015.50"", ""qty"": ""0.341"", ""clientOrderId"": ""TP_AUTO_TP_1759062713319""}, {""price"": ""0"", ""qty"": ""0"", ""clientOrderId"": ""x-Cb7ytekJef773e7f27005111c63def""}]",3847.36,v1,ETHUSDT
2025-09-28T12:34:51.677735+00:00,"{'tipo': 'SOPORTE', 'precio': 3000.0, 'volumen': 1617.403}",3983.91,0.341,4003.4920821122696,0.01998799,"[{""side"": ""SELL"", ""price"": ""4015.50"", ""qty"": ""0.341"", ""reduceOnly"": true}, {""side"": ""SELL"", ""price"": ""0"", ""qty"": ""0"", ""reduceOnly"": true}, {""side"": ""BUY"", ""price"": ""3970.22"", ""qty"": ""0.025"", ""reduceOnly"": false}]","[{""price"": ""4015.50"", ""qty"": ""0.341"", ""clientOrderId"": ""TP_AUTO_TP_1759062713319""}, {""price"": ""0"", ""qty"": ""0"", ""clientOrderId"": ""x-Cb7ytekJef773e7f27005111c63def""}]",3847.36,v1,ETHUSDT
2025-09-28T12:34:54.274000+00:00,"{'tipo': 'SOPORTE', 'precio': 3000.0, 'volumen': 1617.403}",3983.91,0.341,4003.4920821122696,0.01998799,"[{""side"": ""SELL"", ""price"": ""0"", ""qty"": ""0"", ""reduceOnly"": true}, {""side"": ""BUY"", ""price"": ""3979.53"", ""qty"": ""0.025"", ""reduceOnly"": false}, {""side"": ""SELL"", ""price"": ""4015.50"", ""qty"": ""0.341"", ""reduceOnly"": true}]","[{""price"": ""0"", ""qty"": ""0"", ""clientOrderId"": ""x-Cb7ytekJ90568dccf2ffd7dc61d431""}, {""price"": ""4015.50"", ""qty"": ""0.341"", ""clientOrderId"": ""TP_AUTO_TP_1759062893368""}]",3847.36,v1,ETHUSDT
2025-09-28T12:37:51.692697+00:00,"{'tipo': 'SOPORTE', 'precio': 200.0, 'volumen': 1632.868}",3982.5,0.341,4003.4920821122696,0.01998799,"[{""side"": ""SELL"", ""price"": ""0"", ""qty"": ""0"", ""reduceOnly"": true}, {""side"": ""BUY"", ""price"": ""3979.53"", ""qty"": ""0.025"", ""reduceOnly"": false}, {""side"": ""SELL"", ""price"": ""4015.50"", ""qty"": ""0.341"", ""reduceOnly"": true}]","[{""price"": ""0"", ""qty"": ""0"", ""clientOrderId"": ""x-Cb7ytekJ90568dccf2ffd7dc61d431""}, {""price"": ""4015.50"", ""qty"": ""0.341"", ""clientOrderId"": ""TP_AUTO_TP_1759062893368""}]",3847.36,v1,ETHUSDT
2025-09-28T12:37:54.308258+00:00,"{'tipo': 'SOPORTE', 'precio': 200.0, 'volumen': 1632.868}",3982.49,0.341,4003.4920821122696,0.01998799,"[{""side"": ""SELL"", ""price"": ""0"", ""qty"": ""0"", ""reduceOnly"": true}, {""side"": ""SELL"", ""price"": ""4015.50"", ""qty"": ""0.341"", ""reduceOnly"": true}, {""side"": ""BUY"", ""price"": ""3978.12"", ""qty"": ""0.025"", ""reduceOnly"": false}]","[{""price"": ""0"", ""qty"": ""0"", ""clientOrderId"": ""x-Cb7ytekJ832eb131566518972898c5""}, {""price"": ""4015.50"", ""qty"": ""0.341"", ""clientOrderId"": ""TP_AUTO_TP_1759063073402""}]",3847.36,v1,ETHUSDT
2025-09-28T12:40:51.736870+00:00,"{'tipo': 'SOPORTE', 'precio': 200.0, 'volumen': 749.547}",3977.68,0.341,4003.4920821122696,0.01998799,"[{""side"": ""SELL"", ""price"": ""0"", ""qty"": ""0"", ""reduceOnly"": true}, {""side"": ""SELL"", ""price"": ""4015.50"", ""qty"": ""0.341"", ""reduceOnly"": true}]","[{""price"": ""0"", ""qty"": ""0"", ""clientOrderId"": ""x-Cb7ytekJ832eb131566518972898c5""}, {""price"": ""4015.50"", ""qty"": ""0.341"", ""clientOrderId"": ""TP_AUTO_TP_1759063073402""}]",3847.36,v1,ETHUSDT
2025-09-28T12:40:54.344602+00:00,"{'tipo': 'SOPORTE', 'precio': 200.0, 'volumen': 749.547}",3977.47,0.341,4003.4920821122696,0.01998799,"[{""side"": ""SELL"", ""price"": ""4015.50"", ""qty"": ""0.341"", ""reduceOnly"": true}, {""side"": ""SELL"", ""price"": ""0"", ""qty"": ""0"", ""reduceOnly"": true}, {""side"": ""BUY"", ""price"": ""3973.30"", ""qty"": ""0.025"", ""reduceOnly"": false}]","[{""price"": ""4015.50"", ""qty"": ""0.341"", ""clientOrderId"": ""TP_AUTO_TP_1759063253439""}, {""price"": ""0"", ""qty"": ""0"", ""clientOrderId"": ""x-Cb7ytekJaeff4b9f122aed53ff0ff4""}]",3847.36,v1,ETHUSDT
2025-09-28T12:43:51.750116+00:00,DUMP,3976.6,0.341,4003.4920821122696,0.01998799,"[{""side"": ""SELL"", ""price"": ""4015.50"", ""qty"": ""0.341"", ""reduceOnly"": true}, {""side"": ""SELL"", ""price"": ""0"", ""qty"": ""0"", ""reduceOnly"": true}, {""side"": ""BUY"", ""price"": ""3973.30"", ""qty"": ""0.025"", ""reduceOnly"": false}]","[{""price"": ""4015.50"", ""qty"": ""0.341"", ""clientOrderId"": ""TP_AUTO_TP_1759063253439""}, {""price"": ""0"", ""qty"": ""0"", ""clientOrderId"": ""x-Cb7ytekJaeff4b9f122aed53ff0ff4""}]",3847.36,v1,ETHUSDT
2025-09-28T12:43:54.385554+00:00,DUMP,3976.04,0.341,4003.4920821122696,0.01998799,"[{""side"": ""SELL"", ""price"": ""0"", ""qty"": ""0"", ""reduceOnly"": true}, {""side"": ""SELL"", ""price"": ""4015.50"", ""qty"": ""0.341"", ""reduceOnly"": true}, {""side"": ""BUY"", ""price"": ""3961.09"", ""qty"": ""0.025"", ""reduceOnly"": false}]","[{""price"": ""0"", ""qty"": ""0"", ""clientOrderId"": ""x-Cb7ytekJ9a3f3eaad97da102b96f4f""}, {""price"": ""4015.50"", ""qty"": ""0.341"", ""clientOrderId"": ""TP_AUTO_TP_1759063433469""}]",3847.36,v1,ETHUSDT
2025-09-28T12:46:51.797977+00:00,DUMP,3968.83,0.341,4003.4920821122696,0.01998799,"[{""side"": ""SELL"", ""price"": ""0"", ""qty"": ""0"", ""reduceOnly"": true}, {""side"": ""SELL"", ""price"": ""4015.50"", ""qty"": ""0.341"", ""reduceOnly"": true}, {""side"": ""BUY"", ""price"": ""3961.09"", ""qty"": ""0.025"", ""reduceOnly"": false}]","[{""price"": ""0"", ""qty"": ""0"", ""clientOrderId"": ""x-Cb7ytekJ9a3f3eaad97da102b96f4f""}, {""price"": ""4015.50"", ""qty"": ""0.341"", ""clientOrderId"": ""TP_AUTO_TP_1759063433469""}]",3847.36,v1,ETHUSDT
2025-09-28T12:46:54.431539+00:00,DUMP,3969.48,0.341,4003.4920821122696,0.01998799,"[{""side"": ""SELL"", ""price"": ""0"", ""qty"": ""0"", ""reduceOnly"": true}, {""side"": ""BUY"", ""price"": ""3953.35"", ""qty"": ""0.025"", ""reduceOnly"": false}, {""side"": ""SELL"", ""price"": ""4015.50"", ""qty"": ""0.341"", ""reduceOnly"": true}]","[{""price"": ""0"", ""qty"": ""0"", ""clientOrderId"": ""x-Cb7ytekJ760977a631d93f55470ea7""}, {""price"": ""4015.50"", ""qty"": ""0.341"", ""clientOrderId"": ""TP_AUTO_TP_1759063613526""}]",3847.36,v1,ETHUSDT
2025-09-28T12:49:51.861007+00:00,"{'tipo': 'SOPORTE', 'precio': 200.0, 'volumen': 1615.375}",3972.44,0.341,4003.4920821122696,0.01998799,"[{""side"": ""SELL"", ""price"": ""0"", ""qty"": ""0"", ""reduceOnly"": true}, {""side"": ""BUY"", ""price"": ""3953.35"", ""qty"": ""0.025"", ""reduceOnly"": false}, {""side"": ""SELL"", ""price"": ""4015.50"", ""qty"": ""0.341"", ""reduceOnly"": true}]","[{""price"": ""0"", ""qty"": ""0"", ""clientOrderId"": ""x-Cb7ytekJ760977a631d93f55470ea7""}, {""price"": ""4015.50"", ""qty"": ""0.341"", ""clientOrderId"": ""TP_AUTO_TP_1759063613526""}]",3847.36,v1,ETHUSDT
2025-09-28T12:49:54.475681+00:00,"{'tipo': 'SOPORTE', 'precio': 200.0, 'volumen': 1615.375}",3972.89,0.341,4003.4920821122696,0.01998799,"[{""side"": ""SELL"", ""price"": ""0"", ""qty"": ""0"", ""reduceOnly"": true}, {""side"": ""BUY"", ""price"": ""3968.07"", ""qty"": ""0.025"", ""reduceOnly"": false}, {""side"": ""SELL"", ""price"": ""4015.50"", ""qty"": ""0.341"", ""reduceOnly"": true}]","[{""price"": ""0"", ""qty"": ""0"", ""clientOrderId"": ""x-Cb7ytekJ86c8b88e01d0f0657a9dd8""}, {""price"": ""4015.50"", ""qty"": ""0.341"", ""clientOrderId"": ""TP_AUTO_TP_1759063793562""}]",3847.36,v1,ETHUSDT
2025-09-28T12:52:51.922797+00:00,"{'tipo': 'SOPORTE', 'precio': 200.0, 'volumen': 2485.3089999999997}",3978.62,0.341,4003.4920821122696,0.01998799,"[{""side"": ""SELL"", ""price"": ""0"", ""qty"": ""0"", ""reduceOnly"": true}, {""side"": ""BUY"", ""price"": ""3968.07"", ""qty"": ""0.025"", ""reduceOnly"": false}, {""side"": ""SELL"", ""price"": ""4015.50"", ""qty"": ""0.341"", ""reduceOnly"": true}]","[{""price"": ""0"", ""qty"": ""0"", ""clientOrderId"": ""x-Cb7ytekJ86c8b88e01d0f0657a9dd8""}, {""price"": ""4015.50"", ""qty"": ""0.341"", ""clientOrderId"": ""TP_AUTO_TP_1759063793562""}]",3847.36,v1,ETHUSDT
2025-09-28T12:52:54.549451+00:00,"{'tipo': 'SOPORTE', 'precio': 200.0, 'volumen': 2485.3089999999997}",3978.62,0.341,4003.4920821122696,0.01998799,"[{""side"": ""SELL"", ""price"": ""0"", ""qty"": ""0"", ""reduceOnly"": true}, {""side"": ""BUY"", ""price"": ""3974.24"", ""qty"": ""0.025"", ""reduceOnly"": false}, {""side"": ""SELL"", ""price"": ""4015.50"", ""qty"": ""0.341"", ""reduceOnly"": true}]","[{""price"": ""0"", ""qty"": ""0"", ""clientOrderId"": ""x-Cb7ytekJ1e7a52832efea03ee6aa7c""}, {""price"": ""4015.50"", ""qty"": ""0.341"", ""clientOrderId"": ""TP_AUTO_TP_1759063973635""}]",3847.36,v1,ETHUSDT
2025-09-28T12:55:51.985725+00:00,DUMP,3978.73,0.341,4003.4920821122696,0.01998799,"[{""side"": ""SELL"", ""price"": ""0"", ""qty"": ""0"", ""reduceOnly"": true}, {""side"": ""BUY"", ""price"": ""3974.24"", ""qty"": ""0.025"", ""reduceOnly"": false}, {""side"": ""SELL"", ""price"": ""4015.50"", ""qty"": ""0.341"", ""reduceOnly"": true}]","[{""price"": ""0"", ""qty"": ""0"", ""clientOrderId"": ""x-Cb7ytekJ1e7a52832efea03ee6aa7c""}, {""price"": ""4015.50"", ""qty"": ""0.341"", ""clientOrderId"": ""TP_AUTO_TP_1759063973635""}]",3847.36,v1,ETHUSDT
2025-09-28T12:55:54.597276+00:00,DUMP,3978.73,0.341,4003.4920821122696,0.01998799,"[{""side"": ""SELL"", ""price"": ""0"", ""qty"": ""0"", ""reduceOnly"": true}, {""side"": ""BUY"", ""price"": ""3963.21"", ""qty"": ""0.025"", ""reduceOnly"": false}, {""side"": ""SELL"", ""price"": ""4015.50"", ""qty"": ""0.341"", ""reduceOnly"": true}]","[{""price"": ""0"", ""qty"": ""0"", ""clientOrderId"": ""x-Cb7ytekJ65fbcbff84a164376672ae""}, {""price"": ""4015.50"", ""qty"": ""0.341"", ""clientOrderId"": ""TP_AUTO_TP_1759064153686""}]",3847.36,v1,ETHUSDT
2025-09-28T12:58:52.286509+00:00,"{'tipo': 'SOPORTE', 'precio': 200.0, 'volumen': 1862.716}",3978.62,0.341,4003.4920821122696,0.01998799,"[{""side"": ""SELL"", ""price"": ""0"", ""qty"": ""0"", ""reduceOnly"": true}, {""side"": ""BUY"", ""price"": ""3963.21"", ""qty"": ""0.025"", ""reduceOnly"": false}, {""side"": ""SELL"", ""price"": ""4015.50"", ""qty"": ""0.341"", ""reduceOnly"": true}]","[{""price"": ""0"", ""qty"": ""0"", ""clientOrderId"": ""x-Cb7ytekJ65fbcbff84a164376672ae""}, {""price"": ""4015.50"", ""qty"": ""0.341"", ""clientOrderId"": ""TP_AUTO_TP_1759064153686""}]",3847.36,v1,ETHUSDT
2025-09-28T12:58:54.908701+00:00,"{'tipo': 'SOPORTE', 'precio': 200.0, 'volumen': 1862.716}",0.0,0.341,4003.4920821122696,0.01998799,"[{""side"": ""SELL"", ""price"": ""0"", ""qty"": ""0"", ""reduceOnly"": true}, {""side"": ""BUY"", ""price"": ""3974.24"", ""qty"": ""0.025"", ""reduceOnly"": false}, {""side"": ""SELL"", ""price"": ""4015.50"", ""qty"": ""0.341"", ""reduceOnly"": true}]","[{""price"": ""0"", ""qty"": ""0"", ""clientOrderId"": ""x-Cb7ytekJbe91392e1e08cbc49b7ef8""}, {""price"": ""4015.50"", ""qty"": ""0.341"", ""clientOrderId"": ""TP_AUTO_TP_1759064333994""}]",3847.36,v1,ETHUSDT
2025-09-28T13:01:52.307862+00:00,DUMP,3980.17,0.341,4003.4920821122696,0.01998799,"[{""side"": ""SELL"", ""price"": ""0"", ""qty"": ""0"", ""reduceOnly"": true}, {""side"": ""BUY"", ""price"": ""3974.24"", ""qty"": ""0.025"", ""reduceOnly"": false}, {""side"": ""SELL"", ""price"": ""4015.50"", ""qty"": ""0.341"", ""reduceOnly"": true}]","[{""price"": ""0"", ""qty"": ""0"", ""clientOrderId"": ""x-Cb7ytekJbe91392e1e08cbc49b7ef8""}, {""price"": ""4015.50"", ""qty"": ""0.341"", ""clientOrderId"": ""TP_AUTO_TP_1759064333994""}]",3847.36,v1,ETHUSDT
2025-09-28T13:01:54.939510+00:00,DUMP,3980.17,0.341,4003.4920821122696,0.01998799,"[{""side"": ""BUY"", ""price"": ""3964.65"", ""qty"": ""0.025"", ""reduceOnly"": false}, {""side"": ""SELL"", ""price"": ""0"", ""qty"": ""0"", ""reduceOnly"": true}, {""side"": ""SELL"", ""price"": ""4015.50"", ""qty"": ""0.341"", ""reduceOnly"": true}]","[{""price"": ""0"", ""qty"": ""0"", ""clientOrderId"": ""x-Cb7ytekJ8df58fcac2bf267b1458f7""}, {""price"": ""4015.50"", ""qty"": ""0.341"", ""clientOrderId"": ""TP_AUTO_TP_1759064514026""}]",3847.36,v1,ETHUSDT
2025-09-28T13:04:52.314155+00:00,"{'tipo': 'SOPORTE', 'precio': 200.0, 'volumen': 1615.6779999999999}",3978.87,0.341,4003.4920821122696,0.01998799,"[{""side"": ""BUY"", ""price"": ""3964.65"", ""qty"": ""0.025"", ""reduceOnly"": false}, {""side"": ""SELL"", ""price"": ""0"", ""qty"": ""0"", ""reduceOnly"": true}, {""side"": ""SELL"", ""price"": ""4015.50"", ""qty"": ""0.341"", ""reduceOnly"": true}]","[{""price"": ""0"", ""qty"": ""0"", ""clientOrderId"": ""x-Cb7ytekJ8df58fcac2bf267b1458f7""}, {""price"": ""4015.50"", ""qty"": ""0.341"", ""clientOrderId"": ""TP_AUTO_TP_1759064514026""}]",3847.36,v1,ETHUSDT
2025-09-28T13:04:54.945795+00:00,"{'tipo': 'SOPORTE', 'precio': 200.0, 'volumen': 1615.6779999999999}",3978.87,0.341,4003.4920821122696,0.01998799,"[{""side"": ""SELL"", ""price"": ""4015.50"", ""qty"": ""0.341"", ""reduceOnly"": true}, {""side"": ""BUY"", ""price"": ""3974.49"", ""qty"": ""0.025"", ""reduceOnly"": false}, {""side"": ""SELL"", ""price"": ""0"", ""qty"": ""0"", ""reduceOnly"": true}]","[{""price"": ""4015.50"", ""qty"": ""0.341"", ""clientOrderId"": ""TP_AUTO_TP_1759064694021""}, {""price"": ""0"", ""qty"": ""0"", ""clientOrderId"": ""x-Cb7ytekJe313d55c9637a473684cdf""}]",3847.36,v1,ETHUSDT
2025-09-28T13:07:52.350737+00:00,"{'tipo': 'SOPORTE', 'precio': 3000.0, 'volumen': 1615.076}",3980.79,0.341,4003.4920821122696,0.01998799,"[{""side"": ""SELL"", ""price"": ""4015.50"", ""qty"": ""0.341"", ""reduceOnly"": true}, {""side"": ""BUY"", ""price"": ""3974.49"", ""qty"": ""0.025"", ""reduceOnly"": false}, {""side"": ""SELL"", ""price"": ""0"", ""qty"": ""0"", ""reduceOnly"": true}]","[{""price"": ""4015.50"", ""qty"": ""0.341"", ""clientOrderId"": ""TP_AUTO_TP_1759064694021""}, {""price"": ""0"", ""qty"": ""0"", ""clientOrderId"": ""x-Cb7ytekJe313d55c9637a473684cdf""}]",3847.36,v1,ETHUSDT
2025-09-28T13:07:54.997413+00:00,"{'tipo': 'SOPORTE', 'precio': 3000.0, 'volumen': 1615.076}",3980.79,0.341,4003.4920821122696,0.01998799,"[{""side"": ""SELL"", ""price"": ""4015.50"", ""qty"": ""0.341"", ""reduceOnly"": true}, {""side"": ""SELL"", ""price"": ""0"", ""qty"": ""0"", ""reduceOnly"": true}, {""side"": ""BUY"", ""price"": ""3976.41"", ""qty"": ""0.025"", ""reduceOnly"": false}]","[{""price"": ""4015.50"", ""qty"": ""0.341"", ""clientOrderId"": ""TP_AUTO_TP_1759064874076""}, {""price"": ""0"", ""qty"": ""0"", ""clientOrderId"": ""x-Cb7ytekJ770c5ef508949e6f5743f5""}]",3847.36,v1,ETHUSDT
2025-09-28T13:10:52.384402+00:00,"{'tipo': 'SOPORTE', 'precio': 200.0, 'volumen': 1523.033}",3983.59,0.341,4003.4920821122696,0.01998799,"[{""side"": ""SELL"", ""price"": ""4015.50"", ""qty"": ""0.341"", ""reduceOnly"": true}, {""side"": ""SELL"", ""price"": ""0"", ""qty"": ""0"", ""reduceOnly"": true}, {""side"": ""BUY"", ""price"": ""3976.41"", ""qty"": ""0.025"", ""reduceOnly"": false}]","[{""price"": ""4015.50"", ""qty"": ""0.341"", ""clientOrderId"": ""TP_AUTO_TP_1759064874076""}, {""price"": ""0"", ""qty"": ""0"", ""clientOrderId"": ""x-Cb7ytekJ770c5ef508949e6f5743f5""}]",3847.36,v1,ETHUSDT
2025-09-28T13:10:55.005983+00:00,DUMP,3983.6,0.341,4003.4920821122696,0.01998799,"[{""side"": ""SELL"", ""price"": ""4015.50"", ""qty"": ""0.341"", ""reduceOnly"": true}, {""side"": ""SELL"", ""price"": ""0"", ""qty"": ""0"", ""reduceOnly"": true}, {""side"": ""BUY"", ""price"": ""3979.21"", ""qty"": ""0.025"", ""reduceOnly"": false}]","[{""price"": ""4015.50"", ""qty"": ""0.341"", ""clientOrderId"": ""TP_AUTO_TP_1759065054084""}, {""price"": ""0"", ""qty"": ""0"", ""clientOrderId"": ""x-Cb7ytekJcd1b37f980148630163c2b""}]",3847.36,v1,ETHUSDT
2025-09-28T13:13:52.397582+00:00,"{'tipo': 'SOPORTE', 'precio': 3000.0, 'volumen': 1588.845}",3984.0,0.341,4003.4920821122696,0.01998799,"[{""side"": ""SELL"", ""price"": ""4015.50"", ""qty"": ""0.341"", ""reduceOnly"": true}, {""side"": ""SELL"", ""price"": ""0"", ""qty"": ""0"", ""reduceOnly"": true}, {""side"": ""BUY"", ""price"": ""3979.21"", ""qty"": ""0.025"", ""reduceOnly"": false}]","[{""price"": ""4015.50"", ""qty"": ""0.341"", ""clientOrderId"": ""TP_AUTO_TP_1759065054084""}, {""price"": ""0"", ""qty"": ""0"", ""clientOrderId"": ""x-Cb7ytekJcd1b37f980148630163c2b""}]",3847.36,v1,ETHUSDT
2025-09-28T13:13:55.006115+00:00,"{'tipo': 'SOPORTE', 'precio': 3000.0, 'volumen': 1588.845}",3984.0,0.341,4003.4920821122696,0.01998799,"[{""side"": ""SELL"", ""price"": ""0"", ""qty"": ""0"", ""reduceOnly"": true}, {""side"": ""SELL"", ""price"": ""4015.50"", ""qty"": ""0.341"", ""reduceOnly"": true}, {""side"": ""BUY"", ""price"": ""3979.62"", ""qty"": ""0.025"", ""reduceOnly"": false}]","[{""price"": ""0"", ""qty"": ""0"", ""clientOrderId"": ""x-Cb7ytekJ68c381627b059a34cf096f""}, {""price"": ""4015.50"", ""qty"": ""0.341"", ""clientOrderId"": ""TP_AUTO_TP_1759065234101""}]",3847.36,v1,ETHUSDT
2025-09-28T13:16:52.409541+00:00,"{'tipo': 'SOPORTE', 'precio': 3000.0, 'volumen': 1513.7630000000001}",3987.9,0.341,4003.4920821122696,0.01998799,"[{""side"": ""SELL"", ""price"": ""0"", ""qty"": ""0"", ""reduceOnly"": true}, {""side"": ""SELL"", ""price"": ""4015.50"", ""qty"": ""0.341"", ""reduceOnly"": true}, {""side"": ""BUY"", ""price"": ""3979.62"", ""qty"": ""0.025"", ""reduceOnly"": false}]","[{""price"": ""0"", ""qty"": ""0"", ""clientOrderId"": ""x-Cb7ytekJ68c381627b059a34cf096f""}, {""price"": ""4015.50"", ""qty"": ""0.341"", ""clientOrderId"": ""TP_AUTO_TP_1759065234101""}]",3847.36,v1,ETHUSDT
2025-09-28T13:16:55.048108+00:00,"{'tipo': 'SOPORTE', 'precio': 3000.0, 'volumen': 1513.7630000000001}",3987.9,0.341,4003.4920821122696,0.01998799,"[{""side"": ""SELL"", ""price"": ""0"", ""qty"": ""0"", ""reduceOnly"": true}, {""side"": ""SELL"", ""price"": ""4015.50"", ""qty"": ""0.341"", ""reduceOnly"": true}, {""side"": ""BUY"", ""price"": ""3983.51"", ""qty"": ""0.025"", ""reduceOnly"": false}]","[{""price"": ""0"", ""qty"": ""0"", ""clientOrderId"": ""x-Cb7ytekJ3859b7ec23fa4c61816380""}, {""price"": ""4015.50"", ""qty"": ""0.341"", ""clientOrderId"": ""TP_AUTO_TP_1759065414127""}]",3847.36,v1,ETHUSDT
2025-09-28T13:19:52.509798+00:00,"{'tipo': 'SOPORTE', 'precio': 3890.7, 'volumen': 802.616}",3991.29,0.341,4003.4920821122696,0.01998799,"[{""side"": ""SELL"", ""price"": ""0"", ""qty"": ""0"", ""reduceOnly"": true}, {""side"": ""SELL"", ""price"": ""4015.50"", ""qty"": ""0.341"", ""reduceOnly"": true}, {""side"": ""BUY"", ""price"": ""3983.51"", ""qty"": ""0.025"", ""reduceOnly"": false}]","[{""price"": ""0"", ""qty"": ""0"", ""clientOrderId"": ""x-Cb7ytekJ3859b7ec23fa4c61816380""}, {""price"": ""4015.50"", ""qty"": ""0.341"", ""clientOrderId"": ""TP_AUTO_TP_1759065414127""}]",3847.36,v1,ETHUSDT
2025-09-28T13:19:55.144360+00:00,DUMP,3991.87,0.341,4003.4920821122696,0.01998799,"[{""side"": ""SELL"", ""price"": ""4015.50"", ""qty"": ""0.341"", ""reduceOnly"": true}, {""side"": ""SELL"", ""price"": ""0"", ""qty"": ""0"", ""reduceOnly"": true}, {""side"": ""BUY"", ""price"": ""3986.90"", ""qty"": ""0.025"", ""reduceOnly"": false}]","[{""price"": ""4015.50"", ""qty"": ""0.341"", ""clientOrderId"": ""TP_AUTO_TP_1759065594223""}, {""price"": ""0"", ""qty"": ""0"", ""clientOrderId"": ""x-Cb7ytekJ925c4f5be21f66a04080ab""}]",3847.36,v1,ETHUSDT
2025-09-28T13:22:52.598647+00:00,"{'tipo': 'SOPORTE', 'precio': 3000.0, 'volumen': 1600.501}",3991.43,0.341,4003.4920821122696,0.01998799,"[{""side"": ""SELL"", ""price"": ""4015.50"", ""qty"": ""0.341"", ""reduceOnly"": true}, {""side"": ""SELL"", ""price"": ""0"", ""qty"": ""0"", ""reduceOnly"": true}, {""side"": ""BUY"", ""price"": ""3986.90"", ""qty"": ""0.025"", ""reduceOnly"": false}]","[{""price"": ""4015.50"", ""qty"": ""0.341"", ""clientOrderId"": ""TP_AUTO_TP_1759065594223""}, {""price"": ""0"", ""qty"": ""0"", ""clientOrderId"": ""x-Cb7ytekJ925c4f5be21f66a04080ab""}]",3847.36,v1,ETHUSDT
2025-09-28T13:22:55.222261+00:00,DUMP,3991.43,0.341,4003.4920821122696,0.01998799,"[{""side"": ""SELL"", ""price"": ""0"", ""qty"": ""0"", ""reduceOnly"": true}, {""side"": ""BUY"", ""price"": ""3987.04"", ""qty"": ""0.025"", ""reduceOnly"": false}, {""side"": ""SELL"", ""price"": ""4015.50"", ""qty"": ""0.341"", ""reduceOnly"": true}]","[{""price"": ""0"", ""qty"": ""0"", ""clientOrderId"": ""x-Cb7ytekJ4309daca0e710081f9a337""}, {""price"": ""4015.50"", ""qty"": ""0.341"", ""clientOrderId"": ""TP_AUTO_TP_1759065774310""}]",3847.36,v1,ETHUSDT
2025-09-28T13:25:52.658114+00:00,DUMP,3992.4,0.341,4003.4920821122696,0.01998799,"[{""side"": ""SELL"", ""price"": ""0"", ""qty"": ""0"", ""reduceOnly"": true}, {""side"": ""BUY"", ""price"": ""3987.04"", ""qty"": ""0.025"", ""reduceOnly"": false}, {""side"": ""SELL"", ""price"": ""4015.50"", ""qty"": ""0.341"", ""reduceOnly"": true}]","[{""price"": ""0"", ""qty"": ""0"", ""clientOrderId"": ""x-Cb7ytekJ4309daca0e710081f9a337""}, {""price"": ""4015.50"", ""qty"": ""0.341"", ""clientOrderId"": ""TP_AUTO_TP_1759065774310""}]",3847.36,v1,ETHUSDT
2025-09-28T13:25:55.368341+00:00,DUMP,3992.4,0.341,4003.4920821122696,0.01998799,"[{""side"": ""SELL"", ""price"": ""4015.50"", ""qty"": ""0.341"", ""reduceOnly"": true}, {""side"": ""SELL"", ""price"": ""0"", ""qty"": ""0"", ""reduceOnly"": true}, {""side"": ""BUY"", ""price"": ""3976.83"", ""qty"": ""0.025"", ""reduceOnly"": false}]","[{""price"": ""4015.50"", ""qty"": ""0.341"", ""clientOrderId"": ""TP_AUTO_TP_1759065954420""}, {""price"": ""0"", ""qty"": ""0"", ""clientOrderId"": ""x-Cb7ytekJa517069c83538c6b9d61b0""}]",3847.36,v1,ETHUSDT
2025-09-28T13:28:53.056546+00:00,"{'tipo': 'SOPORTE', 'precio': 200.0, 'volumen': 1263.03}",3997.2,0.341,4003.4920821122696,0.01998799,"[{""side"": ""SELL"", ""price"": ""4015.50"", ""qty"": ""0.341"", ""reduceOnly"": true}, {""side"": ""SELL"", ""price"": ""0"", ""qty"": ""0"", ""reduceOnly"": true}, {""side"": ""BUY"", ""price"": ""3976.83"", ""qty"": ""0.025"", ""reduceOnly"": false}]","[{""price"": ""4015.50"", ""qty"": ""0.341"", ""clientOrderId"": ""TP_AUTO_TP_1759065954420""}, {""price"": ""0"", ""qty"": ""0"", ""clientOrderId"": ""x-Cb7ytekJa517069c83538c6b9d61b0""}]",3847.36,v1,ETHUSDT
2025-09-28T13:28:55.810651+00:00,"{'tipo': 'SOPORTE', 'precio': 200.0, 'volumen': 1263.03}",0.0,0.341,4003.4920821122696,0.01998799,"[{""side"": ""SELL"", ""price"": ""4015.50"", ""qty"": ""0.341"", ""reduceOnly"": true}, {""side"": ""SELL"", ""price"": ""0"", ""qty"": ""0"", ""reduceOnly"": true}, {""side"": ""BUY"", ""price"": ""3992.80"", ""qty"": ""0.025"", ""reduceOnly"": false}]","[{""price"": ""4015.50"", ""qty"": ""0.341"", ""clientOrderId"": ""TP_AUTO_TP_1759066134821""}, {""price"": ""0"", ""qty"": ""0"", ""clientOrderId"": ""x-Cb7ytekJ3a5976747fe3f58411b1c0""}]",3847.36,v1,ETHUSDT
2025-09-28T13:30:45.361084+00:00,,3997.71,0.466,3998.715772532,0.0,"[{""side"": ""SELL"", ""price"": ""4010.71"", ""qty"": ""0.466"", ""reduceOnly"": true}, {""side"": ""SELL"", ""price"": ""0"", ""qty"": ""0"", ""reduceOnly"": true}, {""side"": ""BUY"", ""price"": ""3992.80"", ""qty"": ""0.025"", ""reduceOnly"": false}]","[{""price"": ""4010.71"", ""qty"": ""0.466"", ""clientOrderId"": ""TP_AUTO_TP_1759066239879""}, {""price"": ""0"", ""qty"": ""0"", ""clientOrderId"": ""x-Cb7ytekJ3a5976747fe3f58411b1c0""}]",3847.36,v1,ETHUSDT
2025-09-28T13:30:48.142899+00:00,,3997.99,0.466,3998.715772532,0.0,"[{""side"": ""SELL"", ""price"": ""0"", ""qty"": ""0"", ""reduceOnly"": true}, {""side"": ""SELL"", ""price"": ""4010.71"", ""qty"": ""0.466"", ""reduceOnly"": true}, {""side"": ""BUY"", ""price"": ""3987.72"", ""qty"": ""0.025"", ""reduceOnly"": false}]","[{""price"": ""0"", ""qty"": ""0"", ""clientOrderId"": ""x-Cb7ytekJb5ae840166a18fd62dfb85""}, {""price"": ""4010.71"", ""qty"": ""0.466"", ""clientOrderId"": ""TP_AUTO_TP_1759066247172""}]",3842.77,v1,ETHUSDT
2025-09-28T13:33:45.078915+00:00,"{'tipo': 'SOPORTE', 'precio': 3757.77, 'volumen': 3095.093}",3997.64,0.466,3998.715772532,0.0,"[{""side"": ""SELL"", ""price"": ""0"", ""qty"": ""0"", ""reduceOnly"": true}, {""side"": ""SELL"", ""price"": ""4010.71"", ""qty"": ""0.466"", ""reduceOnly"": true}, {""side"": ""BUY"", ""price"": ""3987.72"", ""qty"": ""0.025"", ""reduceOnly"": false}]","[{""price"": ""0"", ""qty"": ""0"", ""clientOrderId"": ""x-Cb7ytekJb5ae840166a18fd62dfb85""}, {""price"": ""4010.71"", ""qty"": ""0.466"", ""clientOrderId"": ""TP_AUTO_TP_1759066247172""}]",3842.77,v1,ETHUSDT
2025-09-28T13:33:47.886343+00:00,"{'tipo': 'SOPORTE', 'precio': 3757.77, 'volumen': 3095.093}",3998.0,0.466,3998.715772532,0.0,"[{""side"": ""SELL"", ""price"": ""0"", ""qty"": ""0"", ""reduceOnly"": true}, {""side"": ""SELL"", ""price"": ""4010.71"", ""qty"": ""0.466"", ""reduceOnly"": true}, {""side"": ""BUY"", ""price"": ""3993.24"", ""qty"": ""0.025"", ""reduceOnly"": false}]","[{""price"": ""0"", ""qty"": ""0"", ""clientOrderId"": ""x-Cb7ytekJ1c97f6a4678a3b6d1f5f""}, {""price"": ""4010.71"", ""qty"": ""0.466"", ""clientOrderId"": ""TP_AUTO_TP_1759066426891""}]",3842.77,v1,ETHUSDT
2025-09-28T13:36:45.100254+00:00,"{'tipo': 'SOPORTE', 'precio': 200.0, 'volumen': 1891.514}",3999.51,0.466,3998.715772532,0.0,"[{""side"": ""SELL"", ""price"": ""0"", ""qty"": ""0"", ""reduceOnly"": true}, {""side"": ""SELL"", ""price"": ""4010.71"", ""qty"": ""0.466"", ""reduceOnly"": true}, {""side"": ""BUY"", ""price"": ""3993.24"", ""qty"": ""0.025"", ""reduceOnly"": false}]","[{""price"": ""0"", ""qty"": ""0"", ""clientOrderId"": ""x-Cb7ytekJ1c97f6a4678a3b6d1f5f""}, {""price"": ""4010.71"", ""qty"": ""0.466"", ""clientOrderId"": ""TP_AUTO_TP_1759066426891""}]",3842.77,v1,ETHUSDT
2025-09-28T13:36:47.548888+00:00,DUMP,3999.51,0.466,3998.715772532,0.0,"[{""side"": ""SELL"", ""price"": ""4010.71"", ""qty"": ""0.466"", ""reduceOnly"": true}, {""side"": ""SELL"", ""price"": ""0"", ""qty"": ""0"", ""reduceOnly"": true}]","[{""price"": ""4010.71"", ""qty"": ""0.466"", ""clientOrderId"": ""TP_AUTO_TP_1759066606585""}, {""price"": ""0"", ""qty"": ""0"", ""clientOrderId"": ""x-Cb7ytekJbe10f7ca547f603c5ab870""}]",3842.77,v1,ETHUSDT
2025-09-28T13:39:45.140805+00:00,"{'tipo': 'SOPORTE', 'precio': 3000.0, 'volumen': 1504.315}",4001.68,0.466,3998.715772532,0.0,"[{""side"": ""SELL"", ""price"": ""4010.71"", ""qty"": ""0.466"", ""reduceOnly"": true}, {""side"": ""SELL"", ""price"": ""0"", ""qty"": ""0"", ""reduceOnly"": true}]","[{""price"": ""4010.71"", ""qty"": ""0.466"", ""clientOrderId"": ""TP_AUTO_TP_1759066606585""}, {""price"": ""0"", ""qty"": ""0"", ""clientOrderId"": ""x-Cb7ytekJbe10f7ca547f603c5ab870""}]",3842.77,v1,ETHUSDT
2025-09-28T13:39:47.645336+00:00,"{'tipo': 'SOPORTE', 'precio': 3000.0, 'volumen': 1504.315}",4001.67,0.466,3998.715772532,0.0,"[{""side"": ""SELL"", ""price"": ""0"", ""qty"": ""0"", ""reduceOnly"": true}, {""side"": ""SELL"", ""price"": ""4010.71"", ""qty"": ""0.466"", ""reduceOnly"": true}]","[{""price"": ""0"", ""qty"": ""0"", ""clientOrderId"": ""x-Cb7ytekJc52f04f78ecee5cb608c44""}, {""price"": ""4010.71"", ""qty"": ""0.466"", ""clientOrderId"": ""TP_AUTO_TP_1759066786614""}]",3842.77,v1,ETHUSDT
2025-09-28T13:42:45.157803+00:00,"{'tipo': 'SOPORTE', 'precio': 3000.0, 'volumen': 1523.0970000000002}",3999.79,0.466,3998.715772532,0.0,"[{""side"": ""SELL"", ""price"": ""0"", ""qty"": ""0"", ""reduceOnly"": true}, {""side"": ""SELL"", ""price"": ""4010.71"", ""qty"": ""0.466"", ""reduceOnly"": true}]","[{""price"": ""0"", ""qty"": ""0"", ""clientOrderId"": ""x-Cb7ytekJc52f04f78ecee5cb608c44""}, {""price"": ""4010.71"", ""qty"": ""0.466"", ""clientOrderId"": ""TP_AUTO_TP_1759066786614""}]",3842.77,v1,ETHUSDT
2025-09-28T13:42:47.593214+00:00,"{'tipo': 'SOPORTE', 'precio': 200.0, 'volumen': 1508.484}",3999.79,0.466,3998.715772532,0.0,"[{""side"": ""SELL"", ""price"": ""4010.71"", ""qty"": ""0.466"", ""reduceOnly"": true}, {""side"": ""SELL"", ""price"": ""0"", ""qty"": ""0"", ""reduceOnly"": true}]","[{""price"": ""4010.71"", ""qty"": ""0.466"", ""clientOrderId"": ""TP_AUTO_TP_1759066966621""}, {""price"": ""0"", ""qty"": ""0"", ""clientOrderId"": ""x-Cb7ytekJ6cf71a5b7a828d5e89b30a""}]",3842.77,v1,ETHUSDT
2025-09-28T13:45:45.167565+00:00,"{'tipo': 'SOPORTE', 'precio': 200.0, 'volumen': 1507.04}",3999.66,0.466,3998.715772532,0.0,"[{""side"": ""SELL"", ""price"": ""4010.71"", ""qty"": ""0.466"", ""reduceOnly"": true}, {""side"": ""SELL"", ""price"": ""0"", ""qty"": ""0"", ""reduceOnly"": true}]","[{""price"": ""4010.71"", ""qty"": ""0.466"", ""clientOrderId"": ""TP_AUTO_TP_1759066966621""}, {""price"": ""0"", ""qty"": ""0"", ""clientOrderId"": ""x-Cb7ytekJ6cf71a5b7a828d5e89b30a""}]",3842.77,v1,ETHUSDT
2025-09-28T13:45:47.630793+00:00,"{'tipo': 'SOPORTE', 'precio': 200.0, 'volumen': 1507.04}",3999.65,0.466,3998.715772532,0.0,"[{""side"": ""SELL"", ""price"": ""4010.71"", ""qty"": ""0.466"", ""reduceOnly"": true}, {""side"": ""SELL"", ""price"": ""0"", ""qty"": ""0"", ""reduceOnly"": true}]","[{""price"": ""4010.71"", ""qty"": ""0.466"", ""clientOrderId"": ""TP_AUTO_TP_1759067146635""}, {""price"": ""0"", ""qty"": ""0"", ""clientOrderId"": ""x-Cb7ytekJ4e9d316919ab9ede6cf152""}]",3842.77,v1,ETHUSDT
2025-09-28T13:48:45.220004+00:00,"{'tipo': 'SOPORTE', 'precio': 200.0, 'volumen': 1513.31}",3997.13,0.466,3998.715772532,0.0,"[{""side"": ""SELL"", ""price"": ""4010.71"", ""qty"": ""0.466"", ""reduceOnly"": true}, {""side"": ""SELL"", ""price"": ""0"", ""qty"": ""0"", ""reduceOnly"": true}]","[{""price"": ""4010.71"", ""qty"": ""0.466"", ""clientOrderId"": ""TP_AUTO_TP_1759067146635""}, {""price"": ""0"", ""qty"": ""0"", ""clientOrderId"": ""x-Cb7ytekJ4e9d316919ab9ede6cf152""}]",3842.77,v1,ETHUSDT
2025-09-28T13:48:48.024739+00:00,"{'tipo': 'SOPORTE', 'precio': 200.0, 'volumen': 1513.31}",3997.14,0.466,3998.715772532,0.0,"[{""side"": ""SELL"", ""price"": ""0"", ""qty"": ""0"", ""reduceOnly"": true}, {""side"": ""BUY"", ""price"": ""3992.73"", ""qty"": ""0.025"", ""reduceOnly"": false}, {""side"": ""SELL"", ""price"": ""4010.71"", ""qty"": ""0.466"", ""reduceOnly"": true}]","[{""price"": ""0"", ""qty"": ""0"", ""clientOrderId"": ""x-Cb7ytekJ486f99b268cae235967189""}, {""price"": ""4010.71"", ""qty"": ""0.466"", ""clientOrderId"": ""TP_AUTO_TP_1759067327042""}]",3842.77,v1,ETHUSDT
2025-09-28T13:51:45.299147+00:00,"{'tipo': 'SOPORTE', 'precio': 3000.0, 'volumen': 1517.712}",4000.34,0.466,3998.715772532,0.0,"[{""side"": ""SELL"", ""price"": ""0"", ""qty"": ""0"", ""reduceOnly"": true}, {""side"": ""BUY"", ""price"": ""3992.73"", ""qty"": ""0.025"", ""reduceOnly"": false}, {""side"": ""SELL"", ""price"": ""4010.71"", ""qty"": ""0.466"", ""reduceOnly"": true}]","[{""price"": ""0"", ""qty"": ""0"", ""clientOrderId"": ""x-Cb7ytekJ486f99b268cae235967189""}, {""price"": ""4010.71"", ""qty"": ""0.466"", ""clientOrderId"": ""TP_AUTO_TP_1759067327042""}]",3842.77,v1,ETHUSDT
2025-09-28T13:51:47.747320+00:00,"{'tipo': 'SOPORTE', 'precio': 3000.0, 'volumen': 1517.712}",4000.33,0.466,3998.715772532,0.0,"[{""side"": ""SELL"", ""price"": ""4010.71"", ""qty"": ""0.466"", ""reduceOnly"": true}, {""side"": ""SELL"", ""price"": ""0"", ""qty"": ""0"", ""reduceOnly"": true}]","[{""price"": ""4010.71"", ""qty"": ""0.466"", ""clientOrderId"": ""TP_AUTO_TP_1759067506775""}, {""price"": ""0"", ""qty"": ""0"", ""clientOrderId"": ""x-Cb7ytekJ50b10d80a61e35e4c5cdfd""}]",3842.77,v1,ETHUSDT
2025-09-28T13:54:45.338008+00:00,"{'tipo': 'SOPORTE', 'precio': 200.0, 'volumen': 1537.742}",3999.46,0.466,3998.715772532,0.0,"[{""side"": ""SELL"", ""price"": ""4010.71"", ""qty"": ""0.466"", ""reduceOnly"": true}, {""side"": ""SELL"", ""price"": ""0"", ""qty"": ""0"", ""reduceOnly"": true}]","[{""price"": ""4010.71"", ""qty"": ""0.466"", ""clientOrderId"": ""TP_AUTO_TP_1759067506775""}, {""price"": ""0"", ""qty"": ""0"", ""clientOrderId"": ""x-Cb7ytekJ50b10d80a61e35e4c5cdfd""}]",3842.77,v1,ETHUSDT
2025-09-28T13:54:47.777795+00:00,"{'tipo': 'SOPORTE', 'precio': 200.0, 'volumen': 1537.742}",3999.46,0.466,3998.715772532,0.0,"[{""side"": ""SELL"", ""price"": ""4010.71"", ""qty"": ""0.466"", ""reduceOnly"": true}, {""side"": ""SELL"", ""price"": ""0"", ""qty"": ""0"", ""reduceOnly"": true}]","[{""price"": ""4010.71"", ""qty"": ""0.466"", ""clientOrderId"": ""TP_AUTO_TP_1759067686803""}, {""price"": ""0"", ""qty"": ""0"", ""clientOrderId"": ""x-Cb7ytekJc7334e21e265905f82a847""}]",3842.77,v1,ETHUSDT
2025-09-28T13:57:45.337578+00:00,DUMP,4012.75,0.466,3998.715772532,0.0,"[{""side"": ""SELL"", ""price"": ""0"", ""qty"": ""0"", ""reduceOnly"": true}]","[{""price"": ""0"", ""qty"": ""0"", ""clientOrderId"": ""x-Cb7ytekJc7334e21e265905f82a847""}]",3842.77,v1,ETHUSDT
2025-09-28T13:57:48.795650+00:00,DUMP,4012.75,0.466,3998.715772532,0.0,"[{""side"": ""SELL"", ""price"": ""0"", ""qty"": ""0"", ""reduceOnly"": true}, {""side"": ""BUY"", ""price"": ""3981.45"", ""qty"": ""0.025"", ""reduceOnly"": false}, {""side"": ""BUY"", ""price"": ""3965.80"", ""qty"": ""0.025"", ""reduceOnly"": false}, {""side"": ""BUY"", ""price"": ""3950.15"", ""qty"": ""0.025"", ""reduceOnly"": false}]","[{""price"": ""0"", ""qty"": ""0"", ""clientOrderId"": ""x-Cb7ytekJae06e8f11281b977c6f2c3""}]",3842.77,v1,ETHUSDT
2025-09-28T14:00:45.358234+00:00,"{'tipo': 'SOPORTE', 'precio': 200.0, 'volumen': 1507.075}",4013.11,0.466,3998.715772532,0.0,"[{""side"": ""SELL"", ""price"": ""0"", ""qty"": ""0"", ""reduceOnly"": true}, {""side"": ""BUY"", ""price"": ""3981.45"", ""qty"": ""0.025"", ""reduceOnly"": false}, {""side"": ""BUY"", ""price"": ""3965.80"", ""qty"": ""0.025"", ""reduceOnly"": false}, {""side"": ""BUY"", ""price"": ""3950.15"", ""qty"": ""0.025"", ""reduceOnly"": false}]","[{""price"": ""0"", ""qty"": ""0"", ""clientOrderId"": ""x-Cb7ytekJae06e8f11281b977c6f2c3""}]",3842.77,v1,ETHUSDT
2025-09-28T14:00:47.815766+00:00,"{'tipo': 'SOPORTE', 'precio': 200.0, 'volumen': 1507.075}",4013.11,0.466,3998.715772532,0.0,"[{""side"": ""SELL"", ""price"": ""0"", ""qty"": ""0"", ""reduceOnly"": true}]","[{""price"": ""0"", ""qty"": ""0"", ""clientOrderId"": ""x-Cb7ytekJ757ef871773c7127143b79""}]",3842.77,v1,ETHUSDT
2025-09-28T14:03:45.379667+00:00,DUMP,4009.19,0.466,3998.715772532,0.0,"[{""side"": ""SELL"", ""price"": ""0"", ""qty"": ""0"", ""reduceOnly"": true}]","[{""price"": ""0"", ""qty"": ""0"", ""clientOrderId"": ""x-Cb7ytekJ757ef871773c7127143b79""}]",3842.77,v1,ETHUSDT
2025-09-28T14:03:49.137729+00:00,DUMP,4009.22,0.466,3998.715772532,0.0,"[{""side"": ""SELL"", ""price"": ""0"", ""qty"": ""0"", ""reduceOnly"": true}, {""side"": ""BUY"", ""price"": ""3977.92"", ""qty"": ""0.025"", ""reduceOnly"": false}, {""side"": ""BUY"", ""price"": ""3962.28"", ""qty"": ""0.025"", ""reduceOnly"": false}, {""side"": ""BUY"", ""price"": ""3946.65"", ""qty"": ""0.025"", ""reduceOnly"": false}, {""side"": ""BUY"", ""price"": ""3993.55"", ""qty"": ""0.025"", ""reduceOnly"": false}]","[{""price"": ""0"", ""qty"": ""0"", ""clientOrderId"": ""x-Cb7ytekJ1adddd9ef99eab4b6eeb90""}]",3842.77,v1,ETHUSDT
2025-09-28T14:06:45.407421+00:00,"{'tipo': 'SOPORTE', 'precio': 3000.0, 'volumen': 1517.9060000000002}",4009.99,0.466,3998.715772532,0.0,"[{""side"": ""SELL"", ""price"": ""0"", ""qty"": ""0"", ""reduceOnly"": true}, {""side"": ""BUY"", ""price"": ""3977.92"", ""qty"": ""0.025"", ""reduceOnly"": false}, {""side"": ""BUY"", ""price"": ""3962.28"", ""qty"": ""0.025"", ""reduceOnly"": false}, {""side"": ""BUY"", ""price"": ""3946.65"", ""qty"": ""0.025"", ""reduceOnly"": false}, {""side"": ""BUY"", ""price"": ""3993.55"", ""qty"": ""0.025"", ""reduceOnly"": false}]","[{""price"": ""0"", ""qty"": ""0"", ""clientOrderId"": ""x-Cb7ytekJ1adddd9ef99eab4b6eeb90""}]",3842.77,v1,ETHUSDT
2025-09-28T14:06:47.878956+00:00,"{'tipo': 'SOPORTE', 'precio': 3000.0, 'volumen': 1517.9060000000002}",4010.0,0.466,3998.715772532,0.0,"[{""side"": ""SELL"", ""price"": ""0"", ""qty"": ""0"", ""reduceOnly"": true}]","[{""price"": ""0"", ""qty"": ""0"", ""clientOrderId"": ""x-Cb7ytekJ5f1e0ec34265f549633658""}]",3842.77,v1,ETHUSDT
2025-09-28T14:09:45.456494+00:00,"{'tipo': 'SOPORTE', 'precio': 3910.6, 'volumen': 684.9489999999998}",4010.49,0.466,3998.715772532,0.0,"[{""side"": ""SELL"", ""price"": ""0"", ""qty"": ""0"", ""reduceOnly"": true}]","[{""price"": ""0"", ""qty"": ""0"", ""clientOrderId"": ""x-Cb7ytekJ5f1e0ec34265f549633658""}]",3842.77,v1,ETHUSDT
2025-09-28T14:09:47.902258+00:00,"{'tipo': 'SOPORTE', 'precio': 3910.6, 'volumen': 684.9489999999998}",4010.5,0.466,3998.715772532,0.0,"[{""side"": ""SELL"", ""price"": ""0"", ""qty"": ""0"", ""reduceOnly"": true}]","[{""price"": ""0"", ""qty"": ""0"", ""clientOrderId"": ""x-Cb7ytekJ1f794f01a7fd5bd06b3e0e""}]",3842.77,v1,ETHUSDT
2025-09-28T14:12:45.523040+00:00,"{'tipo': 'SOPORTE', 'precio': 200.0, 'volumen': 1517.221}",4012.55,0.466,3998.715772532,0.0,"[{""side"": ""SELL"", ""price"": ""0"", ""qty"": ""0"", ""reduceOnly"": true}]","[{""price"": ""0"", ""qty"": ""0"", ""clientOrderId"": ""x-Cb7ytekJ1f794f01a7fd5bd06b3e0e""}]",3842.77,v1,ETHUSDT
2025-09-28T14:12:47.987642+00:00,"{'tipo': 'SOPORTE', 'precio': 200.0, 'volumen': 1517.221}",4012.97,0.466,3998.715772532,0.0,"[{""side"": ""SELL"", ""price"": ""0"", ""qty"": ""0"", ""reduceOnly"": true}]","[{""price"": ""0"", ""qty"": ""0"", ""clientOrderId"": ""x-Cb7ytekJd5f17038b86514d32038b3""}]",3842.77,v1,ETHUSDT
2025-09-28T14:15:45.541972+00:00,"{'tipo': 'SOPORTE', 'precio': 3000.0, 'volumen': 1655.135}",4014.08,0.466,3998.715772532,0.0,"[{""side"": ""SELL"", ""price"": ""0"", ""qty"": ""0"", ""reduceOnly"": true}]","[{""price"": ""0"", ""qty"": ""0"", ""clientOrderId"": ""x-Cb7ytekJd5f17038b86514d32038b3""}]",3842.77,v1,ETHUSDT
2025-09-28T14:15:47.996508+00:00,"{'tipo': 'SOPORTE', 'precio': 3000.0, 'volumen': 1655.135}",4014.07,0.466,3998.715772532,0.0,"[{""side"": ""SELL"", ""price"": ""0"", ""qty"": ""0"", ""reduceOnly"": true}]","[{""price"": ""0"", ""qty"": ""0"", ""clientOrderId"": ""x-Cb7ytekJa547a6e7ff5154848e9cfe""}]",3842.77,v1,ETHUSDT
2025-09-28T14:18:45.540526+00:00,"{'tipo': 'SOPORTE', 'precio': 3000.0, 'volumen': 1621.851}",4012.99,0.466,3998.715772532,0.0,"[{""side"": ""SELL"", ""price"": ""0"", ""qty"": ""0"", ""reduceOnly"": true}]","[{""price"": ""0"", ""qty"": ""0"", ""clientOrderId"": ""x-Cb7ytekJa547a6e7ff5154848e9cfe""}]",3842.77,v1,ETHUSDT
2025-09-28T14:18:47.994028+00:00,"{'tipo': 'SOPORTE', 'precio': 3000.0, 'volumen': 1621.851}",4013.0,0.466,3998.715772532,0.0,"[{""side"": ""SELL"", ""price"": ""0"", ""qty"": ""0"", ""reduceOnly"": true}]","[{""price"": ""0"", ""qty"": ""0"", ""clientOrderId"": ""x-Cb7ytekJe99f5c1b9dcc034ae98358""}]",3842.77,v1,ETHUSDT
2025-09-28T14:21:45.574833+00:00,"{'tipo': 'SOPORTE', 'precio': 200.0, 'volumen': 1607.509}",4018.27,0.466,3998.715772532,0.0,"[{""side"": ""SELL"", ""price"": ""0"", ""qty"": ""0"", ""reduceOnly"": true}]","[{""price"": ""0"", ""qty"": ""0"", ""clientOrderId"": ""x-Cb7ytekJe99f5c1b9dcc034ae98358""}]",3842.77,v1,ETHUSDT
2025-09-28T14:21:48.026353+00:00,"{'tipo': 'SOPORTE', 'precio': 200.0, 'volumen': 1607.509}",0.0,0.466,3998.715772532,0.0,"[{""side"": ""SELL"", ""price"": ""0"", ""qty"": ""0"", ""reduceOnly"": true}]","[{""price"": ""0"", ""qty"": ""0"", ""clientOrderId"": ""x-Cb7ytekJ417e7b3dae43bb33a84ef""}]",3842.77,v1,ETHUSDT
2025-09-28T14:24:45.639541+00:00,"{'tipo': 'SOPORTE', 'precio': 200.0, 'volumen': 116.475}",4020.66,0.466,3998.715772532,0.0,"[{""side"": ""SELL"", ""price"": ""0"", ""qty"": ""0"", ""reduceOnly"": true}]","[{""price"": ""0"", ""qty"": ""0"", ""clientOrderId"": ""x-Cb7ytekJ417e7b3dae43bb33a84ef""}]",3842.77,v1,ETHUSDT
2025-09-28T14:24:48.113079+00:00,"{'tipo': 'SOPORTE', 'precio': 200.0, 'volumen': 116.475}",4020.3,0.466,3998.715772532,0.0,"[{""side"": ""SELL"", ""price"": ""0"", ""qty"": ""0"", ""reduceOnly"": true}]","[{""price"": ""0"", ""qty"": ""0"", ""clientOrderId"": ""x-Cb7ytekJcd437b821ec904d5a307f""}]",3842.77,v1,ETHUSDT
2025-09-28T14:26:44.487587+00:00,,4024.34,0.0,0.0,0.0,"[{""side"": ""SELL"", ""price"": ""0"", ""qty"": ""0"", ""reduceOnly"": true}]","[{""price"": ""0"", ""qty"": ""0"", ""clientOrderId"": ""x-Cb7ytekJcd437b821ec904d5a307f""}]",3842.77,v1,ETHUSDT
2025-09-28T14:28:36.721303+00:00,,4019.75,0.0,0.0,0.0,"[{""side"": ""BUY"", ""price"": ""3994.16"", ""qty"": ""0.025"", ""reduceOnly"": false}]",[],,v1,ETHUSDT
2025-09-28T14:28:51.738316+00:00,"{'tipo': 'SOPORTE', 'precio': 3000.0, 'volumen': 1682.913}",4019.99,0.0,0.0,0.0,"[{""side"": ""BUY"", ""price"": ""3999.65"", ""qty"": ""0.025"", ""reduceOnly"": false}, {""side"": ""BUY"", ""price"": ""4009.70"", ""qty"": ""0.024"", ""reduceOnly"": false}, {""side"": ""BUY"", ""price"": ""3989.60"", ""qty"": ""0.025"", ""reduceOnly"": false}]",[],,v1,ETHUSDT
2025-09-28T14:29:06.825294+00:00,"{'tipo': 'SOPORTE', 'precio': 200.0, 'volumen': 1629.631}",4019.99,0.0,0.0,0.0,"[{""side"": ""BUY"", ""price"": ""4011.15"", ""qty"": ""0.024"", ""reduceOnly"": false}, {""side"": ""BUY"", ""price"": ""4006.72"", ""qty"": ""0.024"", ""reduceOnly"": false}, {""side"": ""BUY"", ""price"": ""4015.57"", ""qty"": ""0.024"", ""reduceOnly"": false}]",[],,v1,ETHUSDT
2025-09-28T14:29:21.903838+00:00,"{'tipo': 'SOPORTE', 'precio': 3000.0, 'volumen': 1683.1260000000002}",4018.61,0.0,0.0,0.0,"[{""side"": ""BUY"", ""price"": ""4006.72"", ""qty"": ""0.024"", ""reduceOnly"": false}, {""side"": ""BUY"", ""price"": ""4015.57"", ""qty"": ""0.024"", ""reduceOnly"": false}, {""side"": ""BUY"", ""price"": ""4011.15"", ""qty"": ""0.024"", ""reduceOnly"": false}]",[],,v1,ETHUSDT
2025-09-28T14:29:36.942229+00:00,"{'tipo': 'SOPORTE', 'precio': 200.0, 'volumen': 1607.63}",4018.77,0.0,0.0,0.0,"[{""side"": ""BUY"", ""price"": ""4005.35"", ""qty"": ""0.024"", ""reduceOnly"": false}, {""side"": ""BUY"", ""price"": ""4014.19"", ""qty"": ""0.024"", ""reduceOnly"": false}, {""side"": ""BUY"", ""price"": ""4009.77"", ""qty"": ""0.024"", ""reduceOnly"": false}]",[],,v1,ETHUSDT
2025-09-28T14:29:51.960020+00:00,"{'tipo': 'SOPORTE', 'precio': 200.0, 'volumen': 1607.266}",4019.6,0.0,0.0,0.0,"[{""side"": ""BUY"", ""price"": ""4005.51"", ""qty"": ""0.024"", ""reduceOnly"": false}, {""side"": ""BUY"", ""price"": ""4009.93"", ""qty"": ""0.024"", ""reduceOnly"": false}, {""side"": ""BUY"", ""price"": ""4014.35"", ""qty"": ""0.024"", ""reduceOnly"": false}]",[],,v1,ETHUSDT
2025-09-28T14:30:06.961419+00:00,DUMP,4018.78,0.0,0.0,0.0,"[{""side"": ""BUY"", ""price"": ""4015.18"", ""qty"": ""0.024"", ""reduceOnly"": false}, {""side"": ""BUY"", ""price"": ""4010.76"", ""qty"": ""0.024"", ""reduceOnly"": false}, {""side"": ""BUY"", ""price"": ""4006.34"", ""qty"": ""0.024"", ""reduceOnly"": false}]",[],,v1,ETHUSDT
2025-09-28T14:30:21.991649+00:00,"{'tipo': 'SOPORTE', 'precio': 3000.0, 'volumen': 1606.5500000000002}",4018.18,0.0,0.0,0.0,"[{""side"": ""BUY"", ""price"": ""4003.11"", ""qty"": ""0.024"", ""reduceOnly"": false}, {""side"": ""BUY"", ""price"": ""3987.43"", ""qty"": ""0.025"", ""reduceOnly"": false}, {""side"": ""BUY"", ""price"": ""3971.76"", ""qty"": ""0.025"", ""reduceOnly"": false}, {""side"": ""BUY"", ""price"": ""3956.09"", ""qty"": ""0.025"", ""reduceOnly"": false}]",[],,v1,ETHUSDT
2025-09-28T14:30:37.049214+00:00,"{'tipo': 'SOPORTE', 'precio': 200.0, 'volumen': 1617.0400000000002}",4018.11,0.0,0.0,0.0,"[{""side"": ""BUY"", ""price"": ""4004.92"", ""qty"": ""0.024"", ""reduceOnly"": false}, {""side"": ""BUY"", ""price"": ""4009.34"", ""qty"": ""0.024"", ""reduceOnly"": false}, {""side"": ""BUY"", ""price"": ""4013.76"", ""qty"": ""0.024"", ""reduceOnly"": false}]",[],,v1,ETHUSDT
2025-09-28T14:30:52.074350+00:00,DUMP,4016.56,0.0,0.0,0.0,"[{""side"": ""BUY"", ""price"": ""4009.27"", ""qty"": ""0.024"", ""reduceOnly"": false}, {""side"": ""BUY"", ""price"": ""4013.69"", ""qty"": ""0.024"", ""reduceOnly"": false}, {""side"": ""BUY"", ""price"": ""4004.85"", ""qty"": ""0.024"", ""reduceOnly"": false}]",[],,v1,ETHUSDT
2025-09-28T14:31:07.085454+00:00,"{'tipo': 'SOPORTE', 'precio': 200.0, 'volumen': 1611.1879999999999}",4016.37,0.0,0.0,0.0,"[{""side"": ""BUY"", ""price"": ""3985.23"", ""qty"": ""0.025"", ""reduceOnly"": false}, {""side"": ""BUY"", ""price"": ""3969.57"", ""qty"": ""0.025"", ""reduceOnly"": false}, {""side"": ""BUY"", ""price"": ""4000.90"", ""qty"": ""0.024"", ""reduceOnly"": false}, {""side"": ""BUY"", ""price"": ""3953.90"", ""qty"": ""0.025"", ""reduceOnly"": false}]",[],,v1,ETHUSDT
2025-09-28T14:31:22.165434+00:00,DUMP,4017.12,0.0,0.0,0.0,"[{""side"": ""BUY"", ""price"": ""4011.95"", ""qty"": ""0.024"", ""reduceOnly"": false}, {""side"": ""BUY"", ""price"": ""4003.12"", ""qty"": ""0.024"", ""reduceOnly"": false}, {""side"": ""BUY"", ""price"": ""4007.53"", ""qty"": ""0.024"", ""reduceOnly"": false}]",[],,v1,ETHUSDT
2025-09-28T14:31:43.024714+00:00,,4018.4,0.0,0.0,0.0,"[{""side"": ""BUY"", ""price"": ""3954.45"", ""qty"": ""0.025"", ""reduceOnly"": false}, {""side"": ""BUY"", ""price"": ""4001.45"", ""qty"": ""0.024"", ""reduceOnly"": false}, {""side"": ""BUY"", ""price"": ""3985.79"", ""qty"": ""0.025"", ""reduceOnly"": false}, {""side"": ""BUY"", ""price"": ""3970.12"", ""qty"": ""0.025"", ""reduceOnly"": false}]",[],,v1,ETHUSDT
2025-09-28T14:31:58.039282+00:00,DUMP,4018.33,0.0,0.0,0.0,[],[],,v1,ETHUSDT
2025-09-28T14:32:13.106547+00:00,"{'tipo': 'SOPORTE', 'precio': 3000.0, 'volumen': 1661.756}",4018.34,0.0,0.0,0.0,"[{""side"": ""BUY"", ""price"": ""3929.93"", ""qty"": ""0.025"", ""reduceOnly"": false}, {""side"": ""BUY"", ""price"": ""3974.13"", ""qty"": ""0.025"", ""reduceOnly"": false}, {""side"": ""BUY"", ""price"": ""3996.23"", ""qty"": ""0.025"", ""reduceOnly"": false}, {""side"": ""BUY"", ""price"": ""3952.03"", ""qty"": ""0.025"", ""reduceOnly"": false}]",[],,v1,ETHUSDT
2025-09-28T14:32:28.097877+00:00,"{'tipo': 'SOPORTE', 'precio': 3615.67, 'volumen': 267.64}",4017.61,0.0,0.0,0.0,"[{""side"": ""BUY"", ""price"": ""3999.05"", ""qty"": ""0.025"", ""reduceOnly"": false}, {""side"": ""BUY"", ""price"": ""4005.48"", ""qty"": ""0.024"", ""reduceOnly"": false}, {""side"": ""BUY"", ""price"": ""4011.91"", ""qty"": ""0.024"", ""reduceOnly"": false}]",[],,v1,ETHUSDT
2025-09-28T14:32:43.134340+00:00,"{'tipo': 'SOPORTE', 'precio': 200.0, 'volumen': 1690.7579999999998}",4017.23,0.0,0.0,0.0,"[{""side"": ""BUY"", ""price"": ""4004.75"", ""qty"": ""0.024"", ""reduceOnly"": false}, {""side"": ""BUY"", ""price"": ""4011.18"", ""qty"": ""0.024"", ""reduceOnly"": false}, {""side"": ""BUY"", ""price"": ""3998.33"", ""qty"": ""0.025"", ""reduceOnly"": false}]",[],,v1,ETHUSDT
2025-09-28T14:32:58.166240+00:00,"{'tipo': 'SOPORTE', 'precio': 200.0, 'volumen': 1608.452}",4017.78,0.0,0.0,0.0,"[{""side"": ""BUY"", ""price"": ""4010.80"", ""qty"": ""0.024"", ""reduceOnly"": false}, {""side"": ""BUY"", ""price"": ""4004.37"", ""qty"": ""0.024"", ""reduceOnly"": false}, {""side"": ""BUY"", ""price"": ""3997.95"", ""qty"": ""0.025"", ""reduceOnly"": false}]",[],,v1,ETHUSDT
2025-09-28T14:33:13.179794+00:00,DUMP,4018.32,0.0,0.0,0.0,"[{""side"": ""BUY"", ""price"": ""3998.49"", ""qty"": ""0.025"", ""reduceOnly"": false}, {""side"": ""BUY"", ""price"": ""4004.92"", ""qty"": ""0.024"", ""reduceOnly"": false}, {""side"": ""BUY"", ""price"": ""4011.35"", ""qty"": ""0.024"", ""reduceOnly"": false}]",[],,v1,ETHUSDT
2025-09-28T14:33:28.284076+00:00,"{'tipo': 'SOPORTE', 'precio': 3000.0, 'volumen': 1831.7649999999999}",4016.6,0.0,0.0,0.0,"[{""side"": ""BUY"", ""price"": ""3929.92"", ""qty"": ""0.025"", ""reduceOnly"": false}, {""side"": ""BUY"", ""price"": ""3952.02"", ""qty"": ""0.025"", ""reduceOnly"": false}, {""side"": ""BUY"", ""price"": ""3974.12"", ""qty"": ""0.025"", ""reduceOnly"": false}, {""side"": ""BUY"", ""price"": ""3996.22"", ""qty"": ""0.025"", ""reduceOnly"": false}]",[],,v1,ETHUSDT
2025-09-28T14:33:43.302217+00:00,"{'tipo': 'SOPORTE', 'precio': 200.0, 'volumen': 1607.276}",4017.89,0.0,0.0,0.0,"[{""side"": ""BUY"", ""price"": ""3997.32"", ""qty"": ""0.025"", ""reduceOnly"": false}, {""side"": ""BUY"", ""price"": ""4010.17"", ""qty"": ""0.024"", ""reduceOnly"": false}, {""side"": ""BUY"", ""price"": ""4003.75"", ""qty"": ""0.024"", ""reduceOnly"": false}]",[],,v1,ETHUSDT
2025-09-28T14:33:58.382029+00:00,DUMP,4016.61,0.0,0.0,0.0,"[{""side"": ""BUY"", ""price"": ""3998.60"", ""qty"": ""0.025"", ""reduceOnly"": false}, {""side"": ""BUY"", ""price"": ""4011.46"", ""qty"": ""0.024"", ""reduceOnly"": false}, {""side"": ""BUY"", ""price"": ""4005.03"", ""qty"": ""0.024"", ""reduceOnly"": false}]",[],,v1,ETHUSDT
2025-09-28T14:34:13.386457+00:00,"{'tipo': 'SOPORTE', 'precio': 3000.0, 'volumen': 1610.377}",4017.73,0.0,0.0,0.0,"[{""side"": ""BUY"", ""price"": ""3994.52"", ""qty"": ""0.025"", ""reduceOnly"": false}, {""side"": ""BUY"", ""price"": ""3972.43"", ""qty"": ""0.025"", ""reduceOnly"": false}, {""side"": ""BUY"", ""price"": ""3950.34"", ""qty"": ""0.025"", ""reduceOnly"": false}, {""side"": ""BUY"", ""price"": ""3928.24"", ""qty"": ""0.025"", ""reduceOnly"": false}]",[],,v1,ETHUSDT
2025-09-28T14:34:45.085933+00:00,,4017.72,0.0,0.0,0.0,"[{""side"": ""BUY"", ""price"": ""4004.87"", ""qty"": ""0.024"", ""reduceOnly"": false}, {""side"": ""BUY"", ""price"": ""4011.30"", ""qty"": ""0.024"", ""reduceOnly"": false}, {""side"": ""BUY"", ""price"": ""3998.44"", ""qty"": ""0.025"", ""reduceOnly"": false}]",[],,v1,ETHUSDT
2025-09-28T14:34:50.188378+00:00,DUMP,4017.67,0.0,0.0,0.0,"[{""side"": ""BUY"", ""price"": ""3989.19"", ""qty"": ""0.025"", ""reduceOnly"": false}, {""side"": ""BUY"", ""price"": ""3974.93"", ""qty"": ""0.025"", ""reduceOnly"": false}, {""side"": ""BUY"", ""price"": ""4003.46"", ""qty"": ""0.024"", ""reduceOnly"": false}, {""side"": ""BUY"", ""price"": ""3960.67"", ""qty"": ""0.025"", ""reduceOnly"": false}]",[],,v1,ETHUSDT
2025-09-28T14:34:55.249454+00:00,"{'tipo': 'SOPORTE', 'precio': 3868.0, 'volumen': 274.11699999999996}",4017.66,0.0,0.0,0.0,"[{""side"": ""BUY"", ""price"": ""3995.57"", ""qty"": ""0.025"", ""reduceOnly"": false}, {""side"": ""BUY"", ""price"": ""3973.48"", ""qty"": ""0.025"", ""reduceOnly"": false}, {""side"": ""BUY"", ""price"": ""3929.28"", ""qty"": ""0.025"", ""reduceOnly"": false}, {""side"": ""BUY"", ""price"": ""3951.38"", ""qty"": ""0.025"", ""reduceOnly"": false}]",[],,v1,ETHUSDT
2025-09-28T14:35:00.350968+00:00,"{'tipo': 'SOPORTE', 'precio': 3917.66, 'volumen': 236.93599999999998}",4017.65,0.0,0.0,0.0,"[{""side"": ""BUY"", ""price"": ""3998.38"", ""qty"": ""0.025"", ""reduceOnly"": false}, {""side"": ""BUY"", ""price"": ""4011.23"", ""qty"": ""0.024"", ""reduceOnly"": false}, {""side"": ""BUY"", ""price"": ""4004.80"", ""qty"": ""0.024"", ""reduceOnly"": false}]",[],,v1,ETHUSDT
2025-09-28T14:35:05.359448+00:00,"{'tipo': 'SOPORTE', 'precio': 3615.88, 'volumen': 374.44}",4017.65,0.0,0.0,0.0,"[{""side"": ""BUY"", ""price"": ""3998.37"", ""qty"": ""0.025"", ""reduceOnly"": false}, {""side"": ""BUY"", ""price"": ""4004.79"", ""qty"": ""0.024"", ""reduceOnly"": false}, {""side"": ""BUY"", ""price"": ""4011.22"", ""qty"": ""0.024"", ""reduceOnly"": false}]",[],,v1,ETHUSDT
2025-09-28T14:35:10.363534+00:00,"{'tipo': 'SOPORTE', 'precio': 3857.28, 'volumen': 266.369}",4017.99,0.0,0.0,0.0,"[{""side"": ""BUY"", ""price"": ""4011.22"", ""qty"": ""0.024"", ""reduceOnly"": false}, {""side"": ""BUY"", ""price"": ""3998.37"", ""qty"": ""0.025"", ""reduceOnly"": false}, {""side"": ""BUY"", ""price"": ""4004.79"", ""qty"": ""0.024"", ""reduceOnly"": false}]",[],,v1,ETHUSDT
2025-09-28T14:35:15.407687+00:00,"{'tipo': 'SOPORTE', 'precio': 200.0, 'volumen': 1652.444}",4018.26,0.0,0.0,0.0,"[{""side"": ""BUY"", ""price"": ""3998.70"", ""qty"": ""0.025"", ""reduceOnly"": false}, {""side"": ""BUY"", ""price"": ""4005.13"", ""qty"": ""0.024"", ""reduceOnly"": false}, {""side"": ""BUY"", ""price"": ""4011.56"", ""qty"": ""0.024"", ""reduceOnly"": false}]",[],,v1,ETHUSDT
2025-09-28T14:35:20.425328+00:00,"{'tipo': 'SOPORTE', 'precio': 3917.8, 'volumen': 1179.792}",4017.81,0.0,0.0,0.0,"[{""side"": ""BUY"", ""price"": ""3998.97"", ""qty"": ""0.025"", ""reduceOnly"": false}, {""side"": ""BUY"", ""price"": ""4005.40"", ""qty"": ""0.024"", ""reduceOnly"": false}, {""side"": ""BUY"", ""price"": ""4011.83"", ""qty"": ""0.024"", ""reduceOnly"": false}]",[],,v1,ETHUSDT
2025-09-28T14:35:25.470577+00:00,"{'tipo': 'SOPORTE', 'precio': 3000.0, 'volumen': 1614.9660000000001}",4017.81,0.0,0.0,0.0,"[{""side"": ""BUY"", ""price"": ""4004.95"", ""qty"": ""0.024"", ""reduceOnly"": false}, {""side"": ""BUY"", ""price"": ""4011.38"", ""qty"": ""0.024"", ""reduceOnly"": false}, {""side"": ""BUY"", ""price"": ""3998.52"", ""qty"": ""0.025"", ""reduceOnly"": false}]",[],,v1,ETHUSDT
2025-09-28T14:35:30.545641+00:00,"{'tipo': 'SOPORTE', 'precio': 3000.0, 'volumen': 1610.472}",4017.69,0.0,0.0,0.0,"[{""side"": ""BUY"", ""price"": ""3998.52"", ""qty"": ""0.025"", ""reduceOnly"": false}, {""side"": ""BUY"", ""price"": ""4004.95"", ""qty"": ""0.024"", ""reduceOnly"": false}, {""side"": ""BUY"", ""price"": ""4011.38"", ""qty"": ""0.024"", ""reduceOnly"": false}]",[],,v1,ETHUSDT
2025-09-28T14:35:35.604139+00:00,"{'tipo': 'SOPORTE', 'precio': 3000.0, 'volumen': 1684.571}",4017.69,0.0,0.0,0.0,"[{""side"": ""BUY"", ""price"": ""4011.26"", ""qty"": ""0.024"", ""reduceOnly"": false}, {""side"": ""BUY"", ""price"": ""3998.41"", ""qty"": ""0.025"", ""reduceOnly"": false}, {""side"": ""BUY"", ""price"": ""4004.83"", ""qty"": ""0.024"", ""reduceOnly"": false}]",[],,v1,ETHUSDT
2025-09-28T14:35:40.606239+00:00,"{'tipo': 'SOPORTE', 'precio': 3000.0, 'volumen': 1607.8790000000001}",4017.69,0.0,0.0,0.0,"[{""side"": ""BUY"", ""price"": ""3998.41"", ""qty"": ""0.025"", ""reduceOnly"": false}, {""side"": ""BUY"", ""price"": ""4004.83"", ""qty"": ""0.024"", ""reduceOnly"": false}, {""side"": ""BUY"", ""price"": ""4011.26"", ""qty"": ""0.024"", ""reduceOnly"": false}]",[],,v1,ETHUSDT
2025-09-28T14:35:45.611985+00:00,"{'tipo': 'SOPORTE', 'precio': 200.0, 'volumen': 1033.567}",4017.44,0.0,0.0,0.0,"[{""side"": ""BUY"", ""price"": ""4004.83"", ""qty"": ""0.024"", ""reduceOnly"": false}, {""side"": ""BUY"", ""price"": ""4011.26"", ""qty"": ""0.024"", ""reduceOnly"": false}, {""side"": ""BUY"", ""price"": ""3998.41"", ""qty"": ""0.025"", ""reduceOnly"": false}]",[],,v1,ETHUSDT
2025-09-28T14:35:50.703272+00:00,"{'tipo': 'SOPORTE', 'precio': 200.0, 'volumen': 1570.4170000000001}",4017.45,0.0,0.0,0.0,"[{""side"": ""BUY"", ""price"": ""4011.01"", ""qty"": ""0.024"", ""reduceOnly"": false}, {""side"": ""BUY"", ""price"": ""4004.58"", ""qty"": ""0.024"", ""reduceOnly"": false}, {""side"": ""BUY"", ""price"": ""3998.16"", ""qty"": ""0.025"", ""reduceOnly"": false}]",[],,v1,ETHUSDT
2025-09-28T14:35:55.723968+00:00,"{'tipo': 'SOPORTE', 'precio': 3000.0, 'volumen': 1670.9430000000002}",4017.45,0.0,0.0,0.0,"[{""side"": ""BUY"", ""price"": ""4011.02"", ""qty"": ""0.024"", ""reduceOnly"": false}, {""side"": ""BUY"", ""price"": ""4004.59"", ""qty"": ""0.024"", ""reduceOnly"": false}, {""side"": ""BUY"", ""price"": ""3998.17"", ""qty"": ""0.025"", ""reduceOnly"": false}]",[],,v1,ETHUSDT
2025-09-28T14:36:00.796541+00:00,"{'tipo': 'SOPORTE', 'precio': 3000.0, 'volumen': 1631.248}",4017.44,0.0,0.0,0.0,"[{""side"": ""BUY"", ""price"": ""4011.02"", ""qty"": ""0.024"", ""reduceOnly"": false}, {""side"": ""BUY"", ""price"": ""3998.17"", ""qty"": ""0.025"", ""reduceOnly"": false}, {""side"": ""BUY"", ""price"": ""4004.59"", ""qty"": ""0.024"", ""reduceOnly"": false}]",[],,v1,ETHUSDT
2025-09-28T14:36:05.859845+00:00,"{'tipo': 'SOPORTE', 'precio': 200.0, 'volumen': 1668.112}",4017.45,0.0,0.0,0.0,"[{""side"": ""BUY"", ""price"": ""3998.16"", ""qty"": ""0.025"", ""reduceOnly"": false}, {""side"": ""BUY"", ""price"": ""4011.01"", ""qty"": ""0.024"", ""reduceOnly"": false}, {""side"": ""BUY"", ""price"": ""4004.58"", ""qty"": ""0.024"", ""reduceOnly"": false}]",[],,v1,ETHUSDT
2025-09-28T14:36:10.946996+00:00,"{'tipo': 'SOPORTE', 'precio': 200.0, 'volumen': 1638.686}",4017.2,0.0,0.0,0.0,"[{""side"": ""BUY"", ""price"": ""4004.59"", ""qty"": ""0.024"", ""reduceOnly"": false}, {""side"": ""BUY"", ""price"": ""4011.02"", ""qty"": ""0.024"", ""reduceOnly"": false}, {""side"": ""BUY"", ""price"": ""3998.17"", ""qty"": ""0.025"", ""reduceOnly"": false}]",[],,v1,ETHUSDT
2025-09-28T14:36:15.949111+00:00,"{'tipo': 'SOPORTE', 'precio': 200.0, 'volumen': 1663.34}",4017.21,0.0,0.0,0.0,"[{""side"": ""BUY"", ""price"": ""4010.77"", ""qty"": ""0.024"", ""reduceOnly"": false}, {""side"": ""BUY"", ""price"": ""3997.92"", ""qty"": ""0.025"", ""reduceOnly"": false}, {""side"": ""BUY"", ""price"": ""4004.34"", ""qty"": ""0.024"", ""reduceOnly"": false}]",[],,v1,ETHUSDT
2025-09-28T14:36:20.973225+00:00,"{'tipo': 'SOPORTE', 'precio': 200.0, 'volumen': 1634.8909999999998}",4017.21,0.0,0.0,0.0,"[{""side"": ""BUY"", ""price"": ""4004.35"", ""qty"": ""0.024"", ""reduceOnly"": false}, {""side"": ""BUY"", ""price"": ""3997.93"", ""qty"": ""0.025"", ""reduceOnly"": false}, {""side"": ""BUY"", ""price"": ""4010.78"", ""qty"": ""0.024"", ""reduceOnly"": false}]",[],,v1,ETHUSDT
2025-09-28T14:36:25.981533+00:00,"{'tipo': 'SOPORTE', 'precio': 200.0, 'volumen': 1614.8120000000001}",4017.39,0.0,0.0,0.0,"[{""side"": ""BUY"", ""price"": ""4010.78"", ""qty"": ""0.024"", ""reduceOnly"": false}, {""side"": ""BUY"", ""price"": ""4004.35"", ""qty"": ""0.024"", ""reduceOnly"": false}, {""side"": ""BUY"", ""price"": ""3997.93"", ""qty"": ""0.025"", ""reduceOnly"": false}]",[],,v1,ETHUSDT
2025-09-28T14:36:31.026614+00:00,"{'tipo': 'SOPORTE', 'precio': 3000.0, 'volumen': 1700.0100000000002}",4016.52,0.0,0.0,0.0,"[{""side"": ""BUY"", ""price"": ""3998.11"", ""qty"": ""0.025"", ""reduceOnly"": false}, {""side"": ""BUY"", ""price"": ""4010.96"", ""qty"": ""0.024"", ""reduceOnly"": false}, {""side"": ""BUY"", ""price"": ""4004.53"", ""qty"": ""0.024"", ""reduceOnly"": false}]",[],,v1,ETHUSDT
2025-09-28T14:36:36.064764+00:00,"{'tipo': 'SOPORTE', 'precio': 3000.0, 'volumen': 1610.6580000000004}",4016.1,0.0,0.0,0.0,"[{""side"": ""BUY"", ""price"": ""4010.09"", ""qty"": ""0.024"", ""reduceOnly"": false}, {""side"": ""BUY"", ""price"": ""3997.24"", ""qty"": ""0.025"", ""reduceOnly"": false}, {""side"": ""BUY"", ""price"": ""4003.67"", ""qty"": ""0.024"", ""reduceOnly"": false}]",[],,v1,ETHUSDT
2025-09-28T14:36:41.131880+00:00,"{'tipo': 'SOPORTE', 'precio': 3000.0, 'volumen': 1611.174}",4016.1,0.0,0.0,0.0,"[{""side"": ""BUY"", ""price"": ""4009.67"", ""qty"": ""0.024"", ""reduceOnly"": false}, {""side"": ""BUY"", ""price"": ""3996.82"", ""qty"": ""0.025"", ""reduceOnly"": false}, {""side"": ""BUY"", ""price"": ""4003.25"", ""qty"": ""0.024"", ""reduceOnly"": false}]",[],,v1,ETHUSDT
